{"type":"Topology","arcs":[[[70580,77669],[-18,4]],[[70562,77673],[-19,38],[109,-13],[-72,-29]],[[71880,77830],[1,-81],[-36,13],[-1,67],[36,1]],[[71910,78220],[20,-108],[-54,-41],[-1,108],[35,41]],[[71070,78763],[18,-26],[-108,-15],[-19,27],[109,14]],[[70744,78774],[54,-26],[-90,-1],[-36,-27],[-72,12],[71,41],[73,1]],[[70525,78853],[-17,-54],[-109,12],[-18,27],[91,-13],[53,28]],[[72461,78896],[19,-54],[-72,0],[17,54],[36,0]],[[70633,78948],[72,-13],[-54,-27],[-72,-1],[-19,27],[73,14]],[[70505,79027],[19,-80],[-36,-1],[17,81]],[[73396,79280],[19,-54],[-36,-13],[-91,39],[108,28]],[[71206,79342],[0,-54],[-35,-27],[-1,54],[36,27]],[[72596,79542],[55,-40],[-54,-14],[-1,54]],[[70602,79753],[-35,-94],[-36,0],[17,81],[54,13]],[[72737,79798],[-35,-67],[-19,53],[54,14]],[[72844,79893],[0,-27],[-108,-1],[-17,-53],[-55,-1],[35,68],[145,14]],[[72970,79921],[19,-40],[-36,-14],[-73,27],[0,40],[54,-27],[36,14]],[[74164,79945],[72,14],[-17,-41],[54,1],[1,-41],[-145,-1],[-1,81],[36,-13]],[[74326,80027],[1,-81],[-36,0],[-19,67],[54,14]],[[74145,80038],[36,-40],[-54,-13],[18,53]],[[70236,80046],[0,-40],[54,14],[19,-27],[-90,-14],[-20,67],[37,0]],[[75193,80141],[18,-26],[-108,-15],[17,41],[73,0]],[[74524,80095],[-19,41],[108,54],[-72,-54],[-17,-41]],[[72967,80109],[19,-26],[-91,-1],[54,27],[-1,94],[36,14],[1,-108],[-18,0]],[[70414,80222],[1,-54],[-36,0],[35,54]],[[73182,80286],[1,-54],[-55,26],[-1,41],[55,-13]],[[74593,80338],[37,-67],[-54,-54],[-36,13],[53,108]],[[74737,80352],[72,28],[19,-40],[-36,-41],[-54,13],[-1,40]],[[74593,80338],[-73,-14],[-19,67],[36,0],[56,-53]],[[74737,80352],[-72,0],[17,54],[36,27],[19,-81]],[[75115,80477],[-54,-1],[18,27],[54,1],[-18,-27]],[[70391,80531],[19,-67],[-36,-14],[-37,67],[54,14]],[[75330,80666],[36,-26],[-54,-27],[-1,80],[19,-27]],[[74351,80752],[0,-27],[55,1],[18,-27],[-127,12],[54,41]],[[71039,80738],[-108,-14],[1,-27],[126,14]],[[71058,80711],[-90,-27],[-55,13],[-19,67],[73,0],[72,-26]],[[71058,80711],[-19,27]],[[71039,80738],[0,27],[91,1],[0,-27],[-72,-28]],[[74241,80859],[19,-54],[72,1],[1,-27],[-109,26],[17,54]],[[72012,81055],[37,-40],[-109,-14],[0,27],[72,27]],[[72193,81057],[36,0]],[[72229,81057],[-36,0]],[[72193,81057],[-37,26],[145,15],[54,-27],[127,-12],[-217,-2],[-54,-27],[-18,27]],[[71829,81148],[109,-26],[-126,-1],[17,27]],[[71829,81148],[-72,-1],[2,-94],[-39,147],[90,28],[37,-53],[-18,-27]],[[71736,81335],[1,-27],[72,1],[-108,-28],[35,54]],[[72224,81352],[19,-13],[-17,-94],[-36,0],[-1,53],[35,54]],[[71609,81361],[37,-67],[-54,-1],[17,68]],[[71734,81456],[-53,-54],[-55,39],[108,15]],[[75407,81500],[1,-27],[181,15],[-18,-40],[55,-13],[-181,-2],[-55,27],[17,40]],[[71806,81524],[54,-13],[1,-41],[-181,-1],[-1,27],[73,0],[54,28]],[[71607,81522],[37,-54],[-91,0],[54,54]],[[75206,81633],[55,-13],[0,-41],[-36,27],[-54,-1],[35,28]],[[75803,81651],[73,-26],[-199,-2],[0,14],[108,0],[18,14]],[[76110,81721],[19,-54],[-54,-14],[-1,68],[36,0]],[[75041,81766],[1,-54],[-36,13],[35,41]],[[74770,81790],[-36,-40],[-19,53],[55,-13]],[[75327,82064],[18,-41],[-36,-13],[-19,53],[37,1]],[[74056,82322],[18,-41],[-145,26],[127,15]],[[73766,82346],[54,-26],[19,-40],[-55,26],[-54,-14],[36,54]],[[74436,82285],[-18,40],[35,27],[20,-107],[-90,-1],[53,41]],[[75967,82794],[18,-26],[-54,-1],[0,41],[90,27],[0,-27],[-54,-14]],[[75999,83090],[17,68],[36,0],[-53,-68]],[[73210,83188],[37,-27],[-36,-40],[-55,26],[54,41]],[[73879,83247],[18,-40],[-36,-14],[-37,54],[55,0]],[[73733,83340],[36,-40],[-35,-41],[-37,40],[-72,-14],[-109,26],[163,2],[54,27]],[[73151,83523],[1,-80],[-36,-28],[-2,108],[37,0]],[[73692,83635],[1,-67],[-54,-14],[-19,54],[72,27]],[[73000,83871],[38,-53],[-73,39],[35,14]],[[72944,84032],[-19,54],[36,-14],[56,-66],[-91,-1],[18,27]],[[70878,84203],[0,-27],[91,-26],[-90,-1],[-55,53],[54,1]],[[72470,84229],[1,-53],[54,14],[19,-27],[-91,-1],[-19,67],[36,0]],[[72307,84255],[37,-40],[-73,-1],[36,41]],[[70911,84404],[-17,-67],[-36,-14],[16,108],[91,14],[-54,-41]],[[75194,84830],[56,-80],[-73,40],[17,40]],[[71029,84956],[-17,-40],[-127,-1],[108,14],[36,27]],[[70737,85128],[19,-40],[-54,-14],[36,-26],[-17,-54],[-37,26],[-1,95],[54,13]],[[74953,85231],[35,27],[1,-54],[73,-12],[54,14],[-36,-41],[-127,39],[0,27]],[[70699,85249],[-36,-27],[-37,53],[72,14],[1,-40]],[[74624,85443],[55,-66],[-91,26],[-1,40],[37,0]],[[70708,85840],[55,-40],[-73,13],[1,-67],[-36,0],[-19,94],[53,27],[73,1],[-54,-28]],[[69474,86313],[-2,14]],[[69472,86327],[2,-14]],[[69468,86354],[-2,13]],[[69466,86367],[2,-13]],[[69461,86434],[-1,27]],[[69460,86461],[1,-27]],[[69685,86839],[12,28]],[[69697,86867],[-12,-28]],[[69708,86893],[6,15]],[[69714,86908],[-6,-15]],[[74962,86964],[2,-80],[-55,53],[53,27]],[[69719,86920],[12,27]],[[69731,86947],[-12,-27]],[[74925,87031],[19,-40],[-73,13],[-36,-14],[-18,40],[108,1]],[[69737,86974],[11,56]],[[69748,87030],[73,12],[0,-27],[-72,-1],[-12,-40]],[[74923,87192],[37,-40],[-55,0],[-1,67],[91,1],[-72,-28]],[[74938,87367],[37,-40],[-18,-27],[-54,13],[35,54]],[[36764,67],[19,-67],[-36,0],[-19,67],[36,0]],[[36562,240],[-162,-28],[0,40],[180,2],[-18,-14]],[[36363,279],[1,-27],[-109,12],[36,41],[180,2],[-108,-28]],[[39889,1022],[37,-54],[-72,-14],[18,27],[-55,13],[72,28]],[[40695,1418],[19,-53],[-72,-1],[-19,27],[72,27]],[[38979,1538],[90,0],[-54,-27],[19,-54],[-72,0],[-37,53],[54,28]],[[37858,1635],[0,-27],[73,-39],[-72,-1],[-1,67]],[[38597,1682],[-108,12],[34,135],[90,1],[1,-40],[-55,-1],[38,-107]],[[37837,1810],[36,13],[1,-53],[36,-27],[-108,-28],[0,41],[-73,39],[17,68],[37,-40],[54,-13]],[[38035,1865],[-18,-40],[-19,53],[37,-13]],[[38522,1869],[0,14]],[[38522,1883],[126,28],[72,-13],[1,-81],[-36,40],[-126,-14],[-37,26]],[[38522,1883],[0,-14]],[[38522,1869],[-54,-27],[-1,67],[-53,-27],[-73,-1],[162,55],[19,-53]],[[37871,1958],[37,-94],[-53,-14],[-20,81],[36,27]],[[38393,2056],[90,1],[55,-80],[-89,-28],[-38,81],[-17,-54],[-55,26],[54,54]],[[38031,2093],[1,-40],[-72,0],[71,40]],[[41118,2080],[1,-40],[-73,13],[35,94],[72,27],[1,-94],[-36,0]],[[38446,2137],[71,41],[-17,-54],[-54,13]],[[41927,2302],[36,-40]],[[41963,2262],[18,40],[-54,0]],[[41963,2262],[19,-27]],[[41982,2235],[-19,27]],[[41927,2302],[17,27],[55,-40],[108,28],[-17,-40],[54,0],[-36,-54],[-36,27],[-17,-41],[-91,13],[-72,-14],[-1,67],[36,27]],[[38446,2137],[0,-53],[-53,-28]],[[38393,2056],[-19,40]],[[38374,2096],[-54,-13],[1,-54],[-54,-41],[-18,27],[17,67],[-126,-14],[-1,40],[127,-13],[-19,27],[-54,-14],[-37,54]],[[38156,2162],[-90,12],[53,41]],[[38119,2215],[-19,67],[36,0]],[[38136,2282],[19,-13]],[[38155,2269],[-18,-27],[90,1],[-35,-27],[18,-40],[54,14]],[[38264,2190],[72,14],[-1,80],[72,14]],[[38407,2298],[-53,-54],[54,-26],[-18,40],[90,1],[-37,40]],[[38443,2299],[18,13]],[[38461,2312],[36,0],[1,-67],[37,-40],[-108,-14],[0,-27],[-126,-14],[-18,-27],[108,27],[55,-13]],[[38264,2190],[1,-14]],[[38265,2176],[-1,14]],[[38461,2312],[-18,-13]],[[38443,2299],[-36,-1]],[[38407,2298],[-73,26]],[[38334,2324],[145,15],[-18,-27]],[[41620,2313],[54,-13],[-1,40],[-53,-27]],[[41620,2313],[-1,40],[54,14],[37,-40],[72,1],[1,-54],[-73,40],[-17,-41],[-91,-14],[18,54]],[[38334,2324],[-53,-67],[-54,-1],[36,41],[-1,54],[72,-27]],[[38155,2269],[-19,13]],[[38136,2282],[0,54],[89,28],[19,-40],[-54,13],[19,-67],[-54,-1]],[[39470,2428],[19,-53],[-90,-28],[-1,54],[72,27]],[[42157,2559],[37,-40],[2,-121],[-36,-27],[-2,135],[-37,53],[36,0]],[[39016,2586],[37,-27],[-73,-1],[36,28]],[[38798,2664],[-17,-40],[-55,53],[72,14],[0,-27]],[[42350,2910],[37,-26],[90,41],[0,-54],[-72,-14],[21,-148],[-17,-54],[-72,-40],[-72,-1],[0,-27],[-90,-14],[-55,67],[180,1],[36,14],[-1,54],[37,0],[-20,80],[-36,-13],[-126,-2],[17,41]],[[42207,2815],[71,121],[72,-26]],[[42315,2856],[19,-40],[54,-13],[-19,67],[-54,-14]],[[42188,2936],[-36,-54],[17,80],[19,-26]],[[42350,2910],[35,68]],[[42385,2978],[73,-13],[-53,-54],[-55,-1]],[[47945,3012],[-90,-27],[89,54],[1,-27]],[[42385,2978],[-18,26],[-54,-14],[-1,54],[91,-26],[-18,-40]],[[33105,3111],[-36,0],[17,81],[54,0],[1,-53],[-36,-28]],[[43608,3284],[18,-13],[-53,-55],[-1,68],[36,0]],[[41804,3214],[35,68],[72,14],[1,-40],[-108,-42]],[[44510,3332],[37,-40],[-90,-14],[53,54]],[[44094,3355],[-17,-67],[-36,40],[53,27]],[[44310,3397],[19,-40],[36,14],[37,-53],[-72,-1],[17,27],[-72,-1],[35,54]],[[43913,3394],[-72,-14],[18,27],[54,-13]],[[46820,3365],[-19,40],[109,1],[1,-80],[-36,-27],[-54,13],[-1,53]],[[44183,3437],[19,-27],[72,0],[-18,-27],[-126,13],[53,41]],[[42920,3412],[-16,-121],[-2,108],[18,13]],[[43499,3363],[-55,13],[-35,-27],[-1,54],[108,-12],[-19,53],[73,-26],[1,-67],[-54,-28],[-18,40]],[[42324,3420],[19,-53],[-72,-14],[-19,53],[72,14]],[[47143,3489],[72,1],[1,-54],[-90,-14],[17,67]],[[43120,3320],[-54,-1],[17,54],[37,-13],[17,41],[-72,-1],[-1,40],[53,55],[38,-67],[1,-108],[-36,0]],[[33244,3462],[2,-94],[-55,13],[53,81]],[[43099,3521],[-36,-40],[-19,67],[73,0],[-18,-27]],[[48134,3618],[37,-80],[-90,-1],[36,27],[-19,54],[36,0]],[[44289,3599],[37,-81],[-109,67],[72,14]],[[46905,3702],[1,-54],[-54,-27],[-1,80],[54,1]],[[48872,3732],[1,-40],[-73,26],[72,14]],[[42970,3668],[-16,-81],[-20,67],[36,14]],[[44305,3706],[37,1]],[[44342,3707],[36,0]],[[44378,3707],[18,-40],[-35,-41],[-36,13],[17,41],[-54,-14],[17,40]],[[47121,3744],[18,-27],[73,1],[36,-27],[1,-67],[-108,13],[0,-54],[-54,13],[36,41],[-2,107]],[[47158,3704],[-18,-54],[54,27],[-36,27]],[[47067,3757],[-36,-67],[0,53],[-91,-1],[-35,-40]],[[46905,3702],[-54,13],[53,27]],[[46904,3742],[18,41],[54,-27],[91,1]],[[40675,3836],[2,-121],[-36,0],[1,-81],[-90,-1],[35,68],[36,0],[-1,81],[36,0],[-19,54],[36,0]],[[44394,3801],[-16,-94]],[[44378,3707],[-36,0]],[[44342,3707],[-37,-1]],[[44305,3706],[-36,40]],[[44269,3746],[17,54],[36,0]],[[44322,3800],[54,28],[-19,40],[73,-26],[-36,-41]],[[33492,3786],[37,-66],[-72,-1],[-1,54],[36,13]],[[44231,3880],[-17,-94],[-54,13],[71,81]],[[46992,3904],[-35,-40],[-19,40],[54,0]],[[43219,3925],[37,-67],[-253,-2],[-1,67],[73,-12],[0,-41],[54,55],[90,0]],[[47877,3871],[-19,54],[72,27],[-53,-81]],[[47121,3744],[-54,13]],[[47067,3757],[-1,27]],[[47066,3784],[-36,26],[90,15]],[[47120,3825],[-1,40],[90,14],[36,27],[-72,0],[-1,40],[54,27],[72,-26],[-17,-67],[-54,-14],[91,-13],[-54,-14],[0,-40],[-109,53],[1,-54],[-35,-54]],[[45348,3971],[1,-41],[-54,-14],[-19,41],[72,14]],[[46377,3979],[37,-53],[-127,53],[90,0]],[[39790,3895],[-36,-27],[-1,67],[54,-13],[54,28],[1,-40],[-72,-15]],[[47658,4031],[19,-81],[-54,40],[35,41]],[[44231,3880],[71,28],[0,54],[72,0],[17,54],[19,-54],[-17,-53],[-72,-41],[-90,12]],[[40546,3996],[19,-40],[-54,-41],[-1,67],[36,14]],[[42875,4003],[55,-67],[-109,53],[36,27]],[[42857,4016],[18,-13]],[[41034,4000],[36,-26],[-35,-41],[-55,40],[17,40],[37,-13]],[[43253,4033],[19,-54],[-54,13],[-18,-27],[-72,0],[18,27],[107,41]],[[44354,4069],[1,-67],[-72,-27],[0,40],[54,1],[-19,53],[36,0]],[[42875,4003],[0,13]],[[42875,4016],[-18,0]],[[42857,4016],[17,67],[72,1],[-36,-27],[1,-54],[-36,0]],[[43812,4092],[-17,-41],[19,-53],[-73,-1],[-1,94],[72,1]],[[47277,4148],[-17,-80],[-35,-41],[-55,40],[53,67],[54,14]],[[39534,4081],[1,-53],[-37,26],[36,27]],[[39606,4095],[19,-67],[-54,13],[35,54]],[[44316,4163],[-72,0],[18,27],[90,0],[-36,-27]],[[46626,4250],[54,-40],[-54,-13],[-54,39],[54,14]],[[42763,4217],[1,-40],[-90,-41],[17,53],[-54,0],[0,40],[109,-39],[17,27]],[[45272,4212],[-17,-41],[37,-40],[-72,-41],[35,54],[-36,0],[53,68]],[[40218,4222],[18,-27],[-126,12],[-19,27],[127,1],[0,-13]],[[45451,4307],[20,-67],[-55,0],[0,54],[35,13]],[[45091,4277],[-19,67],[54,14],[1,-54],[-36,-27]],[[44674,4354],[2,-67],[-55,13],[53,54]],[[46948,4387],[19,-53],[-89,-28],[-2,81],[72,0]],[[47075,4402],[37,-54],[-91,13],[54,41]],[[47543,4433],[19,-54],[-54,0],[-18,40],[53,14]],[[44565,4434],[55,-80],[-72,-1],[17,81]],[[40215,4423],[19,-53],[-73,39],[54,14]],[[48935,4310],[18,41],[72,-13],[54,41],[-145,-1],[0,13],[163,1],[-37,27],[17,81],[37,-40],[54,-13],[-34,-162],[-72,0],[-19,40],[-54,-1],[19,-40],[-108,-1],[35,27]],[[46929,4468],[36,27],[1,-81],[-36,-13],[-1,67]],[[52596,4570],[19,-37],[-109,-4],[-17,-27],[-91,-1],[-19,67],[127,1],[0,-27],[72,1],[18,27]],[[46929,4468],[-108,-1],[-1,67],[72,-13],[37,-53]],[[48264,4546],[-90,-54],[18,40],[72,14]],[[48391,4480],[-36,0],[53,68],[36,0],[-17,-67],[-36,-1]],[[45376,4508],[2,-107],[-37,13],[18,54],[-37,53],[54,-13]],[[46765,4560],[-17,-80],[-72,12],[36,41],[36,-13],[17,40]],[[43877,4549],[19,-67],[-54,-14],[35,81]],[[41278,4540],[19,-40],[-91,12],[0,27],[72,1]],[[46223,4596],[19,-54],[-17,-40],[-55,0],[-1,94],[54,0]],[[42919,4608],[19,-54],[-162,-15],[-54,27],[35,27],[127,1],[35,14]],[[43912,4616],[1,-53],[55,-27],[0,-40],[-54,13],[-20,107],[18,0]],[[39688,4593],[37,-40],[-17,-27],[-55,27],[-19,40],[54,0]],[[41295,4580],[54,28],[-35,-54],[-54,-1],[-19,40],[54,-13]],[[46403,4638],[36,14],[19,-40],[-91,-1],[-36,40],[53,40],[19,-53]],[[40572,4655],[54,-13],[-89,-55],[-1,54],[36,14]],[[47359,4713],[-18,-40],[2,-108],[-73,53],[35,55],[-72,-28],[18,41],[-73,12],[127,1],[54,14]],[[39435,4658],[108,-12],[-90,-15],[-17,-27],[55,-53],[-54,-14],[-73,26],[71,95]],[[46871,4709],[-36,-14],[1,-67],[-144,-14],[17,53],[109,15],[17,40],[36,-13]],[[41185,4687],[19,-67],[-72,-1],[53,68]],[[42701,4713],[73,-12],[-108,-28],[35,40]],[[50589,4741],[-54,0],[18,40],[36,-40]],[[50264,4765],[1,-67],[55,-13],[-18,-27],[-72,-1],[17,68],[-2,94],[36,0],[-17,-54]],[[43729,4776],[-17,-40],[-91,12],[18,27],[90,1]],[[45985,4809],[19,-80],[-36,53],[17,27]],[[46871,4709],[54,14],[54,54],[36,-40],[-53,-27],[144,1],[19,-53],[36,0],[-17,-67],[-19,53],[-108,-14],[-1,40],[-144,12],[-1,27]],[[51978,4860],[1,-94],[-216,-2],[-1,14],[199,15],[17,67]],[[44848,4772],[2,-67],[-37,27],[-19,80],[54,-40]],[[42538,4739],[-36,0],[35,67],[37,-27],[-36,-40]],[[46654,4748],[-36,-1],[-1,54],[72,41],[-35,-94]],[[53909,4904],[0,-41],[72,1],[-70,-25],[-92,50],[72,-12],[18,27]],[[41526,4811],[2,-94],[-20,93],[18,1]],[[40371,4841],[18,-54],[-35,-13],[-73,26],[90,41]],[[40587,4843],[1,-67],[-54,-14],[17,80],[36,1]],[[41093,4847],[72,-39],[-72,-15],[0,54]],[[45731,4874],[-53,-54],[-19,53],[72,1]],[[46886,4924],[19,-40],[-54,-27],[-1,67],[36,0]],[[46290,4959],[-72,-14],[-37,27],[127,1],[-18,-14]],[[50441,5008],[36,-26],[-35,-68],[55,1],[-108,-55],[-1,54],[36,41],[-73,12],[0,27],[72,-13],[18,27]],[[42698,4915],[54,27]],[[42752,4942],[18,14]],[[42770,4956],[72,-13],[37,-53],[-109,25],[1,-40],[54,1],[1,-81],[-54,0],[19,-54],[-54,13],[16,94],[-108,-28],[0,54],[53,41]],[[44755,4960],[73,-40],[-127,26],[18,40],[36,-26]],[[46886,4924],[-109,13],[19,-54],[-54,-14],[-72,13],[90,28],[-1,67],[72,-26],[54,54],[37,-94],[-36,13]],[[33799,4904],[1,-67],[-72,-14],[-19,27],[90,54]],[[41073,4941],[37,-40],[-54,-27],[17,67]],[[42770,4956],[-18,-14]],[[42752,4942],[-109,13],[0,27],[72,0],[55,-26]],[[45983,4916],[-18,41],[35,54],[54,0],[-71,-95]],[[48258,4949],[-91,0],[90,41],[1,-41]],[[45766,4982],[-18,-27],[-108,-1],[17,54],[55,-27],[53,41],[54,0],[-53,-40]],[[47065,5033],[73,-39],[19,-67],[-37,13],[-35,-41],[-54,13],[16,81],[-54,-1],[72,41]],[[25604,4858],[38,-67],[-73,26],[35,41]],[[41487,5012],[-17,-81],[-36,0],[17,81],[36,0]],[[42517,4927],[-54,-1],[-89,-41],[35,68],[54,0],[17,41]],[[42480,4994],[54,27]],[[42534,5021],[-17,-94]],[[52046,5103],[1,-27],[-109,-15],[18,41],[90,1]],[[53292,5100],[19,-54],[-91,40],[72,14]],[[25766,4886],[1,-26],[90,0],[1,-27],[-109,0],[17,53]],[[46721,5071],[54,0],[-35,-54],[-91,66],[72,-12]],[[46921,5019],[-73,-1],[0,27],[90,41],[-17,-67]],[[53581,5102],[-127,13],[144,14],[37,-40],[-54,-40],[0,53]],[[48058,5015],[-73,26],[0,40],[53,28],[1,-54],[73,-26],[-54,-14]],[[41306,5064],[55,-53],[35,27],[37,-40],[-90,-1],[-19,27],[-90,-1],[72,41]],[[42227,5005],[-35,-27],[-19,53],[72,14]],[[42245,5045],[54,-13],[-72,-27]],[[53417,5168],[19,-40],[-72,-14],[-1,40],[54,14]],[[54969,5195],[1,-27],[72,-13],[-54,-27],[-72,39],[53,28]],[[41812,4988],[0,40],[107,55],[144,14],[38,-66],[-73,-1],[1,-27],[-163,-1],[-17,-54],[-54,-1],[17,41]],[[41974,5016],[-54,26],[-18,-27],[72,1]],[[56160,5232],[2,-108],[-19,27],[17,81]],[[42534,5021],[-54,-27]],[[42480,4994],[-54,13],[-55,66],[53,28],[144,28],[55,-27],[-72,-41],[-17,-40]],[[42515,5048],[0,40],[-90,-14],[-18,-27],[108,1]],[[46738,5138],[-36,26],[72,1],[-36,-27]],[[47027,5140],[1,-40],[-72,-27],[-1,26],[-72,0],[17,54],[54,14],[55,-27],[18,27],[72,-13],[-72,-14]],[[48182,5137],[-72,13],[35,40],[127,-12],[-35,-54],[-55,13]],[[33832,5066],[54,14],[37,-67],[-126,12],[35,41]],[[42243,5153],[109,-26],[-108,-15],[-37,27],[-108,12],[144,2]],[[43452,5163],[19,-26],[-16,-135],[-37,80],[34,81]],[[47423,5197],[19,-26],[-90,-28],[-72,0],[-1,26],[73,1],[71,27]],[[44788,5148],[-17,-41],[-55,27],[72,14]],[[47188,5236],[1,-41],[-55,13],[54,28]],[[49264,5213],[-126,-14],[0,27],[144,14],[-18,-27]],[[43469,5231],[37,-27],[-90,-28],[53,55]],[[50473,5291],[1,-67],[-73,12],[18,54],[54,1]],[[56106,5231],[-18,13],[16,95],[36,0],[-34,-108]],[[46231,5281],[73,-80],[-91,26],[-35,-27],[-19,54],[72,27]],[[50833,5321],[-72,-14],[19,-27],[-72,-1],[-19,54],[162,1],[-18,-13]],[[48721,5330],[1,-54],[-125,-68],[70,121],[54,1]],[[43884,5288],[37,-54],[-55,13],[-19,54],[37,-13]],[[45490,5275],[-17,-54],[-144,-1],[-1,27],[-90,-1],[-107,-55],[-1,54],[36,27],[161,42],[1,-41]],[[45328,5273],[18,27],[162,2],[-18,-27]],[[45382,5274],[19,-40],[36,27],[-55,13]],[[46361,5027],[-19,40],[-72,-14],[0,41],[89,67],[-36,0],[35,54]],[[46358,5215],[0,27],[72,-13]],[[46430,5229],[54,14],[-71,-68],[1,-67],[35,41],[72,14],[-19,80],[35,41],[127,1],[125,41],[73,-12],[-18,-41],[-126,12],[-72,-14],[-17,-80],[-72,-14],[19,-81],[-54,-14],[0,54],[-72,-54],[55,-27],[72,1],[-89,-82],[1,-40],[-54,-14],[-55,40],[35,54],[-54,13]],[[49533,5350],[72,14],[1,-54],[-73,40]],[[48197,5352],[1,-81],[-108,13],[-19,27],[91,0],[35,41]],[[48901,5358],[36,-13],[20,-81],[-36,-40],[-72,13],[34,134],[18,-13]],[[48503,5395],[55,-13],[-54,-27],[-72,-1],[71,41]],[[49533,5350],[-36,0],[-19,53],[90,1],[-35,-54]],[[56301,5475],[-37,-81],[-34,-14],[-1,54],[72,41]],[[48412,5434],[1,-27],[-91,27],[90,0]],[[45272,5421],[18,-40],[-108,-1],[-54,-28],[-17,-54],[-73,27],[36,54],[72,0],[17,41],[109,1]],[[46896,5435],[1,-67],[-90,-28],[-109,66],[126,1],[0,27],[72,1]],[[56426,5543],[1,-32],[-90,-36],[89,68]],[[55614,5549],[72,-12],[-53,-41],[-37,13],[18,40]],[[56065,5553],[19,-40],[-36,-27],[-55,53],[54,-13],[18,27]],[[28594,5288],[-18,-27],[-72,13],[17,40],[90,14],[-17,-40]],[[49224,5482],[-35,-41],[-73,13],[144,68],[-36,-40]],[[54927,5570],[73,-39],[-144,-1],[71,40]],[[56913,5587],[37,-40],[-73,0],[-18,40],[54,0]],[[49548,5525],[2,-81],[-37,13],[0,54],[-54,-14],[17,41],[72,-13]],[[49566,5525],[73,-13],[-1,27]],[[49638,5539],[37,-13],[1,-94],[-19,67],[-72,-1],[-19,27]],[[49855,5527],[-17,-54],[-90,13],[-1,40],[108,1]],[[44007,5504],[37,-80],[-72,12],[-1,68],[36,0]],[[44928,5485],[0,-27],[-90,-1],[-35,-54],[-2,67],[72,41],[55,-26]],[[48339,5541],[54,-13],[-17,-40],[-72,-14],[-20,67],[55,0]],[[33738,5320],[-18,0],[-2,94],[73,-13],[-54,-14],[1,-67]],[[48628,5503],[17,41],[72,14],[-35,-54],[-54,-1]],[[50127,5489],[-55,0],[144,82],[0,-54],[-89,-28]],[[49638,5539],[-72,-14]],[[49566,5525],[-18,0]],[[49548,5525],[-18,26],[108,15],[0,-27]],[[49819,5567],[-91,-14],[-36,13],[127,1]],[[46949,5543],[-53,-81],[-2,80],[55,1]],[[57129,5656],[18,-53],[-90,-1],[-1,54],[73,0]],[[51208,5633],[18,-54],[-72,0],[0,40],[54,14]],[[56930,5681],[-18,-27],[-72,0],[17,27],[73,0]],[[44998,5593],[73,-40],[54,1],[-17,-67],[-36,26],[-73,-1],[0,27],[-90,0],[89,54]],[[46316,5604],[18,-40],[-71,-41],[17,68],[36,13]],[[49855,5527],[18,41],[-54,-1]],[[49819,5567],[71,28],[-1,54],[37,0],[-35,-81],[18,-40],[-54,-1]],[[56297,5703],[-89,-81],[18,53],[71,28]],[[45954,5628],[-71,-54],[17,54],[-54,13],[126,1],[-18,-14]],[[49023,5668],[-53,-68],[0,-40],[-54,13],[-1,67],[108,28]],[[49149,5642],[37,-26],[-90,-1],[35,54],[18,-27]],[[57129,5656],[17,68],[35,13],[37,-53],[-72,-1],[-17,-27]],[[34042,5524],[1,-94],[-54,0],[-19,53],[72,41]],[[46116,5656],[19,-67],[-54,13],[37,-53],[-144,-1],[-1,27],[73,-13],[16,81],[-72,12],[126,1]],[[52109,5708],[19,-27],[53,14],[20,-67],[-127,26],[35,54]],[[56531,5745],[73,-39],[-54,-14],[-54,40],[35,13]],[[52019,5720],[-36,-27],[-72,0],[35,40],[73,-13]],[[52252,5776],[2,-80],[-36,-1],[-2,81],[36,0]],[[49220,5764],[19,-67],[-36,-1],[17,68]],[[44743,5752],[19,-54],[-109,53],[90,1]],[[44851,5766],[109,-12],[-53,-81],[-37,26],[-19,67]],[[49743,5808],[18,-40],[-108,-27],[0,40],[90,27]],[[46782,5796],[37,-39],[-90,-1],[-1,40],[54,0]],[[51258,5848],[37,-53],[-72,26],[35,27]],[[46962,5825],[1,-40],[-72,-14],[-35,-54],[-109,-1],[36,27],[90,14],[-37,53],[126,15]],[[50374,5814],[-54,-1],[54,41],[0,-40]],[[50536,5856],[1,-68],[54,1],[-35,-41],[-74,94],[54,14]],[[52287,5857],[73,-40],[-163,12],[0,27],[90,1]],[[52106,5882],[37,-40],[-108,-1],[17,41],[54,0]],[[40752,5811],[1,-53],[-126,-15],[-18,27],[72,1],[71,40]],[[49056,5816],[-18,27],[72,0],[89,68],[1,-40],[-53,-41],[-91,-14]],[[48984,5829],[-18,0],[53,94],[36,0],[-17,-53],[-54,-41]],[[51258,5848],[-72,27],[-1,26],[73,1],[0,-54]],[[51438,5917],[19,-40],[-109,-15],[18,41],[-55,26],[127,-12]],[[56005,5969],[0,-40],[-55,40],[55,0]],[[49851,5796],[1,-54],[-90,-1],[53,41]],[[49815,5782],[0,41],[71,40],[-17,-40],[54,0],[53,41],[-1,67],[90,15],[20,-81],[-71,-95],[-72,-14],[-1,54],[-90,-14]],[[40733,5878],[73,1],[-18,-40],[-108,-1],[53,40]],[[56419,6026],[-18,-27],[-108,-1],[126,28]],[[57556,6036],[0,-27],[-108,-1],[-18,27],[126,1]],[[40625,5891],[18,-40],[-89,-41],[-19,40],[54,0],[36,41]],[[42231,5918],[55,-80],[-90,13],[-19,40],[54,27]],[[47285,5975],[20,-107],[-38,107],[18,0]],[[54361,6022],[0,-40],[55,-26],[72,0],[-90,-27],[-91,53],[54,40]],[[56654,6028],[36,-40],[-35,-54],[-126,-1],[-1,54],[72,1],[54,40]],[[29235,5817],[-108,-14],[0,27],[180,2],[-72,-15]],[[45281,5972],[19,-41],[-54,-27],[36,-13],[-71,-27],[17,67],[53,41]],[[51382,6024],[19,-54],[-54,13],[35,41]],[[51093,6035],[37,-53],[-35,-41],[-74,66],[72,28]],[[33783,5898],[0,-27],[-72,-14],[-35,-54],[-19,94],[108,-13],[18,14]],[[52591,6061],[37,-53],[-72,-28],[35,81]],[[31454,5891],[20,-67],[-55,13],[35,54]],[[52988,6051],[1,-67],[-36,0],[-19,80],[54,-13]],[[57086,6113],[0,-41],[-72,13],[0,-40],[-54,40],[17,27],[109,1]],[[57356,6115],[1,-27],[72,1],[-72,-28],[-37,40],[36,14]],[[25444,5851],[19,-67],[-54,-1],[35,68]],[[29523,5887],[18,-27],[-108,-14],[0,40],[90,1]],[[46815,6025],[1,-54],[-37,0],[-18,54],[-91,12],[199,2],[-54,-14]],[[52121,6084],[73,-13],[-18,-27],[-108,-1],[53,41]],[[53151,6066],[18,-13]],[[53169,6053],[-54,-28],[1,-40],[-55,53],[35,54],[19,-40],[36,14]],[[53169,6053],[-18,13]],[[53151,6066],[17,27],[91,1],[-90,-41]],[[52536,6101],[19,-67],[-53,-68],[1,-40],[-90,-54],[-36,53],[89,28],[-1,80],[54,-13],[17,81]],[[37121,5981],[55,-13],[0,-40],[-108,-1],[-1,54],[54,0]],[[49360,6060],[-109,-14],[0,27],[198,15],[-89,-28]],[[52247,6099],[-16,-108],[-2,121],[18,-13]],[[50893,6114],[37,-27],[-36,-40],[-90,-1],[-55,26],[18,41],[36,-27],[90,28]],[[40713,6026],[36,-13],[19,-54],[-54,-14],[-1,81]],[[56922,6192],[0,-27],[-108,-14],[0,40],[108,1]],[[47337,6124],[0,-41],[54,28],[36,-13],[-35,-41],[-91,26],[36,41]],[[43311,6102],[19,-53],[-90,-1],[71,54]],[[54629,6199],[1,-53],[-54,-1],[-19,40],[72,14]],[[50893,6114],[-19,67],[-71,-41],[-55,40],[72,-13],[0,27],[72,0],[1,-80]],[[31669,6041],[0,-27],[90,0],[-108,-27],[18,54]],[[31271,6050],[1,-53],[-53,-41],[54,0],[1,-80],[-36,0],[-37,53],[-36,0],[-73,53],[126,1],[53,67]],[[52950,6225],[18,-26],[126,14],[2,-107],[-74,80],[-72,-1],[1,-40],[54,-13],[1,-40],[-73,12],[-2,135]],[[52931,6239],[19,-14]],[[37264,6117],[0,-54],[-90,-1],[0,27],[90,28]],[[47119,6202],[19,-40],[-126,-55],[-1,54],[108,41]],[[51541,6240],[19,-53],[-53,-41],[-1,67],[35,27]],[[50909,6248],[1,-40],[-91,13],[18,27],[72,0]],[[52444,6261],[36,-13],[3,-188],[-72,-14],[-1,54],[-37,40],[18,40],[54,-26],[-18,40],[-55,26],[72,41]],[[52768,6264],[110,-53],[-18,-27],[-90,0],[-19,26],[-54,-14],[-18,41],[89,27]],[[53581,6244],[-54,-27],[-90,-1],[53,68],[91,-13],[0,-27]],[[42065,6172],[19,-94],[-36,0],[-2,121],[19,-27]],[[50260,6216],[37,-67],[-36,-14],[-37,94],[53,41],[-17,-54]],[[53581,6244],[17,54],[91,-13],[-54,-13],[19,-41],[-73,13]],[[30079,6107],[19,-54],[-91,13],[18,41],[54,0]],[[54898,6309],[-18,-27],[-90,-1],[18,41],[90,-13]],[[52950,6225],[-19,14]],[[52931,6239],[53,81],[-34,-95]],[[30151,6121],[19,-53],[-54,-14],[17,80]],[[30133,6134],[18,-13]],[[47337,6124],[34,94],[-36,0],[-1,67],[54,0],[-35,-54],[72,14],[-17,-54],[73,-66],[-72,13],[-72,-14]],[[54735,6335],[19,-27],[-108,-14],[89,41]],[[31524,6039],[19,-67],[-54,0],[-1,80],[-55,27],[36,14],[-1,53],[72,14],[-16,-121]],[[41901,6265],[19,-67],[-54,-28],[-1,81],[36,14]],[[42189,6267],[1,-27],[90,-12],[-144,-2],[53,41]],[[42388,6269],[37,-80],[-53,-28],[-91,13],[54,41],[17,54],[36,0]],[[35204,6233],[37,-67],[-55,27],[-72,-1],[18,27],[72,14]],[[56305,6375],[1,-27],[-91,13],[-37,53],[145,1],[-18,-40]],[[30241,6135],[-53,-40],[-37,26]],[[30151,6121],[-18,13]],[[30133,6134],[53,55],[90,14],[1,-67],[-36,-1]],[[51738,6390],[-17,-94],[36,-14],[-35,-54],[-21,161],[37,1]],[[52604,6397],[20,-107],[-36,0],[16,107]],[[26215,6140],[19,-27],[-89,-55],[-19,27],[54,28],[-37,53],[72,14],[0,-40]],[[52189,6380],[-35,-54],[-19,40],[-90,13],[144,1]],[[41629,6330],[1,-94],[37,-40],[-54,13],[-2,120],[18,1]],[[54535,6440],[1,-53],[-54,-14],[-19,53],[72,14]],[[51882,6391],[-1,40],[73,1],[-36,-54],[-36,13]],[[52983,6387],[-72,-1],[18,27],[54,-26]],[[42928,6368],[55,-54],[-108,0],[-1,53],[54,1]],[[52983,6387],[72,41],[90,-13],[1,-27],[126,1],[-18,-27],[-90,0],[-108,-42],[19,-40],[-54,13],[17,81],[-55,13]],[[56737,6486],[0,-40],[-89,-28],[-1,54],[90,14]],[[26340,6235],[92,-66],[-91,-1],[-1,67]],[[31394,6280],[2,-108],[-73,27],[17,80],[54,1]],[[54354,6479],[55,-40],[-72,-27],[-37,53],[54,14]],[[56484,6497],[36,27],[-17,-67],[-36,-14],[17,54]],[[40509,6360],[-35,-41],[-1,68],[72,14],[-36,-41]],[[56104,6534],[37,-40],[-91,13],[1,-40],[-53,-41],[-91,-14],[0,27],[90,0],[0,41],[-55,13],[162,41]],[[43685,6441],[37,-40],[-90,0],[53,40]],[[48775,6512],[37,-53],[-54,-14],[17,67]],[[53234,6523],[37,-40],[54,1],[-1,40],[54,1],[-17,-54],[-162,-2],[-1,54],[36,0]],[[56338,6577],[55,-54],[-90,0],[35,54]],[[33974,6397],[18,-27],[2,-121],[-36,-27],[-1,107],[-20,67],[37,1]],[[54209,6505],[-54,-1],[53,68],[90,1],[-72,-28],[-17,-40]],[[55347,6488],[-19,26],[89,68],[1,-67],[-71,-27]],[[52403,6543],[91,-39],[-17,-41],[-73,0],[18,40],[-55,13],[-17,-40],[-19,53],[72,14]],[[52692,6573],[18,-41],[-144,-1],[108,14],[18,28]],[[34136,6412],[36,-13],[19,-81],[-36,13],[-19,81]],[[50832,6584],[36,-14],[-53,-54],[-19,81],[36,-13]],[[26572,6412],[19,-27],[-127,-1],[37,-27],[-35,-54],[-37,0],[-1,94],[144,15]],[[34188,6506],[1,-54],[-90,0],[-18,26],[90,1],[17,27]],[[47058,6605],[-35,-54],[-37,40],[-72,13],[144,1]],[[48358,6630],[19,-41],[-54,-27],[16,94],[19,-26]],[[47058,6605],[72,14],[1,-27],[-73,13]],[[41751,6599],[-71,-54],[1,-67],[36,-13],[1,-94],[73,0],[54,-26],[-72,-14],[0,27],[-90,-15],[17,81],[-19,40],[-54,0],[-20,80],[90,15],[0,40],[54,0]],[[50903,6651],[-54,-14],[-1,54],[55,-40]],[[44729,6665],[18,-40],[-126,-1],[0,27],[108,14]],[[50288,6713],[73,-13],[-90,-14],[17,27]],[[30758,6570],[0,-40],[-108,12],[35,27],[73,1]],[[41912,6681],[1,-53],[-108,-1],[53,54],[54,0]],[[44602,6705],[1,-81],[-55,40],[54,41]],[[48717,6727],[1,-41],[72,28],[1,-54],[-91,-1],[17,68]],[[47561,6770],[19,-67],[-36,27],[17,40]],[[26605,6627],[72,-13],[1,-67],[-54,26],[-19,54]],[[41568,6745],[19,-40],[-72,0],[53,40]],[[30738,6664],[36,-13],[1,-68],[-36,0],[17,54],[-53,-27],[-37,53],[72,1]],[[48374,6777],[-36,-40],[-90,12],[-37,27],[-1,67],[108,1],[1,-54],[55,-13]],[[26406,6665],[36,-26],[2,-94],[-72,-41],[54,0],[54,41],[1,-67],[-91,13],[1,-68],[-36,0],[-74,147],[72,14],[-38,67],[91,14]],[[26605,6627],[-54,-14],[-2,80],[54,28],[55,-27],[-90,-41],[37,-26]],[[49183,6946],[20,-81],[-55,13],[35,68]],[[58678,7026],[19,-13],[-71,-122],[-72,-14],[18,54],[36,-13],[17,67],[-37,40],[90,1]],[[48443,6980],[72,-13],[-35,-68],[-73,80],[36,1]],[[26403,6813],[-17,-81],[54,14],[-35,-40],[-72,-1],[-1,40],[71,68]],[[50825,7040],[0,-40],[-72,-14],[18,54],[54,0]],[[58533,7106],[1,-54],[-91,12],[18,28],[72,14]],[[47792,7028],[-17,-81],[-19,53],[36,28]],[[48911,7024],[38,-67],[-55,13],[17,54]],[[48207,7058],[37,-40],[-18,-40],[-144,-2],[53,68],[72,14]],[[26637,6869],[36,-27],[-72,0],[35,54],[73,0],[-72,-27]],[[58928,7203],[19,-40],[-108,-41],[18,40],[71,41]],[[26347,6933],[1,-53],[-54,-1],[-1,41],[54,13]],[[51474,7099],[-17,-107],[-1,121],[18,-14]],[[47917,7123],[126,1],[91,-13],[-181,-1],[-36,13]],[[47917,7123],[-53,-68],[1,-54],[-36,-13],[-1,53],[-36,-13]],[[47792,7028],[54,40],[52,95],[19,-40]],[[26455,6975],[-18,-41],[-108,13],[-1,40],[127,-12]],[[35390,7014],[-19,40],[72,41],[0,-40],[-53,-41]],[[27464,7051],[-35,-54],[-37,40],[72,14]],[[48078,7245],[-72,-54],[-1,53],[73,1]],[[22229,7071],[54,-13],[19,-54],[-53,-27],[17,41],[-54,13],[17,40]],[[48511,7262],[36,-53],[-72,13],[36,40]],[[48078,7245],[-1,40],[-91,13],[145,15],[-53,-68]],[[57192,7417],[-53,-68],[-1,40],[-54,13],[108,15]],[[49665,7353],[19,-81],[-54,0],[35,81]],[[49881,7368],[1,-54],[-36,-13],[-55,39],[72,1],[18,27]],[[48093,7406],[-35,-67],[-36,0],[71,67]],[[22155,7178],[-36,-27],[-18,40],[71,41],[-17,-54]],[[27263,7251],[-37,26],[126,1],[-53,-27],[-17,-67],[-36,-1],[17,68]],[[35709,7379],[36,-13],[2,-94],[-36,-40],[17,121],[-90,-41],[-1,26],[72,41]],[[30455,7454],[-90,-28],[17,40],[145,2],[-72,-14]],[[26952,7463],[73,-40],[-17,-54],[144,1],[-54,-13],[-126,-2],[-90,-27],[54,41],[-2,94],[18,0]],[[43106,7659],[-34,-94],[-1,67],[-55,40],[90,-13]],[[27149,7545],[37,-40],[-72,-14],[-1,54],[36,0]],[[26590,7540],[37,-53],[-72,-1],[-2,81],[37,-27]],[[26698,7568],[19,-94],[37,-40],[-53,-68],[72,1],[2,-94],[-109,13],[-53,-55],[-90,0],[70,108],[54,14],[-19,40],[54,27],[-2,148],[18,0]],[[27005,7571],[19,-67],[-54,-28],[-1,94],[36,1]],[[50073,7786],[55,-40],[-72,-14],[17,54]],[[58325,7722],[-19,53],[107,82],[-88,-135]],[[27455,7628],[-35,-40],[-73,-1],[18,27],[90,14]],[[27654,7617],[-17,-68],[-20,81],[37,-13]],[[49675,7836],[55,-26],[-127,12],[72,14]],[[26931,7677],[19,-93],[-54,13],[-1,67],[36,13]],[[49115,7845],[-71,-54],[53,94],[54,1],[-36,-41]],[[31298,7757],[37,-40],[-16,-148],[-54,13],[17,27],[-1,121],[17,27]],[[49874,7825],[-36,-1],[89,95],[54,1],[-107,-95]],[[26804,7703],[36,1],[37,-54],[-127,39],[-72,-14],[17,41],[109,-13]],[[27146,7733],[91,1],[-90,-55],[-1,54]],[[27363,7762],[54,-13],[1,-54],[-90,-1],[35,68]],[[39241,7800],[-1,40],[54,41],[0,-40],[-53,-41]],[[31353,7744],[-37,-1],[36,55]],[[31352,7798],[89,27],[-35,-54],[19,-40],[-54,-14],[-18,27]],[[31352,7798],[-109,-1],[-18,26],[90,1],[37,-26]],[[52380,8021],[38,-81],[-54,0],[-19,54],[-54,-1],[53,54],[36,-26]],[[54727,8081],[-18,-54],[-54,0],[-1,53],[73,1]],[[49528,8023],[20,-107],[-91,-1],[17,54],[36,14],[-18,53],[36,-13]],[[51405,8026],[-54,-14],[-126,-1],[0,27],[180,-12]],[[37974,7963],[19,-40],[54,1],[-53,-41],[-55,67],[35,13]],[[49888,8080],[19,-54],[-36,14],[17,40]],[[49292,8075],[0,27],[144,1],[-71,-27],[-73,-1]],[[27146,7733],[-37,107],[-2,81],[36,14],[2,-135],[37,-53],[-36,-14]],[[54527,8173],[36,-40],[-108,-27],[72,67]],[[27197,7962],[37,-67],[-54,-14],[36,41],[-55,26],[36,14]],[[51529,8188],[1,-40],[-72,-1],[-19,27],[90,14]],[[49904,8188],[1,-27],[72,-13],[-144,-42],[0,54],[54,-13],[17,41]],[[54291,8239],[1,-68],[-55,40],[54,28]],[[55211,8260],[-90,-28],[-54,13],[144,15]],[[55754,8211],[35,54],[54,0],[-89,-54]],[[27430,8045],[19,-54],[-72,-14],[0,40],[53,28]],[[31528,8068],[1,-67],[-54,-1],[17,81],[36,-13]],[[51257,8266],[37,-40],[-36,-13],[-17,-54],[-72,-14],[-19,40],[36,14],[-19,53],[90,14]],[[52286,8262],[19,-40],[-54,-14],[35,54]],[[52575,8278],[36,-13],[-35,-41],[-54,-14],[-1,40],[54,28]],[[50355,8232],[71,54],[1,-54],[-36,0],[-17,-54],[-36,0],[17,54]],[[53477,8312],[1,-40],[72,1],[-17,-54],[-19,40],[-36,-27],[-72,12],[17,41],[54,27]],[[27285,8084],[36,13]],[[27321,8097],[19,-40],[-72,-14],[17,41]],[[38205,8194],[1,-54],[36,14],[-17,-54],[-90,-14],[-1,67],[55,-27],[16,68]],[[51005,8264],[18,-26],[-35,-41],[-73,-1],[-1,54],[91,14]],[[54957,8365],[36,-13],[1,-67],[-54,-1],[17,81]],[[55626,8317],[-37,27]],[[55589,8344],[127,-13],[-90,-14]],[[52520,8358],[19,-54],[-109,26],[-1,27],[91,1]],[[53080,8336],[-18,-54],[-72,-1],[0,40],[90,15]],[[27321,8097],[-36,-13]],[[27285,8084],[-36,26],[71,41],[1,-54]],[[51220,8360],[37,-80],[-55,40],[-126,-15],[36,41],[108,14]],[[51454,8362],[37,-26],[-54,-41],[-17,-67],[-72,26],[-1,53],[90,28],[17,27]],[[54126,8412],[0,-41],[-54,-13],[1,-41],[-54,-14],[-19,41],[55,-13],[-37,66],[90,-12],[18,27]],[[55607,8371],[-18,-27]],[[55589,8344],[-36,13],[17,54],[54,0],[-17,-40]],[[44016,8338],[20,-67],[-54,-13],[-37,40],[54,-13],[17,53]],[[52611,8318],[-37,0],[-1,67],[36,27],[2,-94]],[[52719,8333],[-73,-1],[18,27],[125,68],[73,-13],[-71,-81],[54,1],[-17,-94],[56,-67],[-73,13],[-36,-28],[37,-40],[-17,-40],[-55,26],[18,27],[-91,27],[18,40],[71,27],[18,54],[-73,0],[18,54]],[[51237,8414],[-18,-40],[-108,-1],[-1,53],[37,-26],[90,14]],[[50189,8445],[54,41],[-54,0],[0,-41]],[[50189,8445],[-19,54],[127,1],[18,-27],[-71,-54],[36,-27],[-72,0],[-54,-28],[-90,-14],[0,41],[144,14],[-19,40]],[[53619,8515],[-54,-14],[53,54],[90,1],[-35,-54],[-54,13]],[[53835,8557],[18,-27],[-72,13],[54,14]],[[53925,8558],[37,-40],[-73,-1],[36,41]],[[27372,8313],[90,-13],[-35,-27]],[[27427,8273],[0,-54],[-36,0],[-19,67],[2,-94],[-36,-14],[-127,-1],[-37,53],[18,54],[-73,0],[18,27],[109,-13],[53,54],[73,-39]],[[27282,8285],[0,-27],[73,1],[-37,40],[-36,-14]],[[27228,8258],[19,-27]],[[27247,8231],[-19,27]],[[57228,8599],[-36,27],[108,1],[-72,-28]],[[26793,8375],[19,-54],[-108,-1],[89,55]],[[56651,8567],[-36,0],[71,68],[37,-40],[-72,-28]],[[58437,8663],[1,-54],[-73,0],[0,54],[72,0]],[[48996,8583],[54,-13],[-18,-27],[-90,13],[71,67],[-17,-40]],[[27388,8447],[36,-40],[-108,-14],[36,27],[-55,26],[91,1]],[[49230,8612],[18,-27],[-90,-14],[-1,67],[73,-26]],[[50222,8661],[37,-40],[-72,-1],[35,41]],[[54067,8693],[19,-26],[-91,-1],[1,-54],[-72,13],[54,27],[17,41],[72,0]],[[51413,8684],[20,-80],[-36,-14],[-1,54],[-54,-1],[71,41]],[[56324,8726],[18,-40],[-72,-14],[-54,13],[108,41]],[[50365,8729],[55,-13],[-54,-41],[-1,54]],[[54247,8762],[90,-13],[-18,-27],[-108,13],[36,27]],[[49175,8678],[-19,41],[90,14],[1,-40],[-72,-15]],[[28072,8547],[-108,-14],[18,27],[90,-13]],[[36773,8571],[1,-40],[-54,-1],[35,81],[53,27],[-35,-67]],[[55455,8839],[1,-40],[-91,13],[18,27],[72,0]],[[27620,8611],[73,-54],[-91,0],[18,54]],[[49264,8760],[-54,-14],[-19,27],[73,-13]],[[56845,8892],[37,-67],[-54,-14],[17,81]],[[27746,8612],[-37,26],[109,1],[18,-40],[55,-13],[-126,-1],[-19,27]],[[51392,8872],[-53,-41],[2,-161],[-109,93],[-1,27],[72,54],[89,28]],[[37366,8778],[127,-26],[-199,-15],[0,40],[72,1]],[[51265,8911],[37,-26],[-163,-2],[54,41],[72,-13]],[[55218,8972],[1,-27],[-108,-1],[-1,27],[108,1]],[[37527,8833],[73,-13],[-36,-27],[-16,-121],[-38,107],[17,54]],[[44008,8849],[1,-54],[-36,40],[35,14]],[[49984,8900],[-19,54],[126,14],[-54,-27],[38,-94],[-127,-1],[36,54]],[[50849,9002],[36,-13],[19,-54],[-54,-14],[17,41],[-54,-14],[-17,-54],[-36,13],[89,95]],[[54730,9035],[0,-14],[127,1],[-18,-13],[-181,-2],[72,28]],[[37527,8833],[-54,-1],[35,68],[72,0],[-17,-54],[-36,-13]],[[54351,9045],[1,-67],[-54,-14],[17,67],[36,14]],[[56264,9102],[54,-27],[-17,-54],[-37,81]],[[49439,9097],[19,-80],[-108,-1],[-36,-27],[17,80],[-36,27],[144,1]],[[32001,8972],[91,-66],[-54,-1],[-73,67],[36,0]],[[54187,9138],[54,-13],[-71,-41],[-19,53],[36,1]],[[50467,9160],[-53,-41],[-37,53],[90,-12]],[[57634,9234],[54,-26],[-53,-28],[-37,54],[36,0]],[[57850,9236],[19,-27],[-108,-1],[-19,27],[108,1]],[[41314,9108],[1,-54],[91,-26],[-18,-27],[-72,26],[-18,-54],[-2,134],[18,1]],[[57867,9357],[19,-67],[-18,-41],[-54,0],[-37,80],[90,28]],[[50790,9297],[36,-13],[-17,-41],[55,-40],[53,28],[19,-40],[-90,-41],[0,53],[-109,26],[-19,67],[72,1]],[[45735,9307],[18,-40],[-108,13],[17,27],[73,0]],[[41420,9283],[0,-27],[126,15],[-71,-55],[-72,0],[36,27],[-73,40],[54,0]],[[47863,9433],[72,-13],[-89,-27],[-37,39],[54,1]],[[47628,9485],[54,-13],[-18,-27],[-126,-15],[36,41],[54,14]],[[60066,9590],[19,-67],[-36,0],[17,67]],[[52034,9442],[-1,67],[71,27],[-70,-94]],[[52447,9539],[37,-26],[-162,-15],[125,41]],[[54541,9557],[37,-26],[-35,-54],[-2,80]],[[47356,9523],[-35,-68],[-90,13],[-37,40],[162,15]],[[58117,9507],[-2,107],[109,1],[0,-27],[-72,-14],[-35,-67]],[[54288,9595],[54,-13],[-17,-27],[-73,13],[36,27]],[[38675,9313],[-18,27],[53,40],[-1,94],[18,1],[2,-108],[-54,-54]],[[54992,9601],[1,-27],[72,-26],[1,-40],[-72,-28],[-18,27],[35,54],[-73,26],[54,14]],[[49882,9612],[55,-27],[-72,-41],[-54,27],[-72,-1],[-18,-27],[-90,-14],[-1,27],[252,56]],[[52699,9636],[18,-41],[-90,0],[-37,40],[109,1]],[[31451,9464],[73,-13],[-108,-28],[35,41]],[[44611,9580],[54,-13],[-17,-54],[-55,40],[18,27]],[[52193,9631],[-53,-41],[-55,13],[54,41],[54,-13]],[[59288,9705],[37,-54],[-90,-14],[-1,54],[54,14]],[[39394,9548],[19,-94],[-109,79],[90,15]],[[47192,9615],[37,-26],[19,-67],[-36,-1],[-1,54],[-72,0],[53,40]],[[53728,9644],[126,15],[-54,-27],[1,-41],[-73,53]],[[48872,9536],[-18,40],[36,14],[-1,53],[36,1],[-17,-81],[-36,-27]],[[55280,9698],[54,-27],[-126,-1],[72,28]],[[57934,9666],[-36,0],[-1,54],[72,1],[-35,-55]],[[38781,9488],[18,-26],[54,14],[0,40],[-72,-28]],[[38781,9488],[17,81],[18,-40],[127,1],[-36,-14],[19,-53],[-55,13],[-17,-27],[-91,12],[18,27]],[[41288,9604],[37,-13],[-72,-41],[35,54]],[[56904,9698],[19,-27],[-72,0],[-19,53],[90,1],[-18,-27]],[[48491,9694],[1,-68],[-54,13],[-1,41],[54,14]],[[52192,9712],[-17,-54],[-55,0],[-37,66],[109,-12]],[[39049,9625],[37,-53],[-72,-1],[-1,54],[36,0]],[[48815,9723],[3,-147],[-73,12],[0,27],[-73,13],[72,14],[0,54],[71,27]],[[49790,9718],[-89,-27],[-1,40],[90,-13]],[[49357,9755],[73,-53],[-54,-28],[145,-12],[-127,-14],[-74,106],[37,1]],[[51288,9771],[19,-26],[144,1],[-18,-27],[-54,13],[-126,-1],[35,40]],[[53346,9789],[20,-94],[-55,26],[-1,54],[36,14]],[[57102,9740],[-54,0],[108,41],[-54,-41]],[[37063,9661],[18,-26],[91,-13],[-144,-15],[-19,41],[54,13]],[[44645,9728],[90,-26],[-35,-28],[-73,0],[18,54]],[[47317,9737],[-35,-67],[-19,26]],[[47263,9696],[-19,54],[73,-13]],[[48562,9735],[19,-41],[-54,0],[-1,40],[-72,-14],[36,41],[90,1],[-18,-27]],[[52192,9712],[-1,27],[72,14],[0,27],[109,-13]],[[52372,9767],[72,-13],[-1,41],[73,-27],[72,14],[0,-26],[-108,-1],[-35,-41],[37,-67],[-91,13],[-19,53],[72,28],[-144,12],[1,-81],[-72,-27],[35,67],[-72,0]],[[48959,9765],[-53,-54],[-19,53],[72,1]],[[38923,9651],[-37,26],[72,28],[1,-54],[-36,0]],[[48959,9765],[109,1],[0,-54],[-71,-27],[-38,80]],[[47388,9765],[-71,-28]],[[47317,9737],[-1,67],[126,-12]],[[47442,9792],[54,14],[-17,-54],[-91,13]],[[37369,9704],[1,-26],[-73,-1],[18,40],[54,-13]],[[48832,9831],[36,-13],[1,-67],[-36,-14],[-1,94]],[[61685,9980],[19,-53],[-54,-1],[-1,54],[36,0]],[[51792,9856],[1,-54],[-108,0],[0,-27],[-144,-15],[0,27],[126,1],[-1,40],[90,41],[36,41],[0,-54]],[[38957,9786],[35,27]],[[38992,9813],[36,0],[1,-54],[-36,-13],[-36,40]],[[39517,9764],[36,-14],[-35,-40],[-38,80],[108,1],[-71,-27]],[[45022,9838],[1,-53],[-54,-1],[35,81],[72,1],[-54,-28]],[[49174,9914],[0,-53],[54,27],[19,-54],[-127,13],[36,14],[18,53]],[[47279,9858],[19,-54],[-37,0],[17,108],[36,-14],[-35,-40]],[[38992,9813],[-35,-27]],[[38957,9786],[-73,53],[53,54],[89,41],[-34,-121]],[[39930,9915],[19,-67],[-55,-1],[-1,68],[-36,13],[108,14],[-35,-27]],[[51808,10031],[-72,-14],[-37,27],[127,1],[-18,-14]],[[46156,10036],[19,-26],[-17,-68],[-54,13],[-1,54],[36,-40],[17,67]],[[53576,10113],[1,-54],[90,15],[18,-27],[-144,-1],[-1,67],[36,0]],[[52023,10113],[37,-13],[-72,-54],[-19,67],[54,0]],[[48611,10084],[-72,-27],[1,-41],[-54,0],[-1,54],[54,27],[72,-13]],[[44025,10072],[19,-41],[-54,-27],[-1,67],[36,1]],[[48683,10085],[-35,-14],[17,54],[54,0],[-36,-40]],[[57059,10196],[20,-80],[-55,13],[-18,40],[53,27]],[[45306,10150],[-17,-54],[-19,53],[36,1]],[[44240,10194],[54,41],[-17,-81],[-37,40]],[[58880,10400],[19,-40],[-91,12],[0,27],[72,1]],[[44240,10194],[-54,-14],[-19,94],[73,-80]],[[50720,10344],[37,-67],[-72,-27],[-1,67],[36,27]],[[56190,10377],[-36,-40],[-18,40],[54,0]],[[50864,10318],[0,54],[72,1],[-72,-55]],[[44130,10328],[19,-81],[-36,0],[-1,54],[-54,26],[72,1]],[[51063,10347],[-73,-1],[18,41],[72,0],[-17,-40]],[[62652,10499],[37,-40],[-91,39],[54,1]],[[49328,10413],[55,-40],[-108,-1],[53,41]],[[45447,10366],[-126,-1],[54,27],[162,2],[-90,-28]],[[53066,10431],[-19,27],[54,14],[-35,-41]],[[44544,10425],[55,-53],[-91,13],[36,40]],[[52398,10412],[-19,67],[91,-66],[-54,-28],[-18,27]],[[45717,10462],[18,-40],[-72,0],[54,40]],[[51962,10543],[-17,-54],[-54,-14],[-1,67],[72,1]],[[52974,10498],[-36,26],[108,28],[0,-40],[-72,-14]],[[44506,10506],[18,0]],[[44524,10506],[19,-54],[-72,0],[35,54]],[[52251,10586],[36,-27],[-17,-54],[-163,-1],[-53,-41],[17,67],[144,2],[36,54]],[[56565,10622],[-17,-54],[-36,0],[17,54],[36,0]],[[49634,10509],[-37,40],[108,28],[-71,-68]],[[52268,10653],[72,-26],[-180,-15],[108,41]],[[40226,10562],[1,-53],[-73,26],[72,27]],[[44596,10533],[37,-26],[-109,-1]],[[44524,10506],[-18,0]],[[44506,10506],[35,67],[55,-40]],[[45425,10634],[2,-107],[-37,27],[-72,-28],[1,-67],[-37,67],[90,41],[-1,54],[54,13]],[[56619,10663],[-36,13],[89,41],[-53,-54]],[[63081,10811],[0,-27],[-72,0],[-54,-28],[17,54],[109,1]],[[63171,10785],[-54,-14],[18,54],[54,1],[-18,-41]],[[45189,10713],[19,-40],[-127,-1],[18,27],[90,14]],[[45532,10716],[-35,-68],[-37,54],[72,14]],[[60913,10847],[-53,-27],[-55,39],[126,1],[-18,-13]],[[41885,10738],[18,-27],[-108,-14],[-1,27],[91,14]],[[45333,10768],[18,-27],[-35,-54],[-54,0],[-55,40],[126,41]],[[50044,10809],[-17,-68],[-36,13],[-19,54],[72,1]],[[63026,10878],[-37,13],[72,28],[-35,-41]],[[48817,10811],[0,-40],[-55,40],[55,0]],[[50227,10649],[36,14],[0,53],[-37,0],[1,-67]],[[50227,10649],[-144,-1],[-18,-27],[-54,39],[126,2],[17,40],[-144,-1],[53,54],[55,-26],[108,41]],[[50226,10770],[17,27],[73,-13],[35,41],[37,-40],[-72,-14],[-35,-54],[1,-81],[-55,13]],[[61111,10902],[-72,-14],[18,27],[72,14],[-18,-27]],[[50929,10830],[54,-13],[-71,-55],[-20,81],[54,27],[-17,-40]],[[45079,10833],[-53,-68],[-54,-27],[-126,-1],[89,28],[0,26],[144,42]],[[50044,10809],[-1,80],[55,-40],[-54,-40]],[[52155,10921],[-53,-55],[-108,-1],[89,28],[0,27],[72,1]],[[59864,10999],[-18,-40],[-53,-14],[71,54]],[[45421,10890],[54,-13],[-17,-41],[-73,13],[-18,27],[54,14]],[[41810,10872],[-35,-54],[-109,39],[126,1],[18,14]],[[50746,10949],[-16,-108],[-36,-13],[-1,94],[53,27]],[[48760,10972],[-53,-108],[-36,0],[-1,54],[90,54]],[[56812,11054],[72,-39],[-71,-55],[-54,0],[-1,67],[54,27]],[[59701,11052],[-72,-28],[-1,54],[73,-26]],[[50854,10990],[1,-67],[-36,13],[17,41],[-54,-14],[36,54],[90,0],[-54,-27]],[[61379,11106],[18,-27],[-71,-27],[-109,-1],[18,27],[72,1],[72,27]],[[45871,10988],[54,0],[-53,-54],[-73,-1],[-36,40],[-18,-27],[-90,-1],[-1,27],[91,1],[-1,27],[55,-26],[72,14]],[[45419,11011],[19,-54],[54,14],[18,-27],[-72,0],[-36,-28],[-19,67],[36,28]],[[51070,11073],[1,-81],[-36,0],[-2,80],[37,1]],[[63581,11192],[0,-54],[-35,-14],[-1,54],[36,14]],[[40689,10969],[-54,0],[-1,40],[90,28],[1,-54],[-36,-14]],[[45329,10983],[-19,53],[54,41],[1,-54],[-36,-40]],[[45671,11093],[0,-40],[-54,0],[55,-40],[-127,-1],[-18,40],[72,-13],[-1,54],[73,0]],[[45871,10988],[-19,53],[-126,-1],[17,54],[126,-12],[2,-94]],[[51556,11130],[-1,41],[55,-13],[-54,-28]],[[58255,11093],[0,41],[-54,13]],[[58201,11147],[18,-54],[36,0]],[[58201,11147],[-19,-1]],[[58182,11146],[19,1]],[[58182,11146],[-36,0]],[[58146,11146],[36,0]],[[58255,11093],[-53,-54],[-108,-1]],[[58094,11038],[17,41],[-55,80],[54,-13],[-19,67],[90,1],[37,-40],[-1,53],[55,-13],[-35,-67],[53,27],[1,-54],[-36,-27]],[[51068,11180],[-35,-54],[-163,-1],[144,55],[54,0]],[[40795,11118],[37,-40],[-54,-27],[-19,53],[36,14]],[[49876,11197],[1,-41],[-108,-27],[0,-41],[-126,-1],[53,41],[72,14],[18,27],[72,1],[18,27]],[[59986,11282],[73,-53],[-54,-14],[-36,27],[17,40]],[[58505,11297],[19,-67],[-36,0],[-19,53],[36,14]],[[46048,11231],[54,-27],[-144,-1],[-1,27],[91,1]],[[58199,11254],[-20,94],[55,0],[-36,-40],[1,-54]],[[58341,11376],[37,-13],[1,-81],[-72,0],[53,67],[-19,27]],[[37183,11221],[36,-40],[-72,-14],[-1,53],[37,1]],[[40432,11249],[-53,-54],[-1,40],[54,14]],[[45414,11319],[37,-13],[-17,-121],[-36,13],[-2,135],[18,-14]],[[50686,11378],[36,-13],[-36,-40],[-36,26],[-72,-1],[17,27],[91,1]],[[60037,11511],[-72,-27],[35,54],[72,0],[-35,-27]],[[54604,11385],[-19,40],[72,14],[35,67],[1,-53],[-89,-68]],[[46261,11461],[0,-40],[54,27],[1,-40],[-90,-28],[1,-54],[-55,13],[-17,-80],[-2,134],[54,14],[-19,53],[90,28],[55,-26],[-72,-1]],[[45935,11499],[37,-67],[-72,-1],[-54,-27],[-19,80],[108,15]],[[45050,11504],[1,-53],[-108,-15],[-1,67],[108,1]],[[58843,11622],[55,-13],[73,-53],[-163,12],[-19,54],[54,0]],[[40664,11426],[-72,-41],[-1,81],[108,41],[-35,-54],[108,1],[0,-27],[-108,-1]],[[45718,11524],[-35,-54],[1,-54],[71,27],[37,-13],[-36,-40],[-144,-2],[53,41],[17,108],[36,-13]],[[41601,11555],[1,-67],[-36,-14],[-1,81],[36,0]],[[45789,11591],[20,-120],[-36,-14],[-2,134],[18,0]],[[46312,11623],[37,-40],[1,-54],[-54,-27],[-37,53],[54,1],[-37,66],[36,1]],[[46422,11543],[-1,67],[54,14],[-53,-81]],[[45718,11524],[-1,53],[-55,54],[73,-27],[-17,-80]],[[45789,11591],[0,27],[72,1],[-19,40],[72,1],[2,-68],[-36,-54],[-36,40],[-55,13]],[[46438,11664],[1,-40],[-55,-1],[0,41],[54,0]],[[36490,11631],[1,-40],[54,-27],[-72,0],[-54,-28],[17,68],[54,27]],[[55990,11679],[-2,121],[18,0],[1,-108],[-17,-13]],[[40768,11669],[73,0],[-18,-40],[-126,-1],[35,54],[36,-13]],[[36812,11795],[55,-13],[-72,-14],[17,27]],[[42228,11869],[18,-26],[-107,-82],[35,95],[54,13]],[[53241,11964],[0,-40],[-90,-14],[-54,-28],[53,68],[73,-13],[18,27]],[[36703,11874],[1,1]],[[36704,11875],[36,-54],[-73,13],[36,40]],[[39429,11899],[19,-67],[-73,13],[-18,53],[72,1]],[[46560,11974],[54,-40],[-17,-67],[-36,-14],[17,68],[-54,-1],[36,54]],[[40855,11938],[18,-53],[-90,26],[72,27]],[[40945,11952],[18,-26],[72,0],[19,-40],[-144,-1],[-2,67],[37,0]],[[42262,11977],[-17,-54],[91,-12],[-90,-28],[-37,53],[-91,0],[0,40],[144,1]],[[41973,11975],[54,27],[73,-26],[-108,-41],[-19,40]],[[37008,11977],[18,6]],[[37026,11983],[-18,-6]],[[37031,11985],[13,4]],[[37044,11989],[-13,-4]],[[41973,11975],[1,-41],[-181,12],[36,41],[36,-13]],[[41865,11974],[17,40],[-162,-1],[108,28],[36,-14],[54,28],[1,-54],[54,-26]],[[44806,12093],[-71,-41],[-1,54],[72,-13]],[[56777,12156],[0,-27],[-72,12],[-72,-14],[-1,27],[145,15],[35,54],[36,-27],[-71,-40]],[[40852,12113],[18,-40],[-17,-54],[72,0],[19,-26],[-90,-1],[18,-27],[-54,-14],[-37,54],[35,54],[-108,-1],[0,27],[108,-13],[36,41]],[[41950,12297],[19,-27],[72,14],[1,-53],[-73,-1],[-36,40],[17,27]],[[46175,12334],[54,-27],[-35,-54],[-36,0],[17,81]],[[46788,12379],[-17,-40],[-73,39],[90,1]],[[45885,12385],[19,-27],[-72,-14],[0,-27],[-91,26],[73,1],[-1,27],[72,14]],[[46246,12401],[37,-40],[1,-53],[-55,26],[17,67]],[[42905,12413],[73,-27],[-36,-27],[-72,13],[-19,27],[54,14]],[[47671,12508],[-90,-28],[18,27],[72,1]],[[52455,12576],[-17,-95],[73,-12],[0,-27],[-91,12],[-1,94],[36,28]],[[47363,12545],[91,-12],[-126,-28],[35,40]],[[48031,12565],[-144,-15],[54,27],[90,-12]],[[59983,12693],[18,-40],[-90,13],[72,27]],[[46026,12628],[55,-40],[-145,-15],[-1,54],[55,-26],[36,27]],[[48806,12638],[-35,-67],[1,-54],[-38,107],[72,14]],[[69497,12826],[37,-40],[-73,-1],[-18,27],[54,14]],[[52363,12669],[54,-13],[1,-40],[-72,12],[17,41]],[[58158,12745],[1,-40],[-55,13],[54,27]],[[47343,12666],[-53,-41],[-1,41],[71,54],[-17,-54]],[[69531,12947],[37,-67],[37,1],[18,-41],[-72,0],[-19,53],[-90,0],[-1,27],[90,27]],[[45572,12749],[18,2]],[[45590,12751],[-18,-2]],[[52253,12762],[-54,-14],[-1,54],[73,0],[-18,-40]],[[45639,12759],[6,1]],[[45645,12760],[-6,-1]],[[52379,12817],[36,13]],[[52415,12830],[36,14],[1,-80],[-91,12],[18,41]],[[48099,12834],[54,-13],[-125,-42],[90,-12],[1,-41],[-54,0],[-56,80],[-54,-27],[18,54],[53,27],[73,-26]],[[51565,12904],[37,-54],[-55,27],[18,27]],[[54256,12886],[-55,13],[54,28],[90,14],[0,-27],[-72,-1],[-17,-27]],[[47665,12870],[1,-27],[108,-39],[-90,-1],[-36,27],[17,40]],[[51636,12945],[19,-54],[-72,13],[17,67],[36,-26]],[[54362,12995],[73,-53],[-108,12],[35,41]],[[71118,13135],[19,-67],[-73,-1],[-36,40],[17,27],[73,1]],[[49252,12978],[1,-54],[-90,-14],[-18,27],[72,-13],[35,54]],[[57305,13060],[53,27],[19,-53],[37,-13],[-127,-1],[18,40]],[[53964,13045],[55,-13],[-18,-54],[-37,67]],[[54342,13129],[1,-54],[-36,-13],[1,-54],[-54,-41],[-90,13],[-1,27],[109,-13],[-19,40],[89,95]],[[57502,13156],[19,-54],[-91,-1],[72,55]],[[48203,13130],[-35,-67],[-55,53],[90,14]],[[55190,13203],[36,-40],[-108,-1],[72,41]],[[48135,13143],[49,8]],[[48184,13151],[-49,-8]],[[57104,13206],[0,-40],[-54,-1],[35,81],[72,14],[-53,-54]],[[57357,13195],[-18,-41],[-54,27],[-17,-81],[-36,0],[1,-54],[-91,-1],[-36,27],[-72,-1],[17,54],[36,14],[1,-54],[53,27],[-1,94],[55,-39],[53,67],[36,-40],[73,14],[-1,27],[90,28],[-89,-68]],[[57141,13099],[55,-13],[53,68],[-72,-1],[-36,-54]],[[63657,13328],[1,-53],[-90,-41],[89,94]],[[57572,13304],[36,-40],[-108,-1],[72,41]],[[61544,13324],[37,-26],[-91,-1],[54,27]],[[56976,13286],[-17,-81],[-36,-14],[17,108],[36,-13]],[[50819,13287],[1,-67],[-90,-68],[35,108],[-55,13],[109,14]],[[50674,13286],[-17,-54],[-108,-1],[35,41],[90,14]],[[59503,13374],[1,-54],[-73,13],[0,27],[72,14]],[[57751,13413],[0,-40],[-126,-1],[35,54],[91,-13]],[[52966,13399],[1,-67],[-36,-13],[-19,67],[54,13]],[[50798,13421],[2,-94],[-73,13],[-1,67],[72,14]],[[50907,13395],[19,-40],[-73,26],[54,14]],[[54030,13489],[18,-27],[-126,-14],[0,27],[108,14]],[[57460,13518],[1,-80],[-36,40],[-55,13],[90,27]],[[53867,13488],[1,-67],[-37,80],[36,-13]],[[57280,13476],[36,28],[-72,-1],[-54,-27],[90,0]],[[57280,13476],[0,-13],[-144,-1],[-54,13],[17,54],[55,-40],[-1,40],[108,1],[90,28],[-17,-27],[1,-95],[-55,40]],[[50634,13528],[36,5]],[[50670,13533],[-36,-5]],[[57712,13574],[19,-27],[-109,-1],[18,41],[72,-13]],[[60203,13622],[37,-13],[0,-54],[-54,0],[17,67]],[[57893,13562],[-36,-40],[17,107],[36,-13],[-17,-54]],[[50959,13578],[-54,-9]],[[50905,13569],[54,9]],[[57422,13666],[0,-27],[72,0],[-35,-27],[-127,13],[18,27],[72,14]],[[51247,13622],[32,5]],[[51279,13627],[-14,-27],[-72,-14],[54,36]],[[52529,13637],[1,-67],[-72,-27],[-19,40],[54,14],[36,40]],[[55742,13692],[37,-40],[-18,-41],[-19,81]],[[54225,13719],[0,-40],[-54,26],[54,14]],[[54495,13762],[-17,-41],[-19,54],[36,-13]],[[54585,13789],[0,-13],[127,-12],[18,-27],[-181,25],[36,27]],[[71069,14008],[18,-54],[-36,13],[18,41]],[[69263,14006],[36,-26],[-72,-1],[36,27]],[[53393,13820],[-55,-1],[89,81],[-34,-80]],[[63285,14051],[55,-40],[-55,-1],[19,-53],[-36,0],[-1,80],[-72,-54],[0,54],[90,14]],[[70976,14168],[36,-26],[1,-41],[-72,0],[-55,53],[54,27],[36,-13]],[[53893,14092],[37,15]],[[53930,14107],[-37,-15]],[[55447,14106],[-163,-2],[0,14],[126,1],[37,-13]],[[63011,14223],[55,-26],[90,0],[1,-26],[-145,-15],[-1,67]],[[54632,14220],[73,-13],[-18,-41],[-90,13],[-144,-68],[72,67],[107,42]],[[54289,14230],[1,-27],[72,1],[36,-27],[-90,-14],[19,-40],[-109,13],[-18,26],[54,14],[35,54]],[[71351,14467],[55,-80],[36,0],[1,-67],[-36,13],[-37,80],[-109,-1],[-36,13],[35,41],[91,1]],[[69869,14535],[37,-67],[-54,0],[-55,67],[72,0]],[[55243,14467],[-91,-15],[108,55],[-17,-40]],[[61288,14746],[19,-54],[-54,-27],[-19,81],[54,0]],[[58235,14814],[1,-40],[-54,-14],[53,54]],[[56772,14856],[36,-27],[-72,0],[36,27]],[[64335,15081],[18,13]],[[64353,15094],[-17,-108],[-18,14],[17,81]],[[64353,15094],[-18,-13]],[[64335,15081],[-36,-14],[-19,67]],[[64280,15134],[18,13],[144,-12],[1,-27],[-90,-14]],[[64606,15083],[-55,-1],[18,41]],[[64569,15123],[-37,26],[90,28],[19,-27],[108,-12],[-72,-28],[1,-27],[-72,0]],[[64821,15192],[36,-40],[-72,-27],[-18,26],[54,41]],[[62543,15307],[19,-53],[-91,39],[72,14]],[[63317,15475],[37,-53],[-90,-15],[-19,67],[72,1]],[[58910,15559],[19,-94],[-54,13],[-1,81],[36,0]],[[61073,15806],[1,-54],[-91,13],[72,14],[-1,80],[54,14],[-35,-67]],[[65799,16154],[1,-54],[55,-40],[-91,13],[0,54],[35,27]],[[64568,16345],[1,-53],[-91,39],[90,14]],[[67785,17393],[19,-40],[-35,-54],[-36,0],[-1,53],[53,41]],[[68788,19054],[7,13]],[[68795,19067],[-7,-13]],[[22258,64309],[-108,-14]],[[22150,64295],[0,25],[108,-11]],[[22022,64400],[19,-41],[90,1],[-126,-28],[-19,67],[36,1]],[[20644,64615],[-19,27],[90,27],[1,-40],[-72,-14]],[[21401,64770],[-37,0],[17,67],[37,0],[-17,-67]],[[23804,64903],[-18,2]],[[23786,64905],[18,-2]],[[20856,64886],[19,-27],[-36,-41],[108,42],[-17,-54],[-108,-28],[-19,67],[53,41]],[[23858,64890],[-36,11]],[[23822,64901],[35,39],[1,-50]],[[24072,65077],[74,-80],[-91,-1],[1,-40],[-73,12],[18,41],[-72,-1],[-2,67],[145,2]],[[23891,65102],[1,-54],[-73,13],[1,-27],[-72,-14],[-1,54],[53,27],[91,1]],[[16875,65064],[73,-53],[0,-41],[-161,-95],[0,40],[125,55],[-18,40],[-90,-41],[17,67],[54,28]],[[16656,65142],[0,-13],[163,1],[19,-53],[-54,-1],[-1,40],[-144,-1],[17,27]],[[21953,65272],[1,-40],[-91,12],[90,28]],[[18239,65667],[18,-26],[-90,-28],[36,54],[36,0]],[[24168,65857],[55,-54],[-17,-54],[-73,13],[1,-67],[-36,13],[-18,-40],[109,14],[-54,-54],[-72,13],[-20,80],[37,-13],[17,54],[72,14],[-1,81]],[[19466,65827],[0,-27],[-90,-15],[0,27],[90,15]],[[21671,65874],[73,-26],[-72,-28],[-1,54]],[[18489,65844],[-54,0],[17,40],[162,29],[-35,-41],[-90,-1],[0,-27]],[[24002,66003],[37,-27],[-17,-40],[-55,13],[35,54]],[[18922,65915],[19,-40],[-145,-14],[-73,26],[72,14],[19,-27],[54,14],[35,81],[36,0],[-17,-54]],[[21508,65926],[-72,-1],[89,68],[37,-40],[-54,-27]],[[15431,65963],[0,-53],[-35,-54],[-90,-1],[-19,40],[73,-13],[-19,27],[35,54],[55,0]],[[31941,66089],[1,-67],[-54,-1],[17,54],[36,14]],[[21721,66143],[-17,-41],[-91,0],[-36,40],[90,-13],[54,14]],[[32047,66238],[-18,-27],[-73,26],[108,41],[-17,-40]],[[36205,66329],[-90,-1],[17,27],[72,14],[1,-40]],[[36820,66360],[-55,-5]],[[36765,66355],[55,5]],[[37272,66356],[-36,-16]],[[37236,66340],[36,16]],[[36964,66389],[-39,-40]],[[36925,66349],[-15,6]],[[36910,66355],[-14,7]],[[36896,66362],[-40,1]],[[36856,66363],[108,26]],[[36964,66389],[-1,27]],[[36963,66416],[18,27],[73,-12],[-37,53]],[[37017,66484],[54,0],[2,-120],[18,-27],[54,41],[1,-67]],[[37146,66311],[-90,-12]],[[37056,66299],[17,38],[-36,13],[1,-52]],[[37038,66298],[-26,11]],[[37012,66309],[-29,40],[35,41],[-54,-1]],[[36347,66505],[-17,-41],[36,-13],[-18,-40],[-54,13],[17,67],[36,14]],[[37017,66484],[-37,0],[-17,-68]],[[36963,66416],[-36,27],[35,67],[55,-26]],[[22314,66363],[72,14],[-17,-40],[-55,26]],[[36727,66522],[17,13],[163,2],[37,-27],[-217,-2],[0,14]],[[36727,66522],[-109,12],[-180,-55],[-1,27],[-90,-1]],[[36347,66505],[35,54],[91,-13],[90,14],[19,-26],[72,14],[-1,40],[74,-66]],[[23000,66491],[0,-27],[-127,-1],[18,27],[109,1]],[[37396,66595],[-5,-54]],[[37391,66541],[-13,-19]],[[37378,66522],[-18,-22]],[[37360,66500],[-10,-13]],[[37350,66487],[-26,-27]],[[37324,66460],[-1,80],[36,14],[-1,54],[54,8]],[[37412,66616],[-14,-8]],[[37398,66608],[-2,-13]],[[23452,66441],[-55,53],[72,14],[19,-40],[-36,-27]],[[23452,66441],[54,41],[55,-13],[-1,40],[55,-40],[-54,-14],[-17,-53],[-91,12],[-1,27]],[[22314,66363],[-36,13],[-1,54],[-35,-54],[-73,13],[1,-40],[-54,-1],[17,54],[-108,-14],[-89,-109],[-91,40],[108,28],[-1,53],[108,15],[17,54],[90,27],[38,-53],[144,1],[35,54],[54,28],[-16,-135],[-126,12],[18,-40]],[[22801,66462],[-19,53],[54,14],[-35,-67]],[[23089,66572],[1,-67],[-73,-1],[18,41],[-37,26],[91,1]],[[37579,66704],[-23,-7]],[[37556,66697],[23,7]],[[37592,66708],[10,23]],[[37602,66731],[-10,-23]],[[20756,66564],[-37,0],[36,54],[54,0],[1,-40],[-54,-14]],[[26035,66680],[126,1],[1,-27],[-127,-15],[55,-26],[-72,-14],[-17,-54],[-2,134],[17,27],[73,1],[-54,-27]],[[36270,66759],[-72,0],[0,27],[90,14],[-18,-41]],[[24063,66729],[1,-67],[36,-27],[-54,-14],[-1,108],[18,0]],[[37357,66648],[-36,0],[-19,80],[17,68],[72,14],[55,-54],[20,-80],[53,54]],[[37519,66730],[-1,81],[-55,13],[54,41],[37,-38]],[[37554,66827],[-3,-34],[40,-41]],[[37591,66752],[-46,-62]],[[37545,66690],[-25,-20]],[[37520,66670],[-18,-15]],[[37502,66655],[-18,-14]],[[37484,66641],[-7,-5]],[[37477,66636],[-47,-16]],[[37430,66620],[0,29],[-73,-1]],[[37393,66716],[-1,53],[-55,0],[19,-54],[37,1]],[[37662,66853],[-73,-8]],[[37589,66845],[18,34],[55,-26]],[[25834,66785],[1,-27],[-126,-41],[-1,67],[36,-26],[90,27]],[[37951,66842],[-55,30]],[[37896,66872],[-36,2]],[[37860,66874],[-54,-11]],[[37806,66863],[-18,-4]],[[37788,66859],[-36,-3]],[[37752,66856],[-18,-1]],[[37734,66855],[-36,-1]],[[37698,66854],[35,53],[217,2],[37,-13],[-36,-54]],[[38006,66788],[-19,81],[91,-40],[-1,67],[36,14],[1,-54],[52,28]],[[38166,66884],[-15,-68]],[[38151,66816],[0,-1]],[[38151,66815],[-13,-25]],[[38138,66790],[-5,-10]],[[38133,66780],[-43,-18]],[[38090,66762],[-65,-5]],[[38025,66757],[-62,58]],[[37963,66815],[43,-27]],[[38114,66830],[-54,-14],[55,-27],[-1,41]],[[37335,66917],[37,-54],[-72,0],[35,54]],[[35979,66904],[-1,27],[109,-12],[19,-40],[-90,-28],[-1,27],[-72,-1],[36,27]],[[26357,66898],[0,-27],[-108,-15],[35,41],[73,1]],[[25868,66933],[18,-13],[-71,-68],[-55,40],[54,1],[0,40],[54,0]],[[37189,66969],[-36,27],[90,14],[-17,-81],[-37,40]],[[37550,67053],[1,-54],[37,-40],[0,-54],[-54,40],[-2,108],[18,0]],[[38128,67112],[-18,5]],[[38110,67117],[18,0]],[[38128,67117],[0,-5]],[[37187,67117],[1,-40],[-55,26],[54,14]],[[18922,66963],[1,-67],[-108,-14],[90,27],[17,54]],[[15668,66919],[17,27],[55,-12],[-18,-41],[-54,26]],[[15288,66902],[-19,67],[54,14],[-35,-81]],[[15919,67002],[19,-40],[-90,-1],[71,41]],[[18993,67031],[19,-40],[-35,-41],[-37,40],[53,41]],[[21961,66951],[52,108],[2,-81],[-54,-27]],[[21904,67112],[1,-81],[-54,-14],[53,95]],[[22121,67114],[-17,-54],[-72,-28],[53,81],[36,1]],[[37112,67264],[-35,-41],[-73,0],[0,40],[108,1]],[[16497,67075],[17,40],[127,2],[-108,-15],[-36,-27]],[[34055,67290],[1,-67],[-36,-14],[20,-80],[-109,12],[-1,40],[72,15],[-1,67],[54,27]],[[34109,67291],[2,-68],[-36,-54],[-2,108],[36,14]],[[37986,67339],[-7,-7]],[[37979,67332],[7,7]],[[17201,67162],[0,-27],[109,1],[-36,-27],[-127,12],[54,41]],[[21686,67163],[-72,-14],[-1,41],[127,14],[18,-26],[-72,-15]],[[26659,67223],[-54,-14],[-19,40],[109,1],[-36,-27]],[[21884,67232],[0,-40],[109,1],[-126,-55],[-37,81],[54,13]],[[22121,67114],[-1,53],[-54,0],[17,54],[72,14],[37,-40],[-91,13],[-17,-27],[72,0],[1,-53],[-36,-14]],[[17399,67204],[19,-53],[17,40],[37,-53],[-108,-1],[35,67]],[[32535,67343],[2,-94],[-37,27],[-54,-27],[-1,40],[73,1],[17,53]],[[22209,67262],[36,14],[1,-54],[-55,0],[18,40]],[[37038,67398],[0,-14]],[[37038,67384],[0,-13]],[[37038,67371],[91,-26]],[[37129,67345],[19,-54],[54,27],[55,-39],[-90,-15],[-35,-107]],[[37132,67157],[37,-27],[-127,12],[-37,54],[126,14],[-19,54]],[[37112,67264],[-73,40],[-18,40],[-54,-28],[35,54],[-19,41],[55,-13]],[[37129,67345],[-72,-14],[73,-27],[-1,41]],[[38128,67112],[89,-26]],[[38217,67086],[-33,-83]],[[38184,67003],[-19,69],[1,-83]],[[38166,66989],[0,-92]],[[38166,66897],[-17,40],[-2,108],[-18,-14],[-145,-1],[0,40],[-73,13],[-20,94],[-54,-14],[-1,107],[36,14],[53,81],[36,14],[17,58]],[[37978,67437],[43,-31],[-6,-34]],[[38015,67372],[-54,-6],[19,-40]],[[37980,67326],[18,-60],[-24,-21]],[[37974,67245],[-11,-15]],[[37963,67230],[-3,-12]],[[37960,67218],[1,-14]],[[37961,67204],[1,-35],[57,-34]],[[38019,67135],[35,-10]],[[38054,67125],[19,-6]],[[38073,67119],[55,-7]],[[37927,67244],[35,41],[-54,-14],[19,-27]],[[37961,67486],[-8,-40]],[[37953,67446],[-66,-14],[-17,-27],[-2,94],[93,-13]],[[24467,67404],[1,-40],[-91,12],[1,-40],[73,-26],[126,1],[1,-13],[-163,-2],[-55,13],[-37,53],[54,41],[90,1]],[[36583,67528],[37,-13],[1,-54],[-109,-14],[1,-41],[-72,0],[-19,26],[54,28],[53,67],[1,-40],[53,41]],[[37038,67371],[0,13]],[[37038,67384],[0,14]],[[37038,67398],[34,107],[-54,0],[-1,54],[54,13],[1,-40],[72,-13],[-53,-67],[90,14],[-17,-54],[-55,27],[-17,-68],[-54,0]],[[22097,67449],[38,-80],[54,-26],[-143,-69],[16,94],[55,1],[-56,80],[36,0]],[[36637,67582],[38,-107],[-36,-14],[-2,121]],[[21753,67460],[37,-40],[-72,-1],[-19,40],[54,1]],[[24104,67481],[91,-26],[1,-53],[-73,39],[-145,-1],[18,40],[108,1]],[[14972,67410],[37,-67],[-91,26],[54,41]],[[38059,67568],[-14,-54]],[[38045,67514],[-33,40],[-1,54],[41,27]],[[38052,67635],[9,-54]],[[38061,67581],[-2,-13]],[[36781,67624],[36,13],[73,-66],[-54,-14],[-55,67]],[[26834,67574],[37,-81],[-54,0],[-19,67],[36,14]],[[37033,67680],[2,-94],[-37,53],[35,41]],[[15423,67495],[-18,-41],[-108,-14],[-19,53],[145,2]],[[21155,67548],[73,-40],[-72,-14],[-37,54],[36,0]],[[26708,67519],[1,-54],[-72,-1],[-1,67],[54,-12],[53,81],[36,0],[1,-54],[-72,-27]],[[14852,67436],[-23,40]],[[14829,67476],[51,40],[19,-93],[-47,13]],[[23813,67613],[18,-40],[-127,39],[109,1]],[[37991,67723],[37,-27]],[[38028,67696],[12,-21]],[[38040,67675],[-102,-28],[41,95]],[[37979,67742],[12,-19]],[[15404,67548],[108,1]],[[15512,67549],[1,-40],[-145,-1],[36,40]],[[23126,67580],[72,14],[55,-53],[-108,-1],[-73,26],[-1,54],[55,-40]],[[36616,67743],[37,-67],[-90,-27],[53,94]],[[26868,67668],[20,-94],[54,14],[1,-67],[-35,-54],[-1,67],[-55,53],[16,81]],[[35694,67708],[-72,-1],[18,27],[90,28],[-36,-54]],[[26832,67694],[0,-40],[-72,13],[-1,27],[73,0]],[[22186,67544],[17,41]],[[22203,67585],[36,67],[54,-13],[-54,-27],[2,-108],[-89,-68],[35,68],[-73,-1],[-19,54],[18,40],[54,28],[-35,-95],[54,14]],[[15023,67612],[0,-27],[91,1],[-72,-28],[-91,-1],[18,54],[54,1]],[[23576,67691],[111,-106],[127,-26],[0,-40],[73,1],[-18,-27],[-90,-1],[-19,53],[-128,39],[-73,80],[17,27]],[[36796,67785],[-15,-161]],[[36781,67624],[-54,-1],[16,81],[36,40],[-73,54],[-1,26],[145,-12],[-54,-27]],[[15512,67549],[0,27],[-73,-1],[-35,-27]],[[15404,67548],[17,54],[36,0]],[[15457,67602],[35,41],[37,-26],[-17,-68]],[[26596,67759],[19,-67],[90,1],[-54,-27],[-126,-1],[54,27],[17,67]],[[26433,67771],[18,-13],[-90,-28],[-1,41],[73,0]],[[23322,67756],[19,-80],[-36,-14],[-19,80],[36,14]],[[22129,67705],[-19,53],[36,1],[-17,-54]],[[37880,67889],[1,-41],[72,1],[1,-67],[-91,26],[-37,67],[35,40],[19,-26]],[[20970,67788],[56,-80],[-73,40],[17,40]],[[22796,67859],[19,-54],[-73,13],[54,41]],[[35275,67892],[35,81],[19,-54],[-54,-27]],[[19234,67785],[-90,-14],[35,41],[126,28],[73,1],[-72,-55],[-72,-1]],[[14803,67758],[0,40],[54,14],[-54,-54]],[[16755,67870],[-18,-41],[-145,12],[163,29]],[[31131,68002],[19,-40],[-54,0],[35,40]],[[23482,67946],[90,-13],[-36,-27],[-90,-1],[19,-53],[-90,-1],[35,67],[72,28]],[[37968,68064],[0,-40],[-54,-28],[-73,40],[18,27],[72,1],[18,27]],[[37949,68091],[19,-27]],[[30770,67986],[0,-21]],[[30770,67965],[-60,34]],[[30710,67999],[-13,6]],[[30697,68005],[-54,27]],[[30643,68032],[18,6]],[[30661,68038],[90,-12],[19,-40]],[[37786,68076],[1,-13]],[[37787,68063],[36,0],[-17,-67],[-55,12]],[[37751,68008],[-36,0],[35,108]],[[37750,68116],[36,-40]],[[15343,67924],[73,-67],[-72,0],[-37,53],[36,14]],[[30770,67986],[-1,67],[73,-67],[-72,0]],[[33988,68095],[36,-13],[38,-107],[-91,40],[17,80]],[[20805,67948],[19,-94],[-36,0],[-2,134],[19,-40]],[[21328,68006],[1,-26],[108,1],[-72,-28],[-90,-1],[-36,-27],[-36,27],[53,40],[72,14]],[[30533,68087],[-8,4]],[[30525,68091],[8,-4]],[[30661,68038],[-37,13],[90,15],[-53,-28]],[[30497,68105],[-24,12]],[[30473,68117],[24,-12]],[[17006,67980],[37,-40],[-73,26],[36,14]],[[21565,67915],[-17,-68],[-127,-1],[18,54],[36,0],[-20,81],[37,-40],[54,14],[-1,67],[108,28],[37,-67],[72,14]],[[21762,67997],[-55,67],[54,0],[73,-39],[-35,-68],[-53,-54],[-127,26],[-54,-14]],[[22105,68067],[72,-12],[-88,-122],[-54,-14],[-91,13],[36,54],[90,14],[-1,54],[36,13]],[[17584,68052],[54,-13],[-36,-27],[-72,-1],[54,41]],[[37786,68076],[90,54],[-126,-14]],[[37750,68116],[-37,53],[35,68],[-109,12],[145,2],[-17,-81],[90,-13],[55,9]],[[37912,68166],[0,-19]],[[37912,68147],[9,-16]],[[37921,68131],[9,-14]],[[37930,68117],[-72,-14],[1,-26],[-73,-1]],[[31201,68178],[-109,-1],[36,27],[91,1],[-18,-27]],[[36539,68038],[-1,67],[-35,-54],[36,-13]],[[36539,68038],[0,-27],[-90,-14],[17,81],[-73,12],[-1,81],[-162,-15],[-19,54],[90,-13],[53,68],[91,0],[-72,-41],[1,-40],[54,14],[1,-40],[54,-27],[-37,67],[91,-12],[39,-175],[-37,27]],[[28234,68204],[37,-13],[-18,-40],[-73,26],[54,27]],[[30346,68210],[-15,13]],[[30331,68223],[15,-13]],[[20837,68163],[1,-67],[-35,-41],[-73,40],[-1,54],[91,-53],[17,67]],[[30405,68158],[-43,39]],[[30362,68197],[115,14],[-1,41],[55,-13],[0,-41],[-126,-14],[0,-26]],[[31380,68260],[-17,-41],[-72,0],[17,40],[72,1]],[[21236,68140],[1,-81],[-54,0],[16,107],[72,15],[-35,-41]],[[21470,68155],[2,-94],[-72,0],[-1,67],[89,55],[55,-27],[-73,-1]],[[37603,68262],[-54,-27],[-19,54],[35,40],[55,-26],[72,0],[1,-26],[-73,12],[-17,-27]],[[16515,68123],[-36,26],[108,-12],[-72,-14]],[[15285,68152],[1,-54],[-73,-1],[18,54],[54,1]],[[31271,68299],[1,-67],[-72,-1],[-1,68],[72,0]],[[31543,68302],[36,-40],[-91,39],[55,1]],[[28956,68278],[37,-40],[-53,-41],[-1,41],[-90,-41],[1,-54],[-72,13],[-1,40],[143,95],[36,-13]],[[21867,68213],[1,-14],[-127,-1],[54,41],[90,1],[-18,-27]],[[17400,68185],[91,14],[0,-40],[-90,-1],[0,-27],[-72,-1],[1,-40],[-72,-41],[-1,54],[54,41],[-72,-14],[-54,-41],[17,80],[35,41],[73,-13],[19,-40],[71,28]],[[20691,68269],[37,-40],[-18,-27],[-108,-14],[72,27],[17,54]],[[32266,68295],[35,67],[72,14],[-107,-81]],[[16712,68246],[1,-27],[-90,-41],[-19,53],[108,15]],[[17074,68222],[90,28],[19,-40],[-162,-42],[-1,67],[54,-13]],[[18991,68267],[18,-40],[-108,-1],[17,40],[73,1]],[[31179,68379],[1,-54],[-72,-27],[-36,40],[17,40],[90,1]],[[21921,68267],[72,1],[-1,40],[55,1],[1,-54],[-127,12]],[[31794,68425],[-17,-68],[90,-12],[-179,-69],[-2,108],[35,40],[73,1]],[[31705,68343],[18,-40],[36,54],[-54,-14]],[[37346,68475],[19,-67],[73,-13],[18,-26],[54,13],[19,-40],[-54,0],[-36,-41],[-19,81],[-55,-1],[-18,40],[-55,13],[54,41]],[[21921,68267],[-37,13]],[[21884,68280],[-36,0],[-19,53],[72,15],[37,-27],[-17,-54]],[[31377,68448],[73,-13],[1,-54],[-74,67]],[[31630,68450],[20,-107],[-36,13],[17,40],[-72,0],[71,54]],[[30856,68255],[-2,148],[54,0],[-1,54],[54,-13],[1,-54],[-36,13],[-17,-80],[109,1],[18,-27],[-127,12],[-53,-54]],[[35935,68503],[72,-13],[1,-27],[-91,-1],[18,41]],[[19695,68327],[19,-27],[-54,-27],[16,81],[91,14],[-18,-40],[-54,-1]],[[21811,68360],[1,-54],[-37,13],[17,68],[19,-27]],[[32407,68498],[1,-54],[-54,-1],[19,-40],[-54,-14],[-37,67],[108,15],[17,27]],[[15136,68379],[73,-13],[-89,-68],[-145,-2],[-36,-27],[-1,54],[181,2],[17,54]],[[20706,68457],[18,-13],[2,-107],[-54,-1],[0,-54],[-72,0],[-55,80],[17,40],[72,1],[37,-53],[-1,94],[36,13]],[[20814,68458],[37,-13],[-72,-41],[-1,54],[36,0]],[[20507,68469],[0,-27],[-127,-1],[-36,13],[127,1],[36,14]],[[37346,68475],[-54,-1],[-2,68],[-36,26],[-91,-1],[-91,53],[91,-12],[18,-27],[54,27],[91,-39],[20,-94]],[[19873,68490],[19,-40],[54,27],[91,-26],[-145,-28],[-18,27],[-73,-1],[72,41]],[[21519,68505],[19,-40],[-73,-1],[-17,-27],[-73,0],[-54,-28],[0,41],[53,54],[1,-54],[72,14],[0,27],[72,14]],[[35842,68636],[37,-40],[-36,-41],[-1,81]],[[35987,68637],[37,-93],[-36,-14],[-18,40],[-55,26],[72,41]],[[21663,68520],[1,-67],[55,0],[19,-53],[-72,-28],[35,54],[-163,-15],[17,68],[108,41]],[[19095,68509],[19,-66],[-36,-1],[-19,58]],[[19059,68500],[36,9]],[[20578,68537],[19,-40],[-54,-41],[35,81]],[[29584,68593],[20,-94],[-55,13],[35,81]],[[17720,68552],[162,10]],[[17882,68562],[1,-10],[-163,0]],[[29619,68660],[-35,-67]],[[29584,68593],[-54,-1],[-55,53],[54,1],[36,41]],[[29565,68687],[0,-41],[54,14]],[[28570,68691],[36,-27],[73,1],[-17,-94],[91,1],[-35,-68],[-36,-14],[-1,54],[-54,-14],[-55,27],[-19,53],[54,14],[37,-40],[-1,54],[-109,26],[36,27]],[[29112,68696],[-17,-54],[72,1],[1,-41],[-90,-27],[-1,53],[-145,26],[0,27],[162,1],[18,14]],[[30251,68720],[1,-54],[-54,-27],[-144,-15],[-71,-54],[-55,-1],[125,95],[-90,-14],[36,41],[145,-13],[107,42]],[[21680,68601],[-72,-28],[-18,27],[-109,-1],[1,-67],[-55,80],[144,15],[55,-13],[71,27],[73,1],[18,-40],[-108,-1]],[[32421,68766],[19,-67],[-54,-14],[-1,54],[36,27]],[[29619,68660],[0,41],[-54,-14]],[[29565,68687],[-1,26],[73,1],[17,41],[55,-27],[-90,-68]],[[20159,68681],[91,-13],[19,-40],[-73,-1],[55,-40],[-144,-1],[35,27],[-19,54],[36,14]],[[37051,68822],[-36,-54],[-36,26],[17,41],[55,-13]],[[19780,68637],[-54,-1],[71,68],[36,0],[-53,-67]],[[31263,68769],[0,41],[55,-27],[-18,-27],[108,1],[1,-54],[-35,-54],[54,-13],[-107,-54],[16,94],[-54,-1],[-56,94],[36,0]],[[28694,68826],[18,27],[73,-26],[0,-27],[-91,26]],[[29724,68863],[1,-54],[37,-40],[90,14],[-35,-54],[-72,13],[-37,53],[-73,-14],[36,54],[53,28]],[[28694,68826],[-35,-40],[-19,53],[35,41],[19,-54]],[[31262,68863],[-54,0],[35,54],[36,0],[-17,-54]],[[30628,68938],[1,-94],[-54,-14],[-36,27],[35,27],[-1,54],[55,0]],[[21748,68870],[19,-67],[-145,12],[35,54],[91,1]],[[20593,68725],[-36,-14],[-92,53],[36,27],[17,68],[109,-13],[17,27],[73,14],[0,-40],[-54,13],[73,-80],[54,41],[-72,-1],[35,68],[73,-27],[1,-67],[-72,-14],[1,-67],[-73,-1],[54,55],[-73,-1],[-36,26],[1,-67],[-36,0]],[[22363,68876],[1,-54],[-91,26],[90,28]],[[21964,68912],[19,-53],[-73,53],[54,0]],[[29849,68985],[2,-108],[-18,0],[-2,108],[18,0]],[[29198,69006],[18,-40],[2,-121],[19,-27],[-90,-28],[35,41],[-2,148],[18,27]],[[20372,68938],[55,-27],[-72,-14],[-18,-27],[-19,67],[54,1]],[[32435,69022],[-17,-41],[-19,54],[36,-13]],[[33176,69055],[-90,-1],[-1,27],[73,1],[35,41],[-17,-68]],[[30679,69113],[1,-80],[-37,66],[36,14]],[[30119,69095],[36,13],[0,-53],[-163,65],[72,1],[55,-26]],[[35327,69155],[1,-40],[-55,0],[35,67],[19,-27]],[[31456,69174],[73,-40],[-90,-54],[-1,94],[18,0]],[[20912,69091],[55,-13],[-36,-41],[-90,-28],[-1,41],[72,41]],[[31943,69232],[37,-40],[-181,12],[18,27],[126,1]],[[21291,69148],[37,-54],[-35,-40],[-72,-28],[-2,108],[72,14]],[[32125,69180],[-36,0],[-1,67],[126,14],[-90,-41],[1,-40]],[[22665,69187],[19,-40],[-72,-68],[-54,27],[90,41],[17,40]],[[28705,69270],[74,-80],[-72,-68],[-1,67],[-54,-14],[72,55],[-73,-1],[-18,27],[72,14]],[[31401,69214],[2,-121],[-73,53],[54,0],[-19,41],[17,94],[36,0],[-17,-67]],[[21217,69214],[19,-53],[-72,-14],[-37,53],[90,14]],[[30350,69298],[20,-80],[90,1],[72,27],[145,-39],[-17,-67],[-18,40],[-127,26],[-35,-68],[-91,26],[-35,-81],[-54,0],[17,54],[36,14],[-2,120],[-163,-1],[-54,-27],[-37,40],[236,2],[17,13]],[[31616,69310],[55,-40],[-163,12],[108,28]],[[35324,69357],[1,-54],[-55,0],[17,53],[37,1]],[[22809,69242],[-19,27],[109,1],[-90,-28]],[[30748,69329],[54,14],[0,-41],[-144,-1],[90,28]],[[21362,69242],[-19,41],[90,0],[-17,-53],[-54,12]],[[33045,69309],[-36,0],[35,54],[1,-54]],[[29119,69368],[55,-40],[-54,-14],[-1,54]],[[31434,69375],[-19,67],[36,1],[-17,-68]],[[33278,69459],[-17,-54],[-91,-1],[108,55]],[[21288,69342],[36,14]],[[21324,69356],[-36,-14]],[[30656,69395],[1,-54],[-72,0],[-37,40],[18,27],[-91,-1],[0,27],[126,14]],[[30601,69448],[19,-53],[36,0]],[[30946,69371],[-36,13],[161,95],[0,-26],[-125,-82]],[[21413,69394],[19,-30],[-90,-1]],[[21342,69363],[71,31]],[[31234,69454],[-17,-81],[-1,94],[18,-13]],[[31559,69524],[19,-94],[-72,0],[19,-40],[-54,-14],[16,107],[72,41]],[[29388,69504],[1,-40],[-126,-28],[-19,27],[90,54],[54,-13]],[[27073,69483],[55,1],[37,-94],[-36,0],[-1,53],[-72,13],[17,27]],[[43440,69665],[55,2]],[[43495,69667],[-55,-2]],[[43422,69665],[-54,-1]],[[43368,69664],[54,1]],[[30997,69586],[37,-40],[-127,13],[17,27],[73,0]],[[33456,69609],[-35,-41],[-54,-1],[-1,41],[90,1]],[[43277,69697],[54,0],[-35,-34]],[[43296,69663],[-36,-1]],[[43260,69662],[17,35]],[[30799,69504],[0,40],[127,-26],[0,-40],[-126,-1],[-18,-14]],[[30782,69463],[0,-26],[-72,-1],[37,-67],[-54,-14],[-37,40]],[[30656,69395],[17,67],[-73,27],[1,-41]],[[30601,69448],[-72,13],[-19,54],[-73,-1],[90,55],[73,-27],[108,1],[91,-39]],[[42680,69705],[-108,-1],[17,27],[109,1],[-18,-27]],[[31557,69645],[0,-54],[73,14],[36,-40],[-162,-14],[-20,80],[73,14]],[[27451,69621],[-17,-40],[-146,25],[145,1],[18,14]],[[33529,69596],[1,-54],[-54,0],[-20,67]],[[33456,69609],[35,80],[1,-53],[91,1],[0,-27],[73,-13],[-127,-1]],[[42914,69801],[72,-13],[-35,-41],[-109,13],[72,41]],[[43854,69809],[55,-40],[-72,-14],[17,54]],[[30164,69632],[0,-26],[-108,-1],[-19,26],[54,14],[73,-13]],[[43079,69659],[-73,-1]],[[43006,69658],[18,50],[71,41],[0,54],[72,-27],[-17,-67],[-54,-14],[-17,-36]],[[42714,69839],[-18,-27],[-126,13],[35,27],[145,15],[-36,-28]],[[43257,69844],[54,1],[1,-54],[-36,-27],[55,-53],[-54,-14]],[[43277,69697],[-73,26],[18,54],[-20,94],[55,-27]],[[35534,69789],[36,-40],[-53,-55],[-20,108],[37,-13]],[[30018,69725],[-19,40],[90,14],[-71,-54]],[[43581,69901],[-16,-94],[-73,12],[36,41],[-55,0],[36,40],[72,1]],[[43147,69910],[1,-67],[-54,0],[-1,67],[54,0]],[[26870,69723],[1,-54],[-36,14],[17,80],[36,14],[-18,-54]],[[42351,69917],[-36,-27],[-36,26],[72,1]],[[45245,69911],[-72,-7]],[[45173,69904],[36,38],[36,-31]],[[32458,69801],[-36,40],[90,1],[-54,-41]],[[31228,69844],[-36,-41],[37,-40],[-72,-1],[17,27],[-90,13],[-55,53],[72,1],[0,-27],[127,15]],[[45462,69933],[-54,-6]],[[45408,69927],[-1,57],[91,-12],[-36,-39]],[[33868,69894],[18,-26],[91,-13],[-18,-27],[-109,39],[18,27]],[[27106,69698],[-55,27],[1,-40],[54,13]],[[27106,69698],[0,-26],[-72,-1],[-18,27],[-2,107],[17,27],[91,14],[-71,-81],[127,-39],[1,-40],[-73,12]],[[27176,69860],[36,-40],[-35,-54],[-1,94]],[[43290,69992],[-35,-13],[-18,-54],[-54,-14],[36,40],[17,68],[72,0],[-18,-27]],[[31443,69926],[2,-107],[37,-40],[-17,-41],[2,-121],[-37,13],[-3,189],[-20,93],[36,14]],[[31136,69937],[36,-27],[1,-67],[-54,26],[-73,0],[0,40],[-109,-14],[36,27],[163,15]],[[31642,69968],[73,-80],[1,-67],[-36,0],[17,54],[-90,-1],[-55,26],[-18,40],[90,1],[18,27]],[[31823,69970],[18,-27],[-127,-1],[18,27],[91,1]],[[43036,70071],[37,-54],[-54,-27],[73,1],[0,-54],[-127,66],[71,68]],[[32491,70003],[92,-67],[-55,13],[-54,-27],[17,81]],[[31424,70007],[1,-68],[-36,13],[35,55]],[[45061,70102],[-36,27],[72,14],[-36,-41]],[[43198,70099],[73,-13],[-18,-40],[-72,13],[-1,80],[108,1],[-17,-40],[-73,-1]],[[30899,70042],[2,-134],[-37,80],[35,54]],[[34118,70071],[37,-40],[-72,-14],[35,54]],[[34353,70060],[-53,-54],[-90,-1],[-1,27],[73,0],[-37,40],[144,2],[-36,-14]],[[36543,70026],[1,-94],[-37,40],[0,54],[53,54],[19,-40],[-36,-14]],[[45223,70171],[55,-40],[-145,-1],[0,26],[90,15]],[[26341,70000],[-53,-40],[-1,53],[54,-13]],[[42889,70204],[-17,-68]],[[42872,70136],[36,14]],[[42908,70150],[90,41],[-35,-67],[18,-40],[-35,-14],[-109,26],[-19,26],[2,-134],[-54,-14],[36,41],[-20,80],[-54,13],[72,28],[17,54],[72,14]],[[31043,70070],[17,41],[-108,12],[126,1],[2,-80],[-54,-55],[17,81]],[[33324,69983],[-19,41],[53,54],[1,-54],[-35,-41]],[[43233,70207],[-18,-41],[-54,0],[71,94],[55,-26],[-54,-27]],[[26285,70121],[36,-13],[2,-81],[-55,26],[-90,-27],[107,95]],[[31476,70168],[0,-27],[72,1],[-71,-41],[126,1],[1,-27],[-91,0],[-53,-55],[-2,108],[18,40]],[[32868,70194],[55,-26],[-54,-27],[19,-54],[-36,-41],[37,-13],[-145,-1],[35,54],[55,-13],[34,121]],[[45316,70292],[8,-13]],[[45324,70279],[-12,-14],[-199,-1],[18,27],[90,14],[-18,-27],[113,14]],[[42889,70204],[-37,67],[90,27],[19,-53],[-17,-54],[-55,13]],[[23807,70111],[-72,0],[53,40],[55,1],[-36,-41]],[[34133,70259],[1,-67],[-72,-14],[-37,27],[36,40],[72,14]],[[36737,70296],[-16,-107],[-19,53],[35,54]],[[31636,70291],[54,13],[37,-53],[-107,-41],[53,67],[-37,14]],[[30931,70311],[-71,-81],[-2,67],[73,14]],[[31636,70291],[-72,-15],[-54,27]],[[31510,70303],[126,-12]],[[31147,70340],[37,-27],[1,-53],[-36,-14],[-2,94]],[[30949,70311],[-18,0]],[[30931,70311],[-2,67],[73,-26],[1,-27],[91,-26],[-18,-27],[-72,-1],[-55,40]],[[31510,70303],[-36,-27],[-2,107],[38,-80]],[[32159,70403],[109,-26],[-35,-68],[-1,54],[-73,40]],[[44946,70517],[2,-94],[-73,0],[35,81],[36,13]],[[32521,70393],[19,-27],[72,1],[1,-41],[-91,13],[-54,-27],[-35,-68],[-127,26],[54,14],[17,40],[73,1],[71,68]],[[32719,70435],[-36,-14],[19,-40],[-54,-1],[-1,54],[72,1]],[[31290,70435],[2,-121],[-36,0],[16,121],[18,0]],[[30965,70446],[-36,-14],[-1,54],[90,-13],[-53,-27]],[[32159,70403],[-54,-14],[-127,52],[-19,27]],[[31959,70468],[90,1],[54,41],[1,-67],[36,27],[19,-67]],[[44908,70665],[37,-40],[-91,-1],[-1,40],[55,1]],[[31867,70534],[36,14],[56,-80]],[[31959,70468],[-72,-1],[-19,27],[-72,13],[-1,27]],[[31795,70534],[36,40]],[[31831,70574],[36,-40]],[[42918,70674],[54,-13],[-17,-40],[19,-54],[54,1],[-17,-41],[-73,13],[-20,134]],[[37509,70666],[2,-107],[-54,-14],[1,-67],[-54,-1],[-1,67],[71,68],[-55,13],[18,40],[72,1]],[[31976,70549],[71,41],[-72,-1],[1,-40]],[[31976,70549],[-36,-27],[-20,94],[18,13],[127,1],[1,-94],[-90,13]],[[36804,70619],[-54,13],[72,28],[-1,27],[73,-13],[-90,-55]],[[43350,70759],[-53,-68],[-55,40],[108,28]],[[31831,70574],[-36,-40]],[[31795,70534],[-109,66],[-163,-2],[-73,40],[-1,40],[109,1],[0,-26],[127,1],[18,-40],[55,0],[1,-54],[72,14]],[[37038,70742],[36,-40],[1,-53],[-54,-14],[-1,67],[-90,-28],[17,54],[91,14]],[[43313,70839],[1,-67],[-37,40],[36,27]],[[32839,70825],[56,-93],[-72,26],[-20,67],[36,0]],[[42787,70915],[55,-40],[-90,-28],[35,68]],[[27486,70803],[-17,-80],[-36,-14],[-19,67],[72,27]],[[32658,70877],[54,-26],[-71,-81],[-36,0],[53,107]],[[42063,70922],[0,13]],[[42063,70935],[36,14],[1,-54],[-37,27]],[[27557,70844],[38,-66],[72,14],[36,-27],[-72,-27],[-108,-1],[35,40],[-1,67]],[[29619,70890],[0,-40],[-72,-1],[17,41],[55,0]],[[32169,70886],[20,-80],[-36,-14],[-2,81],[-54,-1]],[[32097,70872],[37,-40],[-72,0],[-72,-28],[-35,-67],[-1,53],[53,41],[53,81],[109,-26]],[[27086,70880],[91,-12],[-17,-41],[-163,-1],[-72,-28],[1,-40],[-91,-14],[54,27],[17,54],[127,15],[53,40]],[[32169,70886],[36,41],[127,-26],[0,-27],[127,2],[-18,-27],[-163,12],[-19,40],[-90,-15]],[[42063,70935],[0,-13]],[[42063,70922],[-53,-28],[-73,0],[17,80],[-54,0],[-1,40],[91,-12],[1,-54],[72,-13]],[[29329,70887],[-72,13],[179,69],[-107,-82]],[[44611,71119],[-17,-67],[-90,-28],[53,68],[54,27]],[[29201,70994],[36,-27],[-107,-41],[-1,40],[72,28]],[[42424,71019],[71,95]],[[42495,71114],[37,-81],[36,14],[1,-80],[-36,-1],[-19,81],[-54,-41],[-36,13]],[[42495,71114],[-72,-41],[1,-54]],[[42424,71019],[-19,67]],[[42405,71086],[53,54],[37,-26]],[[33162,71030],[-17,-68],[-55,0],[17,67],[-36,27],[90,1],[1,-27]],[[41987,71176],[1,-80],[-36,13],[-19,53],[54,14]],[[42946,71185],[-54,-68],[-54,13],[-54,-41],[-72,27],[108,1],[-19,67],[145,1]],[[32943,71135],[37,-53],[-54,-27],[-19,67],[36,13]],[[43072,71186],[-35,-54],[-36,0],[35,67],[36,-13]],[[42405,71086],[-18,-27],[-91,26],[72,41],[17,54],[54,0],[18,41],[54,0],[-35,-54],[-73,-14],[2,-67]],[[28982,71086],[-90,-1],[17,27],[73,1],[0,-27]],[[31930,71139],[36,-13],[1,-53],[-54,-14],[17,80]],[[32492,71051],[18,-14]],[[32510,71037],[-18,14]],[[32492,71051],[-19,40]],[[32473,71091],[-90,12],[72,14],[35,41],[55,-13],[17,27],[37,-40],[-72,-1],[1,-80],[55,0],[0,-40],[-126,-1],[35,41]],[[32816,71174],[1,-53],[54,0],[0,-40],[-72,13],[-20,80],[37,0]],[[41859,71256],[55,-40],[-54,-14],[-55,53],[54,1]],[[44465,71185],[17,94],[36,0],[-17,-67],[-36,-27]],[[44608,71294],[37,-54],[-72,0],[-1,53],[36,1]],[[33430,71207],[-35,-41],[17,68],[18,-27]],[[41695,71321],[1,-67],[-72,0],[-1,67],[72,0]],[[29233,71209],[37,-13],[-72,-28],[35,41]],[[33032,71230],[54,1],[1,-41],[-145,-1],[-1,54],[108,41],[-17,-54]],[[41840,71309],[19,-26],[-54,-14],[17,54],[53,40],[19,-26],[-54,-28]],[[42363,71421],[1,-67],[72,1],[-35,-54],[37,-67],[-72,26],[-1,41],[-91,-1],[-20,120],[109,1]],[[33301,71340],[37,0]],[[33338,71340],[-18,-40]],[[33320,71300],[-36,-14],[-19,67],[36,-13]],[[42471,71422],[109,15],[0,-27],[-72,-1],[-72,-27],[35,40]],[[28870,71327],[-109,-15],[-18,27],[163,1],[-36,-13]],[[33338,71340],[-37,0]],[[33301,71340],[18,40],[90,-12],[1,-54],[-37,40],[-35,-14]],[[41873,71498],[-17,-68],[-91,40],[0,27],[108,1]],[[42452,71476],[19,-54]],[[42471,71422],[-72,0],[-37,53],[90,28],[0,-27]],[[33480,71463],[-73,39],[145,1],[-72,-40]],[[32847,71470],[35,54],[55,-26],[-90,-28]],[[33480,71463],[-17,-28],[-91,13],[-37,27],[18,54],[37,-67],[90,1]],[[42233,71622],[19,-54],[55,-40],[-54,-40],[-19,80],[-54,-14],[-1,54],[54,14]],[[35414,71574],[19,-54],[-36,-13],[17,67]],[[33568,71638],[1,-54],[-73,13],[72,41]],[[33062,71620],[-73,-1],[0,27],[72,1],[18,27],[72,0]],[[33151,71674],[1,-53],[-90,-1]],[[27508,71636],[18,-26],[-90,-28],[36,54],[36,0]],[[23744,71723],[2,-148],[-74,147],[72,1]],[[33151,71674],[-19,41]],[[33132,71715],[-18,26],[35,81],[1,-67],[36,-26],[-35,-55]],[[44399,71937],[-18,-27],[-73,26],[91,1]],[[34684,71944],[19,-41],[-108,-1],[89,42]],[[34939,71852],[-54,-1],[53,68],[1,-67]],[[33094,71862],[-19,67],[36,14],[-17,-81]],[[23166,71879],[3,13]],[[23169,71892],[-3,-13]],[[23958,71899],[-36,-13],[-17,-81],[-72,-14],[54,40],[17,68],[54,0]],[[24138,71928],[-72,-14],[-18,26],[126,2],[-36,-14]],[[43418,72156],[37,-40],[-53,-41],[-20,81],[36,0]],[[32819,72074],[19,-40],[-54,-14],[-73,13],[108,41]],[[42606,72068],[52,95],[37,0],[-35,-67],[-54,-28]],[[33452,72053],[-72,-14],[1,-27]],[[33381,72012],[19,-80],[-72,-28],[18,41],[-181,-15],[18,27],[72,-13],[35,68],[54,27]],[[33344,72039],[36,41],[72,-27]],[[23958,71899],[53,54],[-72,0],[-19,40],[145,15],[-35,-95],[-72,-14]],[[27103,72049],[55,-53],[-144,-1],[90,14],[-1,40]],[[32492,72125],[55,-13],[-18,-27],[-108,-1],[17,41],[54,0]],[[33453,72013],[-1,40]],[[33452,72053],[0,54],[-37,27],[109,-13],[-34,-148],[-54,-27],[17,67]],[[27103,72049],[-108,-1],[71,41],[37,-40]],[[33217,72078],[72,14],[-19,40],[54,14],[20,-80],[-91,-1],[-35,-81],[-36,13],[-20,107],[55,-26]],[[43852,72214],[-145,-15],[18,27],[127,-12]],[[24407,72078],[1,-54],[55,-26],[-90,-14],[-181,-2],[-1,27],[127,1],[-1,40],[55,-39],[35,67]],[[23991,72061],[-35,-41],[-91,40],[90,14],[90,54],[0,-40],[-54,-27]],[[23592,72165],[0,-41],[-53,-27],[53,68]],[[33142,72252],[0,-27],[-90,-1],[90,28]],[[33919,72286],[1,-54],[108,28],[-35,-81],[-108,-1],[-38,54],[36,54],[36,0]],[[33938,72219],[55,-13],[17,27],[-72,-14]],[[26883,72235],[55,-26],[0,-40],[-54,26],[-127,-15],[17,54],[109,1]],[[33557,72323],[18,-40],[-72,-1],[54,41]],[[27009,72263],[19,-53],[-54,-41],[-1,107],[36,-13]],[[33919,72286],[-1,27],[109,1],[0,-27],[-108,-1]],[[23373,72257],[92,-94],[-54,-14],[-38,108]],[[23644,72299],[55,-26],[-18,-54],[-54,0],[36,40],[-55,0],[36,40]],[[33610,72350],[-36,27],[108,14],[38,-80],[-127,-1],[17,40]],[[43793,72482],[73,-13],[0,-27],[-90,0],[17,40]],[[32688,72328],[-72,-14],[-73,53],[108,1],[0,27],[90,1],[1,-40],[-54,-28]],[[33917,72434],[0,-54],[73,14],[0,-54],[-90,13],[17,81]],[[24221,72372],[38,-54],[-55,0],[-19,54],[36,0]],[[24656,72349],[-72,-28],[-55,40],[108,15]],[[24637,72376],[19,-27]],[[26863,72356],[18,-27],[-108,-14],[-1,40],[54,41],[72,14],[-35,-54]],[[24656,72349],[-19,27]],[[24637,72376],[54,27],[19,-54],[-54,0]],[[33917,72434],[-37,40],[90,14],[-17,-54],[-36,0]],[[43972,72631],[1,-67],[-127,12],[0,-26],[-90,-15],[-1,54],[163,15],[54,27]],[[24763,72457],[-54,-13],[35,54],[72,14],[-17,-54],[-36,-1]],[[32503,72569],[55,-40],[-90,12],[35,28]],[[24457,72361],[1,-68],[-36,-13],[-2,94],[-54,-1],[-17,-40],[-54,-28],[-19,27],[54,14],[0,54],[-109,-15],[-18,27],[72,14],[181,2],[-19,40],[54,27],[2,-107],[-36,-27]],[[32123,72605],[2,-107],[-55,-14],[53,121]],[[33895,72648],[74,-80],[-36,-67],[-36,40],[-36,-14],[34,121]],[[32085,72686],[55,-27],[1,-40],[-73,13],[17,54]],[[24904,72674],[36,-27],[-17,-40],[-37,40],[-108,-1],[126,28]],[[43552,72843],[1,-54],[-72,-41],[17,67],[54,28]],[[44402,72837],[19,-27],[-72,-14],[-1,40],[54,1]],[[43552,72843],[-37,53],[72,1],[19,-41],[-54,-13]],[[32517,72824],[1,-54],[36,27],[1,-53],[-55,-1],[17,81]],[[24669,72671],[-19,54],[35,41],[37,-27],[-54,-27],[1,-41]],[[24973,72835],[37,-26],[-17,-40],[-145,12],[125,54]],[[33438,72940],[19,-81],[-108,-1],[71,41],[18,41]],[[25045,72876],[36,1],[-16,-94],[-37,53],[17,40]],[[28210,72919],[20,-80],[-73,12],[-1,67],[54,1]],[[27992,72984],[19,-53],[55,-27],[-54,-27],[-109,39],[54,14],[-19,40],[54,14]],[[32948,73029],[37,-26],[-91,-14],[1,-54],[-35,-81],[-36,0],[17,53],[-108,-1],[18,-26],[-72,-1],[53,68],[108,41],[0,27],[72,-13],[36,27]],[[41847,73096],[2,-67],[54,-40],[-72,13],[-2,107],[18,-13]],[[28281,73000],[20,-94],[-36,0],[-20,67],[36,27]],[[25007,72970],[-17,-27],[55,-67]],[[25045,72876],[-199,12],[35,68],[71,67],[91,-12],[-36,-41]],[[40723,73261],[1,-41],[-90,-14],[-1,27],[90,28]],[[43907,73262],[-144,-15],[53,28],[91,-13]],[[24932,73131],[19,-40],[-72,-41],[-1,67],[54,14]],[[24751,73142],[2,-80],[-36,-14],[-37,53],[71,41]],[[28224,73188],[2,-121],[-18,0],[-2,121],[18,0]],[[25384,73175],[-19,27],[145,28],[0,-27],[-126,-14],[0,-14]],[[40270,73283],[-36,0],[17,81],[19,-81]],[[28168,73268],[4,-202],[-73,27],[53,54],[-2,121],[18,0]],[[45099,73407],[1,-94],[-38,107],[37,-13]],[[32707,73403],[0,-27],[73,-53],[-72,-14],[1,-40],[54,0],[-35,-40],[-74,53],[36,14],[17,107]],[[40014,73483],[37,-40],[-54,-41],[-19,67],[36,14]],[[40375,73513],[19,-67],[-71,-28],[-38,107],[90,-12]],[[45059,73622],[1,-81],[-54,0],[-1,80],[54,1]],[[33916,73535],[1,-54],[-36,40],[35,14]],[[44516,73644],[109,-40],[-35,-40],[-19,40],[-73,13],[18,27]],[[44135,73694],[37,-40],[-17,-27],[-145,12],[17,27],[73,1],[35,27]],[[25649,73527],[36,14],[19,-67],[-54,12],[-72,-14],[71,55]],[[33064,73675],[19,-53],[-54,-1],[-17,-67],[-19,40],[-54,-27],[35,80],[90,28]],[[39738,73789],[0,-27],[-72,0],[1,-54],[-55,40],[-73,-1],[18,27],[54,-13],[18,27],[109,1]],[[40931,73827],[-18,26],[72,14],[-17,-67],[-37,27]],[[39212,73852],[19,-67],[-54,-14],[-1,94],[36,-13]],[[39103,73904],[19,-67],[-127,13],[-1,40],[109,14]],[[29060,74042],[55,-67],[19,-54],[-72,0],[-37,40],[-19,80],[54,1]],[[39913,74113],[37,-13],[-18,-40],[-54,26],[35,27]],[[39025,74213],[19,-54],[-53,-41],[-74,67],[108,28]],[[42351,74390],[0,-13],[-126,-1],[90,41]],[[42315,74417],[36,-27]],[[29960,74305],[-54,-14],[-19,27],[91,14],[-18,-27]],[[38895,74440],[36,-13],[-71,-55],[-73,0],[18,40],[90,28]],[[42351,74390],[-36,27]],[[42315,74417],[17,40],[-37,27],[91,0],[-18,-40],[19,-54],[-36,0]],[[30593,74324],[-54,-14],[-19,67],[-72,-27],[-19,67],[36,-27],[109,1],[55,-39],[-36,-28]],[[31495,74440],[73,-13],[-18,-27],[-90,13],[35,27]],[[28330,74425],[1,-41],[-91,-1],[-19,41],[109,1]],[[27642,74432],[2,-81],[-54,-14],[-2,67],[36,54],[72,1],[-54,-27]],[[28908,74443],[-108,-1],[-1,27],[109,1],[0,-27]],[[28165,74530],[91,-12],[-18,-27],[-72,-1],[-1,40]],[[45023,74723],[73,-13],[-18,-27],[-90,-1],[35,41]],[[29051,74592],[19,-53],[-36,-54],[-19,94],[36,13]],[[27549,74605],[91,-12],[-54,-28],[-73,0],[36,40]],[[43684,74765],[-17,-54],[108,14],[-17,-40],[-127,-15],[17,94],[36,1]],[[29303,74675],[-54,-41],[-1,54],[55,-13]],[[29303,74675],[36,14],[144,1],[1,-53],[-36,13],[-72,-41],[-1,53],[-36,0],[2,-121],[-55,67],[17,67]],[[30733,74608],[90,14],[-17,-41],[-163,-1],[-36,-14],[-1,54],[73,-13]],[[30679,74607],[53,28],[-19,80],[109,-12],[-72,-55],[-17,-40]],[[43682,74859],[73,-27],[1,-40],[-91,13],[-36,-27],[-19,53],[72,28]],[[28470,74721],[-55,0],[-1,54],[55,13],[1,-67]],[[30929,74798],[0,-27],[91,0],[-54,-27],[-17,-54],[-73,0],[0,26],[72,1],[-73,53],[17,41],[37,-13]],[[34618,74885],[1,-67],[-145,12],[72,41],[72,14]],[[41492,74933],[1,-54],[-36,0],[17,54],[-55,26],[91,1],[-18,-27]],[[43247,74949],[108,-13],[-53,-27],[0,-54],[-72,0],[-18,26],[16,81],[19,-13]],[[43445,75018],[19,-67],[-109,-1],[53,67],[37,1]],[[47381,75066],[-11,-11]],[[47370,75055],[11,11]],[[47395,75080],[-7,-7]],[[47388,75073],[7,7]],[[34490,74978],[18,-27],[-108,-1],[-19,27],[109,1]],[[43317,75057],[-17,-27],[-72,-14],[53,67],[72,15],[-36,-41]],[[47368,75173],[19,-67],[-73,27],[0,40],[54,0]],[[28229,75028],[37,-40],[-71,-41],[-20,81],[54,0]],[[31069,75067],[19,-26],[1,-94],[-18,-27],[-72,-14],[72,67],[-19,41],[17,53]],[[43803,75236],[19,-40],[-91,-1],[72,41]],[[28301,75082],[0,-26],[-72,-1],[17,40],[55,-13]],[[28498,75178],[-17,-54],[-109,-1],[90,28],[18,41]],[[28480,75192],[18,-14]],[[35517,75242],[-19,40],[127,1],[-18,-27],[-90,-14]],[[46207,75365],[-37,40],[91,0],[-54,-40]],[[36729,75240],[-36,-27]],[[36693,75213],[-54,-14],[-1,53],[36,28],[72,0],[18,54],[36,0],[-35,-94],[-36,0]],[[28498,75178],[-18,14]],[[28480,75192],[-37,53],[108,14],[-17,-67],[-36,-14]],[[28696,75274],[1,-54],[-91,0],[0,26],[90,28]],[[43041,75377],[-54,-1],[35,41],[54,0],[-35,-40]],[[36709,75374],[18,-40],[-126,-1],[17,40],[91,1]],[[44324,75482],[19,-53],[-109,12],[90,41]],[[29219,75346],[2,-121],[-38,121],[36,0]],[[36726,75441],[18,-27],[-144,-14],[17,40],[109,1]],[[29074,75345],[1,-54],[-37,53],[36,41],[54,-26],[-54,-14]],[[46114,75538],[72,-12],[1,-41],[-90,0],[-19,40],[36,13]],[[42188,75530],[19,-53],[-163,-2],[0,27],[108,1],[36,27]],[[41410,75524],[-35,-41],[-19,40],[54,1]],[[41808,75500],[1,-54],[-55,40],[90,68],[18,-26],[-54,-28]],[[42333,75532],[35,27],[20,-67],[-55,13],[1,-40],[-55,13],[18,40],[-73,40],[109,-26]],[[32347,75482],[1,-67],[-73,-1],[0,27],[72,41]],[[41988,75569],[-17,-54],[-54,13],[71,41]],[[43309,75594],[1,-67],[-36,0],[16,80],[19,-13]],[[44428,75725],[19,-13],[1,-108],[-54,0],[36,40],[-2,81]],[[36633,75588],[-1,54],[108,28],[-17,-54],[-73,-1],[-17,-27]],[[31059,75658],[38,-80],[-18,-40],[-53,-28],[35,68],[-37,40],[35,40]],[[43217,75674],[-37,13],[0,54],[72,27],[19,-53],[54,0],[-53,-67],[-55,26]],[[42654,75803],[19,-53],[-72,-1],[-1,40],[54,14]],[[35670,75808],[37,-40],[-72,-1],[-19,27],[54,14]],[[36682,75884],[2,-121],[-90,-14],[17,54],[36,0],[35,81]],[[36773,75871],[-72,-40],[-1,53],[73,-13]],[[42579,75991],[1,-67],[-54,-41],[-1,67],[54,41]],[[41295,75939],[-91,-1],[0,27],[72,1],[36,27],[55,-13],[-72,-41]],[[43754,76041],[19,-80],[-36,-27],[-1,67],[-54,-27],[0,40],[72,27]],[[44333,76047],[0,-27],[-108,-1],[17,27],[91,1]],[[45798,76073],[1,-67],[-74,80],[90,14],[-17,-27]],[[41343,76315],[-54,-13],[1,-41],[-54,-14],[17,68],[90,0]],[[41035,76353],[36,-27],[-72,0],[1,-81],[-91,40],[55,0],[-1,54],[72,14]],[[40890,76379],[18,-41],[-53,-27],[-1,54],[36,14]],[[32655,76533],[-19,67],[90,14],[0,-27],[-72,-1],[1,-53]],[[41319,76691],[0,-40],[-90,-14],[36,40],[54,14]],[[41138,76676],[-37,40],[54,14],[-17,-54]],[[33790,76852],[0,-40],[-90,-28],[0,40],[90,28]],[[40991,76850],[-19,26],[90,15],[-71,-41]],[[42239,76861],[-55,26],[72,1],[17,67],[37,0],[0,-53],[-71,-41]],[[45385,76983],[-35,-54],[-1,54],[36,0]],[[42997,76988],[54,-12],[-90,-28],[36,40]],[[42707,76999],[-54,0],[17,40],[72,1],[-35,-41]],[[33841,77014],[55,-13],[-90,-28],[35,41]],[[41565,77137],[19,-54],[-72,-41],[17,95],[36,0]],[[43591,77182],[-127,-28],[36,27],[91,1]],[[33733,76999],[-19,40],[53,68],[1,-67],[-35,-41]],[[34219,77124],[1,-26],[73,-27],[0,-26],[-73,12],[-36,40],[35,27]],[[36607,77133],[1,-14],[-199,-2],[-1,27],[217,2],[-18,-13]],[[35846,77247],[0,-41],[-90,0],[-1,40],[91,1]],[[41743,77313],[19,-40],[-72,-41],[-1,67],[54,14]],[[34199,77232],[-36,26],[72,14],[1,-53],[-37,13]],[[36188,77317],[1,-40],[-54,-28],[-19,67],[72,1]],[[41254,77349],[-54,-27],[-1,40],[55,-13]],[[42898,77471],[-17,-40],[-19,67],[72,0],[-36,-27]],[[43151,77500],[1,-67],[37,-53],[-90,-1],[-1,54],[53,67]],[[41325,77444],[126,1],[-90,-28],[-108,-1],[53,68],[36,14],[-17,-54]],[[27611,77387],[37,-27],[1,-54],[-37,54],[-109,-1],[18,27],[90,1]],[[40799,77506],[55,-40],[-54,0],[-18,-41],[-36,14],[-1,53],[54,14]],[[28099,77418],[19,-27],[-127,-1],[-36,13],[126,1],[18,14]],[[35029,77387],[1,-27],[-73,0],[17,53],[54,14],[17,68],[37,-40],[-53,-68]],[[35283,77336],[-54,-28],[36,68],[54,-13],[-1,67],[-36,-41],[-72,13],[-37,40],[-54,-27],[1,-67],[-54,13],[36,27],[-1,53],[89,68],[19,-67],[36,14],[-19,54],[109,-13],[-1,41],[74,-53],[0,-54],[-53,-41],[-35,-67],[-37,13]],[[40689,77599],[-17,-81],[54,14],[1,-53],[-91,26],[18,40],[-73,0],[54,54],[54,0]],[[27573,77507],[0,-27],[-72,0],[38,-81],[-91,13],[-1,54],[54,40],[72,1]],[[28242,77540],[-17,-94],[-19,80],[36,14]],[[42823,77685],[0,-26],[91,-13],[-127,-1],[36,40]],[[27573,77507],[17,41],[73,-27],[-1,41],[54,40],[-17,-80],[-35,-28],[-91,13]],[[27733,77683],[-72,-54],[-1,67],[109,14],[-36,-27]],[[28077,77686],[55,-53],[-54,-14],[-55,27],[-1,67],[90,1],[-35,-28]],[[40395,77892],[0,-54],[36,14],[20,-67],[-91,40],[35,67]],[[35437,77874],[1,-53],[-55,26],[54,27]],[[42165,78042],[1,-27],[-90,-14],[-1,54],[90,-13]],[[41333,78075],[0,-40],[-72,-1],[-1,27],[73,14]],[[27422,77868],[89,95],[-15,-161],[-55,13],[-17,-27],[108,1],[54,27],[72,1],[-17,-41],[73,-26],[-127,-14],[18,40],[-109,-14],[-127,39],[54,14],[-1,53]],[[33008,78161],[19,-40],[-72,-27],[17,67],[36,0]],[[27473,78070],[-1,94],[19,-93],[-18,-1]],[[30094,78242],[0,-27],[-72,13],[72,14]],[[35628,78360],[55,-13],[-18,-27],[-90,-15],[17,54],[36,1]],[[31358,78361],[38,-94],[-54,0],[16,94]],[[40676,78378],[-72,0],[71,67],[1,-67]],[[40584,78471],[37,-26],[-36,-27],[-55,40],[54,13]],[[42665,78503],[54,-39],[-90,-1],[-19,27],[55,13]],[[42770,78706],[73,-26],[-18,-27],[-73,12],[-35,-27],[-1,54],[54,14]],[[34773,78647],[73,-12],[0,-27],[-72,13],[-72,-28],[71,54]],[[29835,78549],[-37,40],[55,0],[-18,-40]],[[29943,78617],[19,-40],[-18,-54],[-36,0],[-1,80],[36,14]],[[40906,78730],[54,-27],[-72,0],[18,27]],[[34502,78645],[-37,26],[127,15],[-18,-27],[-72,-14]],[[40200,78710],[-17,-27],[-91,12],[-35,-40],[-2,67],[163,15],[-18,-27]],[[39601,78839],[-72,-14],[17,40],[91,1],[-36,-27]],[[41554,78923],[54,-13],[-89,-41],[-37,40],[72,14]],[[41699,78898],[-18,27],[53,27],[1,-54],[-36,0]],[[35131,78879],[-72,-1],[36,28],[90,0],[38,-80],[-36,-14],[-37,54],[0,-54],[-54,26],[35,41]],[[35420,78922],[1,-67],[-127,52],[126,15]],[[41970,78927],[-18,27],[71,54],[1,-54],[-54,-27]],[[34877,78957],[19,-94],[-36,-13],[-1,107],[18,0]],[[29847,78925],[1,-40],[-90,-15],[1,-67],[-73,0],[-36,26],[16,94],[55,-26],[72,1],[54,27]],[[41913,79074],[1,-40],[-108,-1],[-1,27],[108,14]],[[42112,79116],[1,-53],[72,-26],[37,-40],[-54,-1],[-92,66],[36,54]],[[41712,79207],[1,-67],[-91,39],[90,28]],[[31562,79142],[55,-40],[-90,-1],[-19,41],[54,0]],[[41712,79207],[0,40],[108,1],[19,-27],[-127,-14]],[[40788,79306],[1,-54],[-73,13],[18,41],[54,0]],[[36355,79293],[1,-40],[-91,-1],[0,27],[90,14]],[[39105,79291],[-54,-14],[53,81],[91,1],[-72,-28],[-18,-40]],[[43934,79415],[20,-94],[2,-107],[-18,-14],[-2,107],[-37,54],[-54,13],[17,27],[72,14]],[[41273,79499],[37,-40],[-72,-15],[-55,54],[90,1]],[[42250,79494],[-54,-1],[18,41],[72,0],[-36,-40]],[[43950,79563],[19,-54],[-72,-14],[-36,-41],[17,68],[55,0],[17,41]],[[41562,79555],[-17,-67],[90,0],[19,-26],[-90,-28],[-19,27],[-72,-1],[35,81],[54,14]],[[40767,79494],[-37,27],[54,13],[-17,-40]],[[41995,79599],[73,-40],[1,-26],[-145,-15],[-18,26],[90,15],[-1,40]],[[42139,79667],[1,-53],[36,14],[19,-54],[-73,13],[-19,80],[36,0]],[[41144,79685],[18,-13],[-53,-81],[-54,-14],[-1,40],[72,28],[-19,67],[54,14],[-17,-41]],[[36892,79647],[1,-54],[-37,14],[0,53],[53,41],[-17,-54]],[[32169,79685],[18,-40],[-72,-14],[17,54],[37,0]],[[42788,79821],[-18,-40],[-126,-2],[54,28],[90,14]],[[38917,79719],[-19,67]],[[38898,79786],[90,14],[-17,-27],[1,-107],[55,-13],[-72,-27],[-55,53],[17,40]],[[32007,79630],[-109,-1],[17,80],[-91,40],[-1,40],[73,-13],[128,-106],[54,1],[-17,-68],[-36,13],[-35,-40],[-55,26],[72,28]],[[43166,79918],[19,-53],[-54,-1],[-19,54],[54,0]],[[38879,79867],[0,-14]],[[38879,79853],[19,-67]],[[38898,79786],[-54,-27],[18,54],[-127,-28],[0,40],[89,55]],[[38824,79880],[55,-13]],[[38879,79853],[-72,-27],[72,0],[0,27]],[[41646,79972],[0,-40],[-72,13],[0,-41],[-54,-27],[35,94],[91,1]],[[38879,79867],[15,148],[54,27],[-35,-54],[20,-107],[-54,-14]],[[39763,79982],[-36,0],[53,108],[-17,-108]],[[39202,80017],[-36,-27],[2,-80],[-90,-42],[-127,26],[108,15],[-1,40],[-72,-28],[-37,81],[72,0],[1,-40],[90,28],[35,40],[0,54],[162,1],[1,-40],[-109,13],[1,-41]],[[39130,79963],[-53,-54],[36,-13],[36,40],[-19,27]],[[40430,80149],[1,-40],[-54,-1],[-72,-41],[-1,54],[126,28]],[[40519,80244],[20,-80],[-36,-41],[-55,26],[54,14],[17,81]],[[40519,80244],[-19,40],[91,1],[-72,-41]],[[41351,80278],[-54,-14],[18,-26],[-90,-14],[35,67],[91,-13]],[[36358,80180],[-18,40],[36,14],[-18,-54]],[[38582,80307],[1,-80],[38,-81],[36,-26],[109,14],[19,-40],[-73,-1],[-17,-27],[144,2],[38,-81],[-36,-13],[-74,80],[-144,-15],[-1,27],[-73,26],[-37,40],[0,54],[36,0],[17,67],[-19,40],[36,14]],[[36971,80320],[20,-67],[-73,12],[53,55]],[[43539,80379],[19,-54],[1,-94],[38,-67],[-91,13],[35,54],[-37,93],[-1,54],[36,1]],[[42545,80302],[-37,40],[54,28],[-17,-68]],[[40879,80395],[37,-53],[-54,-14],[-55,26],[17,41],[55,0]],[[36716,80425],[1,-41],[54,-12],[-17,-28],[-73,13],[-1,67],[36,1]],[[37115,80361],[-19,54],[54,41],[-35,-95]],[[36101,80459],[18,-26],[-90,-14],[17,40],[55,0]],[[38470,80508],[37,-40],[19,-81],[-36,-13],[-56,133],[36,1]],[[38669,80536],[18,-26],[-53,-41],[-37,13],[72,54]],[[38722,80577],[1,-27]],[[38723,80550],[-91,13],[0,27],[90,-13]],[[38723,80550],[-1,27]],[[38722,80577],[36,41],[18,-27],[-16,-81],[-37,40]],[[42412,80664],[-144,-15],[36,27],[108,-12]],[[40747,80689],[1,-53],[-54,-1],[17,54],[36,0]],[[40583,80769],[37,-27],[1,-54],[-37,40],[-72,-14],[35,54],[36,1]],[[41126,80773],[2,-121],[54,1],[-35,-41],[-73,0],[-1,53],[35,81],[-54,13],[72,14]],[[38196,80693],[18,-26],[128,-40],[-54,-40],[-37,53],[-73,26],[-1,94],[35,14],[-16,-81]],[[42591,80827],[-72,-55],[-90,0],[162,55]],[[37234,80846],[1,-54],[-73,26],[72,28]],[[40401,80807],[-36,40],[54,14],[-18,-54]],[[36076,80862],[1,-67],[54,1],[-17,-81],[-90,12],[-2,121],[54,14]],[[37976,80879],[0,-53],[-54,-14],[-18,26],[72,41]],[[40816,80905],[-17,-67],[36,0],[-53,-54],[-20,107],[54,14]],[[41052,80853],[-18,27],[126,28],[-36,-41],[-72,-14]],[[37053,80884],[73,-39],[-90,-55],[19,-40],[-55,13],[-19,81],[72,40]],[[36635,80961],[20,-94],[-18,-27],[2,-94],[36,-13],[-54,-27],[-37,53],[17,54],[-72,0],[35,81],[54,13],[17,54]],[[36020,80942],[19,-67],[-54,13],[-19,54],[54,0]],[[40615,81024],[19,-27],[90,1],[19,-27],[-90,-27],[-200,25],[145,1],[17,54]],[[40904,81053],[1,-67],[-108,-41],[-37,40],[73,14],[-1,40],[72,14]],[[41809,81075],[53,41],[1,-67],[-72,-28],[18,54]],[[41157,81083],[73,-27],[0,-26],[-90,12],[17,41]],[[37247,81168],[-17,-80],[109,-13],[0,-27],[-145,26],[-19,40],[-54,-1],[-1,54],[109,-12],[18,13]],[[41933,81237],[18,-40],[-54,27],[-54,-28],[-19,54],[54,27],[108,1],[-53,-41]],[[40376,81277],[-36,-14],[-1,54],[54,14],[-17,-54]],[[40682,81347],[-145,-1],[0,13],[163,2],[-18,-14]],[[41062,81364],[37,-54],[-72,-27],[0,27],[-72,-41],[53,54],[-18,40],[72,28],[0,-27]],[[40338,81398],[18,-27],[-72,-28],[-1,54],[55,1]],[[40518,81453],[0,-54],[-72,0],[72,54]],[[37243,81437],[0,-40],[55,0],[1,-80],[-54,-14],[-37,40],[35,94]],[[35631,81476],[91,-12],[-18,-28],[-144,13],[71,27]],[[37929,81510],[73,-26],[-35,-54],[-19,54],[-73,12],[54,14]],[[37150,81544],[91,-13],[-17,-40],[-199,-2],[53,54],[72,1]],[[40335,81532],[-18,40],[90,28],[-18,-41],[-54,-27]],[[36807,81540],[108,-12],[18,27],[55,-13],[18,-53],[-162,-2],[-109,26],[35,54],[37,-27]],[[38019,81565],[-54,-14],[-36,-41]],[[37929,81510],[-19,67],[72,28],[37,-40]],[[38019,81565],[-1,27],[72,14],[2,-81],[-72,-27],[35,67],[-36,0]],[[37566,81601],[-19,27],[72,0],[73,-26],[-126,-28],[0,27]],[[37036,81878],[1,-53],[-91,12],[0,41],[90,0]],[[37615,81897],[55,-40],[-18,-27],[-72,13],[-37,53],[72,1]],[[32295,81903],[-16,-108],[-37,0],[-19,80],[72,28]],[[40853,81980],[0,-27],[-72,13],[-54,-54],[-108,-15],[17,41],[91,14],[17,27],[109,1]],[[39691,82238],[18,-40],[-91,26],[73,14]],[[37084,82282],[72,0],[73,-39],[-53,-28],[0,-53],[-54,13],[36,27],[-1,67],[-73,13]],[[33573,82290],[2,-80],[-72,-41],[17,80],[53,41]],[[40431,82352],[108,-12],[-17,-27],[-163,-15],[17,54],[55,0]],[[40142,82323],[-36,-27],[-91,-1],[0,27],[90,14],[54,27],[-17,-40]],[[37084,82282],[-55,26],[-163,-1],[0,27],[181,1],[17,54],[54,1],[38,-81],[-73,13],[1,-40]],[[33843,82373],[19,-53],[55,-40],[-127,26],[17,67],[36,0]],[[37896,82423],[19,-80],[-36,0],[17,80]],[[32902,82405],[-72,-14],[-55,26],[163,2],[-36,-14]],[[33750,82534],[37,-40],[2,-108],[-56,121],[17,27]],[[40100,82672],[1,-54],[-72,-28],[17,41],[-108,-15],[17,54],[72,-12],[73,14]],[[39971,82765],[37,-40],[91,0],[0,-26],[-108,-1],[-74,53],[54,14]],[[38975,82809],[-35,-67],[-19,53],[54,14]],[[39823,83005],[19,-80],[-35,-54],[16,134]],[[38211,83071],[1,-54],[-73,13],[18,41],[54,0]],[[33524,83096],[-1,40],[91,1],[0,-27],[-90,-14]],[[33610,83352],[-37,26],[73,1],[-36,-27]],[[36703,11874],[1,1]],[[37008,11977],[-55,48],[109,-13],[-18,-23]],[[37031,11985],[-5,-2]],[[45572,12749],[-18,23],[54,13],[37,-25]],[[45639,12759],[-49,-8]],[[48135,13143],[-78,53],[54,1],[19,-41],[54,-5]],[[50634,13528],[-19,53],[37,0],[-20,67],[73,1],[-36,-41],[1,-75]],[[50905,13569],[-37,27],[91,-18]],[[51247,13622],[-1,31]],[[51246,13653],[33,-26]],[[53893,14092],[-36,54],[72,27],[-35,-54],[36,-12]],[[68788,19054],[7,13]],[[22080,7338],[91,-26],[-18,-27],[-72,0],[-1,53]],[[23640,7997],[-19,40],[72,14],[1,-67],[-35,-27],[-19,40]],[[21533,8771],[-35,-28],[-1,54],[54,14],[-18,-40]],[[20953,8913],[-19,81],[72,0],[-53,-81]],[[21258,9064],[18,-40],[-54,-1],[-1,67],[72,28],[36,-27],[-71,-27]],[[27791,9149],[-18,54],[90,1],[-72,-55]],[[27718,9202],[19,-26],[-54,-28],[-1,54],[36,0]],[[22952,9227],[0,-27],[-90,-14],[-18,40],[108,1]],[[27949,9460],[-17,-68],[36,28],[144,-13],[19,-26],[-91,12],[1,-26],[-145,12],[53,81]],[[27786,9472],[54,0],[-17,-40],[-54,-1],[17,41]],[[27949,9460],[0,27],[90,14],[0,-27],[-90,-14]],[[27786,9472],[-90,12],[-1,41],[73,-13],[18,-40]],[[18887,9418],[-19,40],[109,1],[-90,-41]],[[27621,9631],[-53,-67],[-1,67],[54,0]],[[27711,9632],[19,-40],[-90,-14],[0,27],[71,27]],[[27531,9657],[-18,-40],[-19,54],[37,-14]],[[19046,9608],[-89,-55],[17,68],[72,-13]],[[19660,9640],[37,-53],[-54,-28],[17,81]],[[19046,9608],[17,54],[54,14],[-35,-68],[-36,0]],[[27655,9780],[-36,-41],[55,-13],[19,-54],[-18,-40],[-55,80],[-54,0],[35,67],[54,1]],[[27655,9780],[-1,67],[72,-13],[1,-40],[108,27],[-17,-94],[-54,-14],[36,41],[-90,-1],[17,27],[-72,0]],[[20180,9820],[1,-54],[-36,-27],[-19,80],[54,1]],[[27978,9890],[-17,-54],[-36,0],[-19,53],[72,1]],[[27742,9995],[19,-67],[90,1],[19,-27],[-127,-1],[-37,40],[36,54]],[[24745,9982],[-17,-68],[-72,0],[89,68]],[[27508,9939],[-54,0],[17,54],[54,0],[-17,-54]],[[28228,10080],[19,-80],[-73,53],[54,27]],[[24690,10062],[19,-67],[-54,-1],[35,68]],[[27667,10156],[55,-67],[-72,-1],[17,68]],[[27847,10157],[19,-26],[72,0],[-108,-41],[17,67]],[[23116,10222],[37,-26],[-90,-28],[-1,40],[54,14]],[[20572,10172],[-37,0],[18,54],[36,-13],[-17,-41]],[[18584,10289],[37,-81],[-54,27],[17,54]],[[25243,10443],[54,-13],[-53,-27],[-73,12],[72,28]],[[21180,10500],[73,-39],[-108,-1],[-19,40],[54,0]],[[23761,10524],[55,-40],[-108,-1],[-1,40],[54,1]],[[24050,10553],[90,-13],[-108,-27],[18,40]],[[27913,10548],[-53,-55],[-36,13],[-20,94],[55,-26],[72,1],[-18,-27]],[[13037,10533],[-53,-54],[2,-134],[-18,40],[-2,107],[71,41]],[[18417,10556],[-19,26],[73,1],[-54,-27]],[[28290,10685],[-36,0],[-1,54],[72,27],[-35,-81]],[[13559,10659],[1,-40],[-91,-1],[-18,27],[108,14]],[[23072,10719],[-36,-27],[-72,12],[108,15]],[[23072,10719],[54,41],[-17,-95],[-37,54]],[[27963,10830],[-36,-27],[1,-54],[-36,-14],[-1,81],[72,14]],[[13540,10726],[-54,-27],[-73,39],[127,-12]],[[23646,10966],[54,-27],[-108,0],[54,27]],[[28393,11022],[73,-40],[-72,0],[-1,40]],[[15126,10875],[-37,26],[73,1],[-36,-27]],[[28554,11131],[37,-67],[-108,-14],[54,27],[17,54]],[[13408,11047],[-18,-13]],[[13390,11034],[18,13]],[[13408,11047],[18,-27],[-89,-41],[-1,81],[72,-13]],[[28498,11265],[-18,-27],[-72,-1],[-1,40],[91,-12]],[[13190,11112],[-36,27],[126,14],[-18,-27],[-72,-14]],[[17121,11417],[37,-80],[-73,66],[36,14]],[[31615,11615],[19,-54],[-108,-14],[-18,27],[72,0],[35,41]],[[11631,11501],[1,-54],[72,1],[19,-54],[-162,-15],[-127,40],[108,1],[18,40],[71,41]],[[29194,11714],[55,-40],[-54,-27],[-36,27],[35,40]],[[24662,11727],[-35,-67],[73,0],[71,41],[-35,-54],[-217,-2],[-36,13],[89,55],[-54,26],[216,2],[-72,-14]],[[29013,11793],[18,-53],[-72,12],[-1,41],[55,0]],[[28796,11805],[108,-13],[-17,-27],[-109,13],[18,27]],[[36720,11942],[36,-26],[-144,-2],[-1,27],[109,1]],[[24606,11861],[19,-53],[-72,-28],[-1,67],[54,14]],[[28324,11921],[2,-67],[-55,0],[17,67],[36,0]],[[28938,11940],[1,-53],[-108,-1],[17,53],[90,1]],[[25508,11936],[71,28],[-16,-81],[-91,26],[36,27]],[[36123,12004],[35,54],[72,1],[19,-67],[-36,40],[-54,-28],[1,-53],[36,13],[37,-53],[-127,12],[-19,81],[36,0]],[[36844,12091],[0,-27],[-72,-14],[-19,40],[91,1]],[[15741,11915],[-72,-14],[53,41],[19,-27]],[[17437,11944],[37,-54],[-36,0],[-17,-81],[-2,148],[18,-13]],[[19477,11949],[-54,-1],[17,41],[109,1],[0,-27],[-72,-14]],[[13501,11948],[1,-40],[-54,-14],[17,54],[36,0]],[[19585,12004],[91,-67],[-109,26],[18,41]],[[36897,12159],[108,-13],[1,-27],[-73,13],[-35,-54],[-55,67],[54,14]],[[19258,12081],[56,-80],[-17,-67],[-36,-14],[-19,67],[36,0],[-38,94],[18,0]],[[17543,12066],[37,-40],[-72,-14],[-1,67],[36,-13]],[[36967,12280],[19,-53],[-36,-14],[-19,53],[36,14]],[[15902,11997],[-37,40],[17,81],[36,0],[20,-121],[-36,0]],[[13987,12060],[-36,-27],[-90,-1],[-1,40],[91,-12],[35,40],[72,28],[1,-41],[-72,-27]],[[14400,12211],[-73,0],[36,40],[72,1],[-35,-41]],[[19598,12286],[18,13]],[[19616,12299],[18,-26],[54,14],[2,-81],[-37,40],[-54,0],[-1,40]],[[39059,12419],[-37,54],[55,0],[-18,-54]],[[19616,12299],[-18,-13]],[[19598,12286],[-55,40],[72,14],[1,-41]],[[25987,12424],[19,-53],[-72,-1],[17,54],[36,0]],[[42072,12607],[54,-26],[-71,-41],[-19,40],[36,27]],[[18187,12434],[55,-26],[-72,-1],[-54,-27],[17,40],[54,14]],[[19578,12433],[54,-39],[-108,-1],[54,40]],[[25987,12424],[54,28],[-19,40],[-90,-1],[-1,27],[127,-12],[2,-95],[-73,13]],[[14723,12308],[-54,-27],[-1,54],[53,108],[2,-135]],[[18619,12519],[1,-27],[72,-13],[-17,-54],[-19,54],[-54,-1],[17,41]],[[25804,12611],[55,-54],[-55,0],[1,-40],[-108,-15],[-35,-54],[-73,13],[72,28],[0,26],[72,1],[-19,40],[54,1],[36,54]],[[17571,12590],[55,-53],[-35,-54],[-19,40],[-72,-14],[-1,53],[55,-13],[17,41]],[[18835,12548],[-17,-41],[-90,-1],[17,54],[90,14],[0,-26]],[[17010,12665],[55,-26],[-17,-94],[-19,80],[-36,-14],[-19,40],[36,14]],[[19449,12567],[-16,-121],[-144,-2],[-1,27],[72,1],[72,27],[-2,135],[53,54],[-34,-121]],[[17443,12669],[127,1],[0,-40],[90,28],[37,-27],[-163,-15],[0,27],[-253,-2],[72,14],[54,41],[36,-27]],[[17859,12646],[17,41],[72,0],[-17,-40],[-72,-1]],[[45732,12907],[-36,27],[90,1],[18,13],[-1,41],[37,-27],[-72,-41],[-36,-14]],[[17099,12747],[-54,-28],[-17,-40],[-55,26],[36,27],[90,15]],[[28995,12854],[19,-53],[-54,-14],[-1,67],[36,0]],[[37895,12947],[20,-81],[-73,40],[53,41]],[[42427,13000],[19,-54],[-36,-41],[-72,-14],[36,41],[17,67],[36,1]],[[16016,12750],[-18,-27],[-180,-15],[35,54]],[[15853,12762],[-19,27],[217,2],[-35,-41]],[[25546,12877],[19,-54],[-54,0],[35,54]],[[28814,12920],[72,-13],[55,-53],[-72,-1],[-55,26],[0,41]],[[43455,13062],[36,-26],[-90,-14],[-36,40],[90,0]],[[13884,12811],[-36,-27],[-108,-1],[36,41],[126,1],[-18,-14]],[[19589,12823],[-36,0],[-1,54],[72,14],[-35,-68]],[[46289,13141],[0,-14],[126,1],[-108,-14],[-36,-14],[18,41]],[[26177,12977],[55,-40],[-109,12],[-54,-14],[36,41],[72,1]],[[14154,12854],[-108,-14],[0,26],[108,-12]],[[47912,13222],[1,-27],[90,14],[-18,-40],[-126,12],[53,41]],[[28920,13082],[0,-40],[-90,-1],[90,41]],[[46630,13264],[19,-67],[-73,13],[-54,-14],[1,-40],[-54,-27],[-19,80],[36,41],[126,1],[18,13]],[[46684,13265],[37,-80],[-54,13],[17,67]],[[46106,13273],[1,-80],[90,1],[-53,-41],[-55,40],[-37,80],[54,0]],[[16877,13040],[56,-67],[-127,-1],[0,41],[71,27]],[[17491,13059],[1,-54],[-36,-40],[-19,80],[54,14]],[[17292,13071],[38,-121],[-36,-13],[-2,134]],[[18773,13031],[-17,-27]],[[18756,13004],[17,27]],[[18773,13031],[73,-13],[2,-108],[54,1],[1,-81],[-37,67],[-90,-1],[35,68],[-54,-28],[-55,13],[1,-40],[-90,-1],[-19,27],[72,27],[35,55],[-1,67],[73,-13],[0,-40]],[[23141,13111],[2,-81],[-36,-14],[16,108],[18,-13]],[[30868,13193],[54,-26],[-89,-68],[-1,67],[36,27]],[[19043,13100],[36,-13],[1,-54],[-36,0],[-1,67]],[[24784,13152],[1,-53],[-36,-41],[-19,94],[54,0]],[[48434,13361],[36,-14],[20,-80],[-92,66],[36,28]],[[17075,13096],[1,-27],[-145,-1],[0,13],[126,1],[18,14]],[[13843,13093],[-53,-41],[-72,-1],[53,41],[72,1]],[[30759,13246],[18,-53],[-54,12],[-19,41],[55,0]],[[42476,13309],[-19,40],[73,1],[0,-54],[-72,-14],[18,27]],[[43361,13276],[-36,0],[35,94],[1,-94]],[[47043,13402],[37,-53],[-72,-1],[35,54]],[[16678,13119],[17,40],[72,1],[1,-40],[-90,-41],[0,40]],[[19367,13170],[-35,-67],[-54,-1],[-18,-40],[-54,-1],[35,68],[72,41],[54,0]],[[16678,13119],[-109,12],[-19,54],[55,-40],[72,1],[1,-27]],[[18970,13140],[1,-40],[-73,12],[36,41],[36,-13]],[[17164,13191],[-127,-2],[54,28],[72,0],[1,-26]],[[18752,13232],[73,-53],[-90,12],[17,41]],[[48937,13499],[-35,-27],[-19,54],[72,14],[-18,-41]],[[15050,13252],[109,-13],[0,-27],[-108,-14],[-36,27],[35,27]],[[23048,13325],[0,-41],[127,-39],[-17,-54],[109,-26],[-18,-27],[-72,0],[-55,26],[-19,54],[-54,13],[-37,80],[36,14]],[[42870,13501],[20,-94],[-55,53],[-73,13],[108,28]],[[47239,13552],[19,-54],[-90,-1],[17,41],[54,14]],[[18571,13230],[-17,-27],[-20,81],[37,-13],[17,40],[19,-67],[-36,-14]],[[23300,13354],[1,-67],[-72,12],[35,54],[36,1]],[[23499,13315],[90,15],[-71,-95],[-108,-1],[16,121],[55,-26],[17,27]],[[23498,13356],[1,-41]],[[18914,13260],[-36,0],[17,67],[36,1],[-17,-68]],[[26405,13395],[18,-40],[-35,-27],[-55,26],[72,41]],[[14616,13315],[0,-27],[-126,26],[126,1]],[[18516,13337],[-36,-54],[-54,0],[35,67],[72,14],[-17,-27]],[[13641,13319],[-35,-40],[-2,67],[37,-27]],[[16764,13375],[18,-54],[-180,-1],[71,54],[55,-26],[36,27]],[[23498,13356],[35,67],[55,1],[37,-81],[-127,13]],[[23732,13438],[20,-107],[-91,-1],[71,68],[0,40]],[[15808,13299],[-19,54],[54,27],[18,-40],[-53,-41]],[[26530,13477],[-17,-94],[-19,94],[36,0]],[[47382,13674],[37,-80],[-35,-41],[-90,-14],[-1,54],[35,54],[54,27]],[[51048,13638],[-19,54],[54,14],[-35,-68]],[[16475,13345],[-36,0],[35,68],[1,-68]],[[25898,13485],[18,-40],[-72,12],[17,41],[37,-13]],[[26277,13502],[-17,-68],[-72,-14],[-19,54],[90,-13],[18,41]],[[38553,13624],[0,-27],[73,-13],[-36,-54],[19,-40],[-90,-1],[52,95],[-35,-14],[17,54]],[[47562,13702],[19,-80],[73,-13],[-18,-54],[-53,-54],[-1,67],[-37,27],[-1,107],[18,0]],[[15120,13427],[73,-53],[-90,-1],[17,54]],[[26421,13530],[37,-67],[-73,13],[36,54]],[[23894,13467],[-72,-1],[35,54],[54,1],[-17,-54]],[[38357,13448],[-20,120],[-37,54],[90,1],[36,27],[19,-67],[-34,-148],[73,0],[0,-27],[-163,-1],[36,41]],[[46803,13709],[-35,-27],[-37,40],[72,-13]],[[47924,13652],[-36,-1],[17,68],[54,14],[-35,-81]],[[43481,13734],[-18,-27],[-72,0],[-55,26],[145,1]],[[47741,13771],[1,-40],[55,-27],[-91,13],[35,54]],[[38895,13708],[54,-27],[-71,-41],[17,68]],[[23784,13587],[0,-27],[90,0],[-35,-40],[-73,26],[18,41]],[[38354,13663],[-37,-1],[18,54],[54,1],[-35,-54]],[[51246,13653],[-18,0],[-2,175],[19,-67],[72,14],[18,-27],[-72,0],[-17,-95]],[[18278,13537],[0,-27],[-72,-14],[17,53],[55,-12]],[[38172,13701],[54,28],[1,-41],[71,41],[-35,-81],[-72,27],[-54,-41],[-1,67],[36,0]],[[18368,13524],[36,0],[19,-53],[-109,26],[17,67],[54,14],[-17,-54]],[[38153,13755],[1,-27],[-90,-28],[17,54],[72,1]],[[47361,13835],[19,-40],[54,14],[38,-107],[-73,-1],[17,81],[-35,-54],[-36,13],[17,54],[-55,26],[54,14]],[[47217,13847],[-18,-27],[-55,40],[73,-13]],[[48101,13882],[55,-54],[-72,-41],[-37,94],[54,1]],[[38279,13810],[-17,-41],[-109,13],[-18,26],[144,2]],[[18817,13649],[37,-40],[-17,-41],[-54,0],[34,81]],[[48155,13909],[36,-13],[55,-94],[-54,27],[-1,40],[-72,13],[36,27]],[[16163,13638],[20,-80],[-90,-1],[35,27],[-1,54],[36,0]],[[38062,13835],[37,-40],[-109,12],[72,28]],[[44381,13890],[18,-27],[-108,-1],[17,41],[72,14],[73,-13],[-72,-14]],[[15929,13609],[1,-81],[-143,-28],[-1,41],[72,-13],[-1,80],[53,41],[55,-13],[-36,-27]],[[51043,13961],[-72,-1],[35,27],[73,1],[-36,-27]],[[19160,13679],[-36,-27],[-19,40],[72,27],[-17,-40]],[[43261,13934],[19,-67],[-36,-14],[-37,40],[54,41]],[[47956,13880],[2,-80],[-73,-1],[1,-40],[-54,-14],[35,54],[0,54],[-36,-27],[-1,80]],[[47830,13906],[17,14]],[[47847,13920],[18,13]],[[47865,13933],[36,41]],[[47901,13974],[19,-54],[54,-13],[-18,-27]],[[16740,13724],[19,-80],[73,-40],[-72,-1],[-37,54],[17,67]],[[18781,13675],[-19,27],[54,41],[72,-13],[-107,-55]],[[47901,13974],[-36,-41]],[[47865,13933],[-18,-13]],[[47847,13920],[-17,-14]],[[47830,13906],[-37,0],[-18,53],[35,14]],[[47810,13973],[-18,40],[72,1],[37,-40]],[[25874,13847],[-54,-27],[-90,-14],[-18,26],[162,15]],[[51168,14069],[1,-94],[-54,0],[-1,80],[54,14]],[[16685,13777],[20,-107],[-73,-1],[-19,81],[72,27]],[[43657,14018],[72,-40],[-90,13],[0,-27],[-72,-14],[90,68]],[[47557,13984],[18,54],[-36,-13],[18,-41]],[[47557,13984],[1,-26]],[[47558,13958],[90,-13],[-90,-14],[-89,-41],[16,80],[-36,0],[-19,54],[36,27],[-72,13],[180,1],[19,-67],[-36,-14]],[[24266,13886],[19,-40],[-73,26],[54,14]],[[15294,13818],[-72,-27],[-1,40],[145,1],[-72,-14]],[[23760,13895],[-53,-27],[-37,26],[90,1]],[[47790,14134],[19,-67],[-36,13],[17,54]],[[16394,13895],[19,-53],[-72,-1],[17,54],[36,0]],[[23868,13963],[1,-67],[-90,-41],[17,67],[72,41]],[[18524,13928],[19,-94],[-17,-53],[-36,13],[-1,80],[35,54]],[[17098,13875],[1,-67],[-36,13],[-19,80],[53,28],[1,-54]],[[23526,13907],[-18,-27],[-90,-1],[53,67],[90,-12],[-35,-27]],[[16989,13941],[19,-40],[-35,-94],[-54,-28],[-126,-14],[18,27],[72,0],[17,95],[72,14],[17,40]],[[18975,13932],[20,-93],[-91,-1],[-36,40],[90,1],[-19,67],[36,-14]],[[36468,14130],[37,-54],[-90,-1],[-1,41],[54,14]],[[43365,14217],[0,-40],[-72,-28],[18,40],[-55,13],[109,15]],[[53674,14319],[1,-54],[-37,40],[36,14]],[[23866,14071],[55,-40],[-72,-1],[-72,-27],[89,68]],[[45242,14273],[72,-12],[0,-27],[-126,-1],[-36,26],[90,14]],[[50387,14318],[19,-40],[-89,-55],[16,81],[54,14]],[[43400,14271],[0,-40],[127,14],[-72,-27],[-72,-1],[17,54]],[[51597,14301],[-18,40],[36,14],[-18,-54]],[[23666,14136],[110,-66],[0,-27],[-72,0],[-1,67],[-36,-28],[-54,27],[53,27]],[[16806,14074],[37,-40],[-54,-1],[-19,54],[36,-13]],[[17095,14063],[-35,-27],[-37,26],[72,1]],[[42786,14292],[18,1]],[[42804,14293],[-1,13]],[[42803,14306],[72,14],[19,-27],[-126,-41],[18,40]],[[16445,14070],[-18,-13]],[[16427,14057],[18,13]],[[16445,14070],[37,-53],[-90,-1],[-1,81],[54,-27]],[[19062,14121],[1,-40],[-90,-1],[-1,40],[90,1]],[[48237,14393],[19,-40],[-90,-1],[71,41]],[[16715,14127],[19,-81],[-17,-27],[-55,27],[19,-41],[-54,0],[17,54],[36,14],[-1,53],[36,1]],[[44211,14372],[55,-40],[-109,-1],[-36,27],[90,14]],[[32945,14286],[72,-12],[1,-27],[-72,-14],[-1,53]],[[42803,14306],[-17,-14]],[[42786,14292],[-72,-14],[35,68],[54,14],[-36,-41],[36,-13]],[[37512,14354],[18,-27],[73,-13],[-90,-27],[-1,40],[-90,12],[90,15]],[[43218,14323],[-18,27],[-72,-1],[-19,54],[109,-26],[108,1],[1,-94],[-108,-1],[-1,40]],[[54143,14363],[-36,-13],[-55,66],[-1,54],[53,27],[37,-13],[-18,-40],[55,-40],[-35,-41]],[[19223,14203],[19,-53],[-71,-28],[16,81],[36,0]],[[37927,14371],[37,-40],[-36,-27],[-54,13],[53,54]],[[18808,14200],[1,-41],[-72,0],[71,41]],[[25326,14245],[18,-40],[2,-94],[-55,40],[16,121],[19,-27]],[[16768,14221],[54,-40],[20,-67],[-37,0],[-18,54],[-72,-28],[53,81]],[[20289,14213],[18,-40],[-72,13],[-19,26],[108,42],[-35,-41]],[[18464,14264],[19,-41],[-54,0],[1,-81],[37,-40],[-54,0],[-3,148],[54,14]],[[42765,14440],[-89,-81],[-54,-1],[-19,40],[54,14],[71,68],[37,-40]],[[42765,14440],[0,27],[90,-13],[19,-40],[72,14],[-18,-27],[-90,-1],[-73,40]],[[38557,14470],[37,-40],[-72,-27],[35,67]],[[50870,14617],[37,-66],[-72,26],[-36,-41],[-18,40],[89,41]],[[16531,14340],[1,-67],[-90,-41],[0,53],[72,1],[17,54]],[[18716,14333],[-17,-81],[-2,94],[19,-13]],[[16603,14354],[54,-13],[-53,-41],[-37,54],[36,0]],[[24041,14422],[1,-54],[-73,13],[72,41]],[[16151,14363],[-17,-27],[-72,-14],[-37,27],[126,14]],[[18336,14383],[73,-53],[-72,0],[-1,26],[-126,-1],[0,14],[126,14]],[[43901,14557],[55,-26],[-91,-1],[36,27]],[[23518,14363],[-19,81],[72,14],[-54,-41],[1,-54]],[[38447,14590],[55,-66],[-54,-14],[-1,80]],[[43195,14645],[-18,27]],[[43177,14672],[54,14],[1,-81],[-54,13],[17,27]],[[43050,14698],[36,-13],[-17,-41],[-108,-1],[-1,27],[90,28]],[[16583,14475],[1,-54],[-109,-1],[-37,53],[145,2]],[[43177,14672],[-36,13],[19,-67],[-55,0],[-1,80],[72,28]],[[43176,14726],[1,-54]],[[52059,14789],[1,-54],[-35,-41],[-37,27],[71,68]],[[42833,14736],[-35,-94],[-1,80],[36,14]],[[38734,14714],[1,-54],[72,-13],[-53,-27],[-37,26],[-72,0],[89,68]],[[42941,14764],[18,-40],[-108,-1],[90,41]],[[54623,14824],[-18,27],[126,28],[0,-27],[-72,-1],[-36,-27]],[[16726,14557],[-17,-54],[-72,-1],[17,41],[72,14]],[[18910,14577],[55,-27],[-89,-54],[34,81]],[[44225,14614],[-71,-54],[-37,26]],[[44117,14586],[-36,0],[35,54]],[[44116,14640],[-1,67]],[[44115,14707],[-54,-14],[36,41],[-19,40],[108,1],[2,-81],[-36,-40],[73,-13],[17,27]],[[44242,14668],[-18,26],[-2,108],[36,-13],[-17,-68],[36,41],[73,-26],[-36,-14],[18,-40],[-54,-14],[-17,-67],[-36,13]],[[45360,14812],[-36,-54],[-54,-1],[90,55]],[[43176,14726],[-1,67],[-54,-14],[17,40],[91,1],[-53,-94]],[[51318,14877],[36,-27],[-72,-1],[36,28]],[[46984,14866],[37,-40],[-91,-1],[0,41],[54,0]],[[23676,14674],[37,-67],[-54,-14],[17,81]],[[23964,14676],[56,-66],[-109,12],[-1,40],[54,14]],[[43625,14850],[-34,-94],[-19,54],[53,40]],[[45431,14866],[37,-26],[0,-54],[-55,53],[18,27]],[[27178,14719],[18,-27],[-72,-28],[-18,41],[72,14]],[[44113,14868],[18,-27],[54,14],[1,-53],[-72,12],[-1,54]],[[48428,14905],[19,-40],[-55,13],[1,-40],[54,14],[2,-161],[-107,-42],[-19,54],[72,14],[-19,40],[-1,94],[-19,40],[72,14]],[[54639,14959],[1,-81],[-89,-41],[-91,-1],[18,27],[90,1],[54,27],[17,68]],[[18566,14654],[19,-67],[54,1],[18,40],[37,-53],[-127,-2],[-1,81]],[[34760,14786],[1,-54],[-36,0],[-1,54],[36,0]],[[52292,14952],[37,-94],[-55,67],[18,27]],[[17464,14671],[-17,-54],[-54,-14],[-1,54],[72,14]],[[38389,14832],[1,-54],[-72,-41],[71,95]],[[20101,14641],[-54,-27],[-1,67],[90,1],[-72,39],[108,-12],[-17,-54],[-54,-14]],[[41060,14922],[55,-13],[-18,-54],[-54,0],[18,40],[-73,0],[72,27]],[[47615,14939],[20,-108],[-36,-27],[-2,148],[18,-13]],[[16994,14734],[1,-81],[-53,-54],[52,135]],[[19468,14729],[19,-53],[-73,-1],[17,68],[37,-14]],[[44238,14950],[19,-67],[-54,13],[35,54]],[[44490,14979],[2,-81],[-163,-1],[71,81],[90,1]],[[52778,15050],[0,-27],[-73,27],[73,0]],[[24034,14811],[55,-26],[-53,-41],[-56,67],[54,0]],[[43732,14999],[54,-40],[-71,-27],[17,67]],[[44147,15016],[1,-80],[-73,39],[72,41]],[[38875,14970],[-108,-28],[17,41],[126,14],[-35,-27]],[[53860,15127],[72,-13],[-53,-28],[-18,-40],[37,-13],[0,-54],[-54,40],[-2,107],[18,1]],[[17372,14791],[-108,-15],[-1,41],[109,-26]],[[17462,14819],[20,-94],[-55,-1],[17,94],[18,1]],[[44399,15032],[-36,13],[108,14],[0,-27],[-72,0]],[[45374,15067],[54,-26],[-35,-41],[-37,13],[18,54]],[[17155,14829],[36,-26],[-35,-28],[18,-40],[-35,-13],[-20,107],[36,0]],[[19827,14840],[-109,13],[127,1],[-18,-14]],[[35281,15006],[37,-54],[-55,13],[18,41]],[[43732,14999],[35,14],[0,54],[72,-13],[-54,-14],[19,-40],[-72,-1]],[[18673,14762],[16,108],[54,-13],[-16,-81],[-54,-14]],[[20025,14882],[37,-53],[-109,-1],[18,40],[54,14]],[[34034,15035],[19,-27],[-108,-54],[-36,26],[-1,54],[36,-13],[90,14]],[[43314,15130],[1,-54],[-126,-1],[-1,27],[126,28]],[[44163,15124],[1,-40],[90,-13],[0,-27],[-180,12],[89,68]],[[45679,15150],[19,-26],[-73,12],[1,-67],[-71,-54],[-1,67],[36,0],[17,68],[72,0]],[[53010,15187],[1,-41],[55,-40],[-163,-1],[17,54],[-90,13],[72,27],[0,-27],[108,15]],[[18580,14923],[54,-13],[-35,-41],[-126,-41],[17,40],[90,55]],[[19465,14904],[36,-26],[1,-54],[-55,40],[18,40]],[[16233,14915],[18,-27],[72,-13],[-71,-27],[1,-54],[-37,13],[18,41],[-73,-1],[54,27],[18,41]],[[17605,14927],[1,-67],[36,1],[19,-54],[-17,-54],[-20,94],[-90,-1],[71,81]],[[45987,15140],[-72,-28],[17,41],[72,27],[-17,-40]],[[17063,14949],[72,-13],[-71,-54],[-55,53],[54,14]],[[20204,14978],[1,-81],[-36,13],[35,68]],[[34304,15105],[19,-41],[-72,-41],[-1,41],[54,41]],[[55898,15265],[-72,-14],[17,67],[37,0]],[[55880,15318],[18,-53]],[[44090,15163],[0,14]],[[44090,15177],[17,27],[73,-13],[108,28],[0,-40],[-144,-2],[-54,-14]],[[47303,15258],[1,-40],[55,-67],[-54,-13],[-19,26],[-1,94],[18,0]],[[26829,15092],[73,-67],[-17,-67],[-73,66],[-19,54],[36,14]],[[45985,15261],[36,-14],[1,-53],[-73,12],[36,55]],[[55880,15318],[17,27],[91,1],[18,-53],[-54,26],[-72,-1]],[[44090,15177],[0,-14]],[[44090,15163],[-54,-13],[-1,53],[-36,40],[53,14],[2,-80],[36,0]],[[17061,15057],[-17,-54],[-91,-1],[0,27],[72,1],[36,27]],[[44088,15298],[36,-13],[19,-54],[-73,40],[18,27]],[[48494,15336],[-71,-81],[-55,-1],[72,68],[54,14]],[[18956,15101],[55,-80],[-54,-14],[-19,94],[18,0]],[[44413,15327],[19,-80],[-36,0],[17,80]],[[45658,15338],[38,-67],[-71,-81],[-19,54],[35,27],[17,67]],[[43221,15317],[-35,-94],[1,-67],[-36,40],[-1,67],[35,67],[36,-13]],[[48241,15293],[37,-53],[-54,13],[-19,40],[72,41],[-1,54],[54,0],[-35,-81],[-54,-14]],[[19317,15091],[35,54],[37,-40],[-89,-82],[-90,0],[-91,26],[0,27],[72,14],[72,-13],[0,40],[54,14],[0,-40]],[[19713,15148],[56,-53],[-55,13],[-1,40]],[[48836,15352],[0,54],[54,0],[-54,-54]],[[51381,15428],[-17,-41],[-90,-14],[-1,27],[73,1],[35,27]],[[18956,15101],[-1,54],[73,-40],[-72,-14]],[[53439,15472],[-35,-54],[-73,40],[108,14]],[[47463,15421],[19,-40],[-54,-14],[17,54],[-54,-27],[71,81],[54,0],[-53,-54]],[[44103,15459],[1,-27],[-90,-1],[17,28],[72,0]],[[48798,15473],[-54,-14],[-18,27],[90,14],[-18,-27]],[[51381,15428],[-1,94],[90,-13],[-54,-14],[19,-40],[55,-26],[-109,-1]],[[55859,15466],[-1,94],[36,14],[1,-81],[-36,-27]],[[27548,15246],[17,94],[54,0],[-71,-94]],[[26843,15347],[1,-121],[-18,0],[17,121]],[[19424,15199],[-36,0],[17,54],[71,41],[-52,-95]],[[6153,15198],[1,-54],[90,-13],[-126,-1],[-1,67],[36,1]],[[13952,15243],[-35,-41],[-2,81],[54,1],[-17,-41]],[[47823,15518],[-55,0],[17,67],[36,0],[2,-67]],[[18429,15324],[-53,-67],[34,81],[19,-14]],[[44499,15543],[90,28],[-35,-54],[-55,26]],[[44499,15543],[-54,-14]],[[44445,15529],[19,-26],[-36,-41],[-54,13],[-19,53],[17,54],[37,1]],[[44409,15583],[18,-27],[72,-13]],[[45998,15556],[-53,-54],[1,-67],[54,14],[36,-27],[-162,-42],[-35,-40],[1,-81],[-72,0],[-19,80],[89,28],[17,121],[36,0],[-2,121]],[[45889,15609],[36,-13],[1,-54],[89,68],[19,-54],[-36,0]],[[45803,15326],[0,-13]],[[45803,15313],[0,13]],[[46774,15617],[36,-40],[1,-54],[-90,-1],[-1,67],[54,28]],[[47189,15607],[91,-13],[-35,-67],[-37,26],[-108,-14],[35,67],[37,-40],[17,41]],[[26462,15411],[17,54],[55,-27],[-72,-27]],[[47116,15646],[19,-26],[-163,-2],[0,14],[144,14]],[[19330,15427],[19,-54],[-108,-14],[35,27],[-19,40],[73,1]],[[44119,15647],[54,-39],[-17,-27],[-72,-15],[-38,81],[73,0]],[[47712,15652],[-17,-95],[-54,27],[17,81],[54,-13]],[[19113,15425],[19,-40],[-54,-1],[-1,54],[36,-13]],[[55945,15762],[2,-121],[-54,13],[35,54],[-19,54],[36,0]],[[18643,15447],[1,-53],[-36,-1],[19,-80],[-54,40],[-20,80],[90,14]],[[47935,15250],[36,41],[-1,54],[72,0],[-2,94],[54,55]],[[48094,15494],[-1,40],[54,0],[-1,54],[54,41],[-1,40],[54,41],[2,-134],[-90,-28],[-35,-81],[-36,0],[-69,-189],[-71,-95],[-36,14],[17,53]],[[48183,15575],[18,14]],[[48201,15589],[-18,-14]],[[13299,15412],[19,-40],[54,27],[0,-40],[-108,12],[35,41]],[[17866,15467],[2,-67],[-37,0],[-1,67],[36,0]],[[48759,15674],[1,-54],[-37,40],[-54,-14],[17,95],[19,-41],[71,28],[-17,-54]],[[49191,15758],[1,-53],[-72,-14],[-1,53],[55,-26],[17,40]],[[45889,15609],[-19,27]],[[45870,15636],[-53,-28],[-37,54],[72,-13],[18,27],[-55,40],[72,0],[1,-53],[37,-40],[-36,-14]],[[6404,15281],[-18,13],[-2,107],[54,14],[1,-80],[-35,-54]],[[44409,15583],[35,27],[-1,107],[17,41],[36,-13]],[[44496,15745],[1,-27],[108,1],[36,27],[19,-67],[-55,26],[-54,-14],[-90,13],[1,-107],[-53,-14]],[[44190,15729],[-19,40],[72,0],[-53,-40]],[[46103,15799],[19,-81],[-36,-13],[17,94]],[[46626,15803],[19,-40],[-108,-1],[-19,27],[108,14]],[[26332,15651],[1,-40],[-145,-1],[18,40],[72,-26],[54,27]],[[44496,15745],[108,68],[36,-27],[-54,-27],[-90,-14]],[[46355,15828],[-90,-28],[-19,40],[127,2],[-18,-14]],[[33932,15773],[2,-121],[-36,-14],[-2,135],[36,0]],[[46915,15819],[-54,0],[17,54],[90,14],[-53,-68]],[[44116,15795],[-19,81],[54,13],[-35,-94]],[[51628,15860],[-37,0],[18,53],[54,1],[-1,40],[54,1],[-34,-108],[-36,-14],[-17,-67],[-54,-1],[53,55],[0,40]],[[34040,15814],[1,-54],[-73,0],[0,40],[72,14]],[[46443,15950],[19,-41],[-53,-54],[-73,13],[17,81],[19,-54],[71,55]],[[19958,15674],[-54,-14],[17,54],[36,-13],[126,15],[1,-54],[-126,12]],[[17953,15723],[55,-80],[-54,-14],[-1,94]],[[35483,15881],[20,-94],[72,0],[19,-26],[-163,25],[34,108],[18,-13]],[[45867,15824],[0,40],[-54,-41],[54,1]],[[45867,15824],[-53,-28],[-38,94],[54,27],[-73,40],[72,1],[18,27],[1,-94],[73,0],[-17,-67],[-37,0]],[[51698,15968],[17,81],[36,13],[1,-53],[-54,-41]],[[44529,15987],[-1,13]],[[44528,16000],[1,-13]],[[54695,16047],[-73,0],[0,26],[144,29],[-71,-55]],[[23928,15804],[-36,-27],[17,67],[54,1],[-35,-41]],[[44367,15932],[36,13],[-35,-94],[-53,-41],[54,1],[70,108],[37,-27],[54,14],[1,-54],[-109,13],[1,-40],[-72,-41],[-108,-1],[35,67],[-1,67],[36,28],[-20,67],[55,-13],[72,27],[-17,-67],[-36,-27]],[[44528,16000],[1,-13]],[[44529,15987],[-54,-28],[-19,54],[54,14]],[[44510,16027],[18,-27]],[[46352,16029],[19,-67],[-72,-14],[-1,54],[54,27]],[[35572,15975],[54,-12],[-71,-55],[17,67]],[[17138,15823],[-16,-108],[-54,-27],[16,121],[54,14]],[[17860,15830],[37,-27],[1,-67],[-54,-1],[35,55],[-54,26],[35,14]],[[47020,16035],[-126,-28],[17,54],[73,-26],[17,54],[36,0],[-17,-54]],[[27284,15942],[19,-54],[-126,13],[107,41]],[[46152,16095],[-72,-28],[-18,27],[90,1]],[[58430,16240],[-17,-108],[-35,-27],[-19,54],[36,0],[-37,54],[72,27]],[[17463,15839],[-54,0],[35,41],[72,14],[-53,-55]],[[58682,16256],[1,-27],[72,0],[37,-40],[-18,-40],[-55,53],[-72,0],[35,54]],[[44510,16027],[-2,94],[72,14],[-34,-81],[-36,-27]],[[46873,16168],[38,-67],[-109,-14],[-1,67],[72,14]],[[24340,15996],[-71,-81],[-1,67],[72,14]],[[46115,16175],[-90,-14],[1,-81],[-72,-27],[36,40],[-19,54],[53,41],[91,-13]],[[17642,15922],[19,-54],[-36,-14],[1,-53],[-54,13],[17,80],[53,28]],[[46223,16203],[19,-94],[-37,67],[18,27]],[[13289,16003],[1,-41],[-73,27],[72,14]],[[44308,16227],[0,40],[108,14],[0,-27],[-90,0],[-18,-27]],[[46421,16205],[54,0],[17,67],[54,28]],[[46546,16300],[73,-13],[0,-40],[-108,-1],[1,-54],[-72,-14],[-71,-68],[-109,-1],[18,27],[90,14],[-91,13],[18,27],[126,15]],[[47197,16252],[-72,-1],[35,54],[36,0],[1,-53]],[[49363,16324],[-17,-67],[-19,67],[36,0]],[[54798,16371],[1,-68],[-36,-13],[-19,67],[54,14]],[[46546,16300],[-90,-14],[-126,-42],[109,1],[-18,-40]],[[46421,16205],[-108,12],[-1,54],[-36,13],[144,1],[126,42],[0,-27]],[[25674,16156],[1,-108],[-37,107],[36,1]],[[38096,16266],[54,-13],[1,-40],[-55,13],[1,-54],[-36,13],[-1,68],[36,13]],[[47629,16376],[90,-12],[0,-27],[-126,-15],[36,54]],[[34899,16292],[37,-67],[-72,-1],[-1,68],[36,0]],[[46779,16396],[-89,-55],[-1,54],[90,1]],[[49363,16324],[-37,53],[72,15],[18,27],[72,0],[1,-80],[91,-13],[-37,67],[55,-53],[0,-41],[-72,0],[-53,-55],[-91,13],[18,41],[54,0],[16,94],[-90,-27],[-17,-41]],[[19642,16168],[2,-80],[-54,-1],[52,81]],[[20565,16096],[-2,67],[72,14],[1,-26],[-71,-55]],[[62055,16539],[19,-40],[-90,-1],[-1,41],[72,0]],[[24535,16199],[-35,-27],[-37,27],[54,40],[72,1],[-54,-41]],[[47050,16438],[37,-66],[-91,39],[-19,27],[73,0]],[[19497,16207],[55,-39],[-72,-1],[1,-40],[-73,-1],[35,67],[54,14]],[[36704,16362],[54,-13],[-18,-27],[-54,13],[1,-81],[-36,0],[17,94],[36,14]],[[49506,16433],[-1,40],[55,-13],[36,-53],[-90,26]],[[44160,16440],[55,-13],[-72,-27],[17,40]],[[44359,16442],[36,-27],[-53,-40],[17,67]],[[24318,16251],[18,-27],[-72,13],[-1,27],[91,14],[-36,-27]],[[40549,16422],[19,-40],[-55,0],[-18,40],[54,0]],[[55302,16482],[18,27],[72,1],[107,55],[-52,-95],[-91,13],[1,-27],[-73,-1],[-35,-54],[-19,67],[72,14]],[[24118,16303],[55,-40],[-90,-28],[-1,68],[36,0]],[[46182,16471],[0,41],[72,0],[-72,-41]],[[32062,16401],[2,-94],[-20,67],[-53,-27],[17,40],[54,14]],[[34879,16413],[-19,26],[126,28],[-35,-40],[-72,-14]],[[27349,16426],[55,-67],[-109,13],[54,54]],[[26717,16394],[-36,26],[35,27],[73,1],[-72,-54]],[[16064,16364],[1,-40],[56,-134],[-90,-1],[-20,121],[53,54]],[[17201,16388],[-17,-54],[-54,-1],[17,41],[54,14]],[[23972,16436],[-18,-40],[-54,12],[-1,41],[73,-13]],[[20018,16400],[19,-53],[-36,-1],[-53,-67],[-36,-1],[16,81],[54,0],[0,54],[36,-13]],[[47516,16671],[18,-40],[-125,-42],[-20,67],[127,15]],[[5105,16289],[54,14],[37,-67],[-126,-1],[-37,67],[72,-13]],[[17363,16416],[19,-67],[-53,-67],[-1,67],[-72,12],[17,54],[90,1]],[[19422,16395],[1,-67],[-54,-14],[-18,26],[54,14],[-19,67],[53,14],[-17,-40]],[[13211,16391],[-18,-27],[-72,0],[17,27],[73,0]],[[25868,16426],[-54,0],[71,68],[-17,-68]],[[36880,16618],[19,-53],[-54,-1],[-1,54],[36,0]],[[45113,16690],[20,-80],[-18,-41],[-54,0],[53,68],[-1,53]],[[24025,16504],[-54,-28],[17,54],[37,-26]],[[37349,16636],[37,-27],[-72,-41],[-1,68],[36,0]],[[28177,16581],[19,-67],[-73,13],[0,40],[54,14]],[[26425,16566],[19,-41],[-54,-27],[19,-53],[-90,-15],[36,41],[-19,67],[89,28]],[[3984,16386],[-17,-81],[-90,13],[17,40],[90,28]],[[42205,16732],[19,-53],[-54,-14],[-1,67],[36,0]],[[44697,16754],[73,-13],[0,-27],[-72,-14],[-1,54]],[[19926,16480],[53,68],[55,-13],[-108,-55]],[[25648,16626],[-17,-68],[-36,14],[-1,53],[54,1]],[[33449,16615],[-36,0],[-1,67],[36,13],[1,-80]],[[17433,16538],[19,-40],[72,0],[38,-67],[-90,-14],[17,54],[-73,13],[17,54]],[[43451,16783],[54,-39],[-108,12],[54,27]],[[27417,16669],[1,-54],[-36,-14],[35,68]],[[24149,16653],[19,-67],[-90,-42],[0,41],[54,14],[17,54]],[[25648,16626],[-1,40],[37,-27],[72,-12],[-16,-81],[-55,-1],[-16,-94],[36,-26],[73,0],[18,-40],[-162,-1],[-1,54],[-36,-1],[-1,67],[54,1],[-1,40],[72,28],[-19,53],[-54,0]],[[26406,16659],[90,15],[18,-27],[-72,-14],[-36,26]],[[26713,16676],[19,-108],[-54,-14],[19,-26],[-90,-15],[-19,41],[108,54],[17,68]],[[40489,16758],[-16,-81],[-2,121],[54,0],[-36,-40]],[[55151,16924],[19,-53],[-91,-14],[0,40],[72,27]],[[13352,16554],[19,-40],[-108,-1],[53,54],[36,-13]],[[26875,16691],[1,-81],[-36,-14],[-37,80],[72,15]],[[45833,16858],[-35,-27],[-91,-1],[18,27],[108,1]],[[37148,16809],[54,-27],[-107,-27],[-1,40],[54,14]],[[26406,16659],[0,-26],[-90,-1]],[[26316,16632],[-54,-14],[-1,67],[54,0],[72,41],[19,-67]],[[47187,16896],[-90,-14],[-19,27],[145,1],[-36,-14]],[[44353,16845],[-19,40],[90,14],[-71,-54]],[[45526,16895],[-54,-40],[-1,53],[55,-13]],[[4542,16499],[-54,-41],[19,-54],[-71,-27],[35,54],[-2,94],[18,27],[72,-13],[-17,-40]],[[26151,16765],[1,-41],[54,14],[1,-40],[-73,-1],[17,68]],[[27849,16726],[-90,-1],[90,28],[0,-27]],[[4686,16514],[55,-27],[-91,13],[17,67],[54,14],[-35,-67]],[[46066,16954],[73,-13],[-36,-41],[-126,-1],[17,41],[72,14]],[[52278,17007],[1,-40],[-109,-1],[-36,27],[144,14]],[[13242,16674],[-17,-54],[-89,-82],[-20,94],[126,42]],[[44821,16943],[-36,-41],[-54,-13],[1,-54],[-72,13],[53,54],[54,0],[-55,54],[145,1],[-36,-14]],[[18010,16637],[-73,-1],[0,41],[90,0],[35,54],[2,-80],[-54,-14]],[[54030,17009],[91,-40],[0,-53],[-35,-14],[-1,54],[-73,26],[-1,54],[54,13],[-35,-40]],[[26728,16837],[19,-40],[-109,39],[90,1]],[[3871,16654],[19,-54],[-72,-14],[17,67],[36,1]],[[13242,16674],[-37,53],[72,1],[1,-54],[-36,0]],[[40378,16985],[0,-40],[-54,13],[-35,-108],[-54,-14],[0,54],[52,81],[91,14]],[[41822,16998],[55,-27],[-18,-54],[-37,54],[-144,-2],[144,29]],[[44946,17025],[55,-67],[-91,13],[36,54]],[[27595,16845],[0,-41],[-73,40],[90,55],[-17,-54]],[[48936,17086],[1,-54],[36,-26],[-108,-28],[35,94],[36,14]],[[17989,16798],[36,-13],[-17,-41],[-55,54],[36,0]],[[18151,16853],[36,-40],[-90,-14],[-1,54],[55,0]],[[26365,16941],[19,-40],[-54,0],[55,-40],[-90,-28],[-2,94],[72,14]],[[45071,17093],[19,-40],[-73,26],[36,41],[18,-27]],[[4574,16727],[-18,27],[72,14],[19,-94],[-36,27],[-72,-14],[35,40]],[[16418,16810],[-36,-13],[-1,80],[54,-13],[-17,-54]],[[18313,16841],[-53,-41],[16,108],[55,-26],[-18,-41]],[[44763,17131],[18,13]],[[44781,17144],[36,1],[2,-81],[-145,12],[0,27],[72,1],[17,27]],[[40610,17135],[1,-54],[54,1],[-71,-68],[-2,121],[18,0]],[[46189,17183],[1,-27],[-163,-1],[-54,-14],[-36,40],[72,-13],[162,2],[18,13]],[[52708,17239],[18,1],[1,-94],[-36,-1],[17,94]],[[44781,17144],[-18,-13]],[[44763,17131],[-36,-1],[0,54],[72,1],[-18,-41]],[[4464,16834],[0,-27],[-89,-28],[-1,41],[-72,-14],[-1,40],[72,0],[19,-26],[72,14]],[[44347,17208],[1,-41],[-90,-54],[-1,67],[90,28]],[[49132,17249],[19,-54],[-72,0],[53,54]],[[51299,17268],[55,-40],[-127,-1],[0,27],[72,14]],[[19033,16996],[55,-27],[0,-54],[-54,13],[-1,68]],[[27735,17074],[-35,-54],[-90,-14],[54,27],[17,41],[54,0]],[[4698,16850],[-53,-41],[-1,40],[54,1]],[[61158,17378],[0,-40],[-72,-1],[-1,41],[73,0]],[[52708,17239],[-36,-13],[-19,40],[-54,13],[35,40],[74,-80]],[[17281,17020],[0,-27],[-144,-1],[0,27],[144,1]],[[26057,17032],[17,54],[72,14],[-89,-68]],[[26418,17036],[18,-27],[-53,-27],[-19,53],[36,0],[35,68],[54,0],[-71,-67]],[[26218,17088],[-54,26],[108,14],[-54,-40]],[[3794,16935],[37,-26],[-54,-41],[-37,40],[54,27]],[[6159,16957],[1,-53],[-90,-1],[-1,27],[73,0],[17,27]],[[34378,17228],[73,-40],[-90,-1],[17,41]],[[52056,17355],[19,-40],[-73,12],[0,41],[53,27],[1,-40]],[[4949,16986],[55,-53],[-17,-40],[-73,-1],[35,94]],[[48210,17295],[-19,53],[90,28],[-71,-81]],[[49672,17388],[54,-40],[-108,-1],[-37,27],[91,14]],[[50936,17399],[0,-54],[37,-40],[-108,-28],[-17,-67],[-36,0],[-1,94],[54,0],[-1,54],[72,41]],[[4570,16996],[-16,-134],[-2,120],[18,14]],[[37375,17268],[-54,26],[90,14],[-36,-40]],[[6032,17010],[-89,-55],[-2,67],[108,15],[-17,-27]],[[2043,16905],[-18,40],[53,68],[1,-94],[-36,-14]],[[3053,16995],[-36,-14],[-19,41],[109,1],[-54,-28]],[[40354,17361],[19,-67],[-54,-14],[-19,67],[54,14]],[[57453,17522],[1,-27],[-72,-14],[-37,26],[108,15]],[[52741,17455],[0,-27],[-145,12],[18,40],[144,15],[-17,-40]],[[61191,17580],[37,-54],[1,-120],[-18,-1],[-1,94],[-36,14],[17,67]],[[19951,17152],[-19,80],[36,0],[-17,-80]],[[36398,17393],[55,-13],[-53,-81],[-2,94]],[[60955,17618],[1,-67],[-54,0],[17,67],[36,0]],[[3665,17122],[0,-40],[-72,-15],[-18,27],[72,1],[18,27]],[[4550,17063],[-36,0],[-1,67],[72,1],[-35,-68]],[[4007,17139],[1,-41],[-90,-27],[-19,67],[55,-27],[53,28]],[[16790,17244],[1,-67],[-54,-28],[-90,-14],[-1,54],[90,14],[37,-13],[17,54]],[[56603,17622],[72,-13],[-108,-14],[36,27]],[[25925,17367],[1,-67],[-36,-14],[19,-40],[-127,-1],[71,108],[72,14]],[[36848,17478],[20,-94],[-54,0],[-19,67],[53,27]],[[61695,17692],[36,-40],[-108,-1],[72,41]],[[5902,17197],[37,-54],[-53,-27],[-17,-54],[-55,-1],[71,82],[17,54]],[[3320,17199],[37,-67],[55,-39],[-90,26],[-36,-54],[17,80],[36,14],[-163,12],[54,27],[90,1]],[[27911,17371],[-91,40],[145,1],[1,-80],[-54,-1],[-1,40]],[[5397,17178],[-71,-41],[16,68],[72,27],[-17,-54]],[[61044,17726],[1,-80],[-37,80],[36,0]],[[41235,17570],[1,-54],[-72,-14],[-1,41],[72,27]],[[60918,17725],[35,14],[2,-80],[-73,12],[-19,54],[55,0]],[[61152,17741],[3,-161],[-19,13],[-2,148],[18,0]],[[19243,17387],[19,-40],[-73,13],[54,27]],[[4096,17260],[36,-26],[-34,-95],[-54,-14],[-19,41],[54,14],[17,80]],[[5089,17270],[1,-94],[-54,-14],[17,67],[-19,40],[55,1]],[[20310,17330],[-19,40],[71,41],[1,-41],[-53,-40]],[[13813,17109],[-36,0],[-2,67],[72,41],[-1,67],[54,27],[35,54],[-17,-81],[-53,-94],[-53,-14],[1,-67]],[[20127,17422],[73,-26],[-217,-2],[0,13],[127,1],[17,14]],[[27729,17464],[-36,-27],[-19,53],[91,1],[-36,-27]],[[12726,17327],[-73,0],[0,26],[108,15],[-35,-41]],[[36829,17585],[19,-80],[-72,-1],[17,67],[36,14]],[[27638,17517],[-17,-68],[-73,27],[18,40],[72,1]],[[49865,17712],[1,-81],[-54,27],[-126,-55],[35,68],[109,0],[35,41]],[[57016,17773],[19,-40],[-54,-14],[35,54]],[[50444,17677],[-90,-14],[-19,40],[36,13],[126,2],[1,-54],[-54,13]],[[48565,17728],[54,-27],[-54,-27],[-36,27],[36,27]],[[16932,17406],[18,-26],[-180,-2],[-36,-54],[17,81],[54,-13],[54,54]],[[16859,17446],[73,-40]],[[43960,17688],[90,14],[-17,-40],[-126,-28],[53,54]],[[50118,17728],[0,-41],[-54,0],[17,67],[37,-26]],[[3173,17346],[19,-40],[-90,-42],[-36,40],[90,1],[17,41]],[[3498,17335],[91,15]],[[3589,17350],[-18,-41],[-90,-1],[17,27]],[[54361,17791],[18,-27],[-90,-1],[35,41],[37,-13]],[[5809,17384],[1,-67],[72,14],[0,-27],[-108,-15],[35,95]],[[26048,17583],[1,-81],[-72,-27],[17,108],[54,0]],[[59923,17838],[-91,-14],[0,27],[91,-13]],[[1909,17374],[1,-40],[-73,-1],[0,27],[72,14]],[[43960,17688],[-90,-14],[-1,80],[36,1],[-17,-54],[72,-13]],[[3299,17387],[1,-67],[-72,-14],[71,81]],[[3407,17402],[20,-108],[-72,-14],[16,108],[36,14]],[[41124,17744],[0,-14],[181,2],[0,-14],[-163,-1],[-71,-41],[-19,67],[72,1]],[[2090,17362],[-91,-1],[0,27],[108,15],[-17,-41]],[[3173,17346],[-180,11],[-1,54],[54,-26],[72,14],[55,-53]],[[20252,17544],[37,-67],[-72,0],[16,94],[19,-27]],[[16803,17526],[-17,-54],[-36,0],[-19,80],[108,1],[-36,-27]],[[4598,17453],[1,-67],[108,14],[-35,-27],[-91,-1],[-55,40],[55,1],[17,40]],[[3533,17443],[-18,-27],[-72,26],[71,28],[19,-27]],[[3589,17350],[-20,67],[-36,26]],[[3533,17443],[72,-13],[-16,-80]],[[4074,17475],[73,-26],[0,-41],[-90,27],[17,40]],[[4363,17478],[36,-13],[-17,-68],[-72,-14],[-18,27],[72,14],[-37,40],[36,14]],[[4218,17490],[2,-121],[-55,67],[53,54]],[[2431,17486],[36,-26],[-17,-54],[37,-27],[-91,0],[36,54],[-55,26],[54,27]],[[41411,17840],[37,-40],[1,-53],[-36,13],[-2,80]],[[49357,17882],[-72,0],[17,27],[72,0],[-17,-27]],[[47316,17878],[-90,-27],[54,54],[36,-27]],[[4453,17492],[-54,-1],[35,55],[54,27],[-35,-81]],[[41338,17893],[1,-67],[-72,-14],[-37,67],[54,1],[37,-40],[17,53]],[[3964,17541],[19,-53],[-72,26],[35,54],[18,-27]],[[14417,17679],[1,-41],[-54,-14],[-1,54],[54,1]],[[19870,17729],[0,-54],[-53,-14],[-1,40],[54,28]],[[16511,17711],[-17,-80],[-72,-15],[72,55],[17,40]],[[4361,17612],[1,-81],[-109,40],[72,0],[36,41]],[[37078,17816],[-17,-68],[-36,0],[17,54],[-54,-1],[35,68],[-55,-1],[54,41],[19,-40],[54,1],[-17,-54]],[[50420,18026],[1,-54],[-90,-1],[-1,41],[90,14]],[[20430,17680],[-54,-14],[18,40],[72,15],[35,54],[1,-54],[-72,-41]],[[61255,18131],[-36,-54],[-90,26],[126,28]],[[14218,17704],[-72,-1],[17,40],[109,1],[-54,-40]],[[17467,17760],[-89,-27],[-1,40],[90,-13]],[[16962,17742],[-36,0],[-1,54],[54,0],[-17,-54]],[[4468,17680],[54,1],[-17,-95],[-54,40],[17,54]],[[43900,18050],[37,-13],[-108,-28],[-127,-1],[0,27],[144,1],[54,14]],[[622,17671],[19,-81],[54,1],[-17,-52],[-55,38],[-1,94]],[[47242,17985],[-18,40],[35,14],[-17,-54]],[[61489,18160],[-19,27],[73,-13],[-54,-14]],[[4882,17724],[19,-26],[-72,-28],[-72,-1],[1,-53],[72,-26],[-90,-1],[-37,53],[35,41],[-54,13],[126,1],[72,27]],[[17303,17853],[37,-54],[-72,0],[-1,54],[36,0]],[[53199,18184],[19,-40],[-109,-15],[36,41],[54,14]],[[16165,17883],[37,-54],[1,-67],[-72,0],[-2,107],[36,14]],[[49316,18178],[36,-14],[1,-67],[-36,0],[-1,81]],[[1884,17763],[1,-27],[72,15],[0,-27],[-72,-1],[-36,-27],[-1,67],[36,0]],[[47294,18133],[36,27],[37,-80],[54,14],[1,-40],[-91,12],[0,41],[-91,-1],[54,27]],[[13908,17889],[1,-54],[72,1],[1,-54],[-91,26],[17,81]],[[47149,18172],[0,-27],[-126,-1],[0,14],[126,14]],[[4882,17724],[-92,93],[91,-12],[1,-81]],[[17610,17896],[-72,-28],[-19,41],[108,27],[-17,-40]],[[18729,17893],[-72,-28],[53,81],[72,28],[1,-54],[-54,-27]],[[61811,18351],[1,-40],[-54,-41],[-72,-14],[-107,-82],[0,27],[89,68],[108,41],[35,41]],[[19870,17729],[17,67],[35,14],[-19,107],[72,1],[17,80],[1,-107],[-36,13],[19,-67],[-53,-54],[1,-54],[-54,0]],[[41983,18208],[19,-40],[-72,-1],[53,41]],[[43916,18185],[-17,-41],[-55,27],[54,54],[18,-40]],[[51482,18277],[-72,-14],[-1,27],[90,14],[-17,-27]],[[16849,18010],[2,-81],[-54,0],[16,81],[36,0]],[[54930,18333],[19,-54],[-54,13],[-1,54],[36,-13]],[[18799,18028],[-35,-27],[-127,12],[72,27],[90,-12]],[[47490,18296],[19,-40],[-72,-27],[-1,67],[54,0]],[[47309,18308],[-17,-40],[-55,39],[72,1]],[[62821,18440],[-53,-54],[-181,-15],[0,27],[181,1],[-1,41],[54,0]],[[2100,17806],[-36,-1],[-1,67],[71,55],[1,-54],[-35,-67]],[[61811,18351],[-1,67],[-35,-67],[-72,-41],[-1,80],[-37,67],[72,-13]],[[61737,18444],[73,-13],[17,54],[91,-26],[-18,-27],[-54,13],[19,-67],[-54,-27]],[[61737,18444],[-17,-27]],[[61720,18417],[17,27]],[[61720,18417],[1,-53],[36,0],[-1,54],[-36,-1]],[[62405,18477],[1,-54],[-54,13],[-127,-1],[0,13],[144,2],[-18,40],[54,-13]],[[1502,17961],[0,-27],[72,14],[-17,-40],[-126,-42],[-19,41],[71,67],[19,-13]],[[5455,18025],[18,-26],[-71,-41],[-1,67],[54,0]],[[18094,18115],[54,-13],[-90,-27],[-1,53],[37,-13]],[[17497,18177],[18,-40],[109,-26],[-35,-41],[-91,26],[-1,41],[-54,-1],[54,41]],[[62061,18568],[54,-40],[1,-40],[109,-13],[-109,-14],[-72,26],[-1,54],[-72,-1],[90,28]],[[1572,18056],[37,-54],[-54,0],[-37,53],[54,1]],[[1373,18081],[19,-40],[-54,-14],[-37,53],[72,1]],[[13560,18154],[2,-107],[-18,0],[-1,94],[17,13]],[[48679,18508],[19,-40],[-72,-14],[53,54]],[[5255,18131],[36,-13],[-17,-41],[-55,0],[-1,53],[37,1]],[[19951,18267],[37,-54],[-126,-14],[35,54],[54,14]],[[44453,18485],[-53,-81],[0,53],[53,28]],[[53590,18563],[20,-80],[-73,26],[53,54]],[[16971,18266],[1,-40],[-72,-14],[17,54],[54,0]],[[20330,18297],[-35,-94],[-18,13],[-2,94],[72,14],[-17,-27]],[[48642,18548],[-18,27],[108,1],[-35,-41],[-55,13]],[[17531,18312],[36,-13],[-36,-41],[-72,13],[1,-41],[-72,-27],[-17,-54],[-37,13],[71,81],[36,1],[-1,53],[91,15]],[[47558,18552],[-52,-95],[-19,54],[-90,-54],[-35,-41],[-1,54],[54,27],[53,68],[90,-13]],[[1678,18191],[37,-40],[1,-53],[-36,13],[-2,80]],[[18920,18351],[-35,-40],[-108,-1],[-1,40],[108,-13],[36,14]],[[2238,18170],[54,40],[19,-67],[-72,-27],[1,-40],[-72,-1],[17,54],[53,41]],[[6118,18300],[20,-67],[-37,13],[17,54]],[[42754,18564],[-36,0],[-1,53],[54,14],[-17,-67]],[[47647,18674],[-17,-95],[-19,94],[36,1]],[[42952,18646],[1,-67],[-54,-14],[53,81]],[[47358,18685],[-36,-41],[-36,40],[72,1]],[[1731,18286],[19,-54],[-73,13],[54,41]],[[16536,18410],[19,-54],[-37,14],[18,40]],[[44758,18635],[-54,0],[17,40],[54,28],[-17,-68]],[[48514,18668],[-36,-41],[17,108],[19,-67]],[[50716,18754],[1,-67],[-54,-1],[-36,-40],[-1,67],[90,41]],[[62472,18867],[18,-27],[-90,-14],[72,41]],[[557,18311],[47,18]],[[604,18329],[61,-27],[-54,-27],[-54,36]],[[40297,18637],[17,53],[55,-26],[-35,-67],[-36,-14],[-144,-1],[-2,80],[90,14],[-17,-53],[72,14]],[[20525,18527],[0,-54],[-53,-14],[-1,41],[54,27]],[[17310,18525],[1,-41],[-90,-1],[-1,27],[90,15]],[[44846,18770],[55,-26],[-54,-54],[-1,80]],[[47265,18818],[19,-53],[-35,-28],[16,81]],[[22835,18575],[19,-54],[-54,-27],[17,108],[18,-27]],[[66533,18995],[-17,-67],[-19,53],[36,14]],[[1187,18428],[19,-53],[-54,-1],[-1,54],[36,0]],[[19295,18596],[20,-67],[-37,27],[-72,-1],[-1,27],[90,14]],[[44719,18783],[19,-54],[-108,-1],[0,27],[71,54],[18,-26]],[[54127,18877],[37,-13],[-54,-27],[17,40]],[[4671,18475],[55,-54],[1,-80],[-90,-1],[-18,27],[71,27],[-37,54],[18,27]],[[6224,18489],[0,-54],[55,-26],[-72,-14],[-37,67],[54,27]],[[4924,18450],[-126,-1],[-1,40],[144,2],[-17,-41]],[[46885,18869],[37,-40],[-90,-1],[53,41]],[[2053,18450],[19,-67],[-54,13],[35,54]],[[5230,18507],[1,-41],[-90,-14],[-1,40],[90,15]],[[17797,18583],[-72,-1],[71,54],[1,-53]],[[43887,18869],[19,-40],[91,-12],[-36,-41],[-91,26],[-19,67],[36,0]],[[44881,18878],[19,-67],[-90,-14],[-1,67],[72,14]],[[49376,18944],[1,-67],[37,0],[1,-107],[-72,-28],[-54,26],[90,28],[-19,54],[16,94]],[[58315,19033],[37,-53],[-108,-1],[71,54]],[[67615,19111],[19,-53],[-54,-28],[37,-66],[-90,12],[35,41],[0,54],[53,40]],[[47317,18953],[1,-27],[72,1],[19,-67],[-72,-14],[-1,53],[-36,13],[17,41]],[[47896,18904],[-108,-14],[18,27],[90,1],[53,40],[1,-40],[-54,-14]],[[17217,18698],[2,-107],[-36,-14],[-2,121],[36,0]],[[48781,18939],[161,41],[-52,-81],[-72,-41],[-1,41],[-108,12],[-1,40],[73,-12]],[[6799,18615],[2,-80],[-127,-1],[72,14],[17,67],[36,0]],[[44663,18957],[54,-40],[-108,12],[-19,27],[73,1]],[[49034,18887],[-18,27],[53,27],[36,54],[-17,-94],[-54,-14]],[[44590,19010],[0,-27],[-72,-1],[-1,27],[73,1]],[[39227,18963],[-109,-14],[18,27],[126,1],[-35,-14]],[[44896,19039],[1,-80],[-71,-55],[-2,135],[72,0]],[[4993,18666],[-55,13],[126,14],[-71,-27]],[[47677,19050],[1,-67],[-72,13],[17,54],[90,41],[-36,-41]],[[64706,19235],[54,-26],[1,-41],[-55,13],[0,54]],[[38900,19027],[1,-27],[-127,-1],[36,28],[90,0]],[[47839,19105],[-18,-40],[-72,-1],[90,41]],[[47983,19106],[1,-40],[54,1],[19,-41],[-109,26],[35,54]],[[54447,19202],[55,-53],[2,-81],[-54,-14],[16,95],[-54,26],[35,27]],[[41212,19034],[-72,0],[-1,26],[90,28],[-17,-54]],[[5118,18721],[-19,80],[72,1],[-53,-81]],[[47873,19200],[-17,-54],[-54,-14],[35,94],[54,14],[-18,-40]],[[67575,19393],[37,-40],[-72,-41],[17,94],[18,-13]],[[48180,19229],[0,-27],[-72,26],[0,-40],[-72,13],[-37,40],[127,1],[-19,40],[72,1]],[[48179,19283],[36,0]],[[48215,19283],[18,0]],[[48233,19283],[127,15],[-180,-69]],[[64883,19451],[19,-80],[-54,13],[-1,54],[36,13]],[[21689,19088],[3,-201],[-53,-14],[16,81],[-1,94],[35,40]],[[21925,19023],[17,81]],[[21942,19104],[36,0],[1,-94],[-54,13]],[[41082,19275],[-17,-81],[-55,26],[72,55]],[[42418,19313],[0,-53],[-53,-41],[-19,53],[72,41]],[[48215,19283],[-36,0]],[[48179,19283],[18,40],[-55,27],[72,0],[1,-67]],[[21165,19137],[1,-67],[-54,0],[18,-40],[-54,-14],[-1,80],[72,-13],[-18,41],[36,13]],[[67555,19541],[19,-81],[-36,13],[17,68]],[[21653,19102],[-109,-1],[18,27],[72,0],[19,-26]],[[44764,19374],[37,-26],[-91,12],[54,14]],[[21942,19104],[-19,40],[72,14],[72,41]],[[22067,19199],[0,-27],[-90,-27],[-35,-41]],[[5528,19060],[-180,-28],[17,40],[126,1],[37,-13]],[[5528,19060],[89,41],[-17,-54],[-54,-14],[-18,27]],[[22067,19199],[35,68],[36,0],[1,-54],[-72,-14]],[[21759,19210],[37,-27],[-72,-14],[-1,54],[53,54],[-17,-67]],[[17154,19248],[54,1],[-53,-54],[1,-54],[-54,-14],[-1,54],[-37,26],[72,1],[18,40]],[[42342,19514],[73,-53],[1,-54],[36,14],[-17,-54],[36,-26],[-126,-1],[35,94],[-74,53],[36,27]],[[62821,19663],[18,-27],[-72,-14],[37,-40],[-55,13],[-1,67],[73,1]],[[60671,19685],[36,-13],[19,-54],[-54,-27],[0,53],[-36,-13],[-1,53],[36,1]],[[5272,19232],[-36,-13],[1,-81],[-36,13],[-1,81],[72,0]],[[21847,19399],[-18,-54],[-72,-1],[90,55]],[[23291,19412],[-17,-41],[-72,-27],[-37,40],[72,1],[54,27]],[[66701,19856],[36,14],[-53,-81],[17,67]],[[44958,19671],[37,-40],[-109,26],[72,14]],[[62818,19824],[19,-40],[-71,-68],[-1,40],[53,68]],[[42159,19687],[1,-53],[36,-14],[-54,-27],[-1,94],[18,0]],[[6244,19416],[-17,-54],[-55,13],[72,41]],[[42249,19675],[19,-54],[-54,26],[-2,81],[72,14],[1,-67],[-36,0]],[[62744,19957],[37,-40],[1,-94],[-36,0],[-1,54],[-72,-14],[-1,54],[72,40]],[[17365,19600],[72,-13],[-17,-27],[-55,13],[-35,-27],[-1,53],[36,1]],[[29517,19710],[18,-40],[-72,-1],[54,41]],[[41001,19811],[36,-13],[-108,-27],[-36,26],[108,14]],[[53588,19907],[55,-53],[-72,-28],[-2,94],[19,-13]],[[18050,19633],[55,-13],[-54,-27],[-1,40]],[[41795,19872],[72,-13],[1,-27],[-91,-14],[-36,54],[54,0]],[[62726,19971],[-36,-1],[34,95],[54,0],[-53,-41],[1,-53]],[[21644,19652],[-37,40],[54,14],[-17,-54]],[[17128,19718],[73,-26],[-54,-41],[0,41],[-73,-1],[54,27]],[[17290,19747],[55,-40],[72,14],[1,-40],[-127,12],[-36,-27],[35,81]],[[64836,20163],[-18,-27],[-72,13],[0,27],[90,-13]],[[64528,20214],[91,-53],[-72,0],[-91,53],[72,0]],[[22146,19858],[-36,-27],[-72,-1],[-18,27],[72,-13],[54,14]],[[62975,20215],[54,-13],[-35,-41],[-55,26],[36,28]],[[17289,19827],[-72,-27],[17,40],[55,-13]],[[54380,20075],[-73,40],[36,13],[17,81],[36,-13],[20,-134],[-36,13]],[[42387,20079],[163,-12],[-90,-41],[-54,-1],[-19,54]],[[54088,20287],[0,-40],[55,-40],[-91,26],[36,54]],[[42511,20241],[-35,-27],[55,-53],[-91,39],[71,41]],[[54285,20356],[1,-54],[54,14],[1,-40],[-91,-14],[35,94]],[[42421,20267],[0,-40],[-108,-14],[53,54],[55,0]],[[48145,20344],[1,-108],[-36,0],[-37,53],[54,1],[18,54]],[[42727,20310],[55,-67],[-90,-14],[35,81]],[[22520,20171],[1,-68],[-54,13],[-1,41],[54,14]],[[60929,20520],[-35,-81],[-36,40],[71,41]],[[62591,20534],[90,-26],[-162,-2],[72,28]],[[17193,20162],[1,-53],[91,-53],[37,-54],[-90,-1],[-1,41],[-55,53],[-108,-1],[-1,27],[72,0],[54,41]],[[54844,20428],[-36,-41],[-18,54],[107,55],[1,-41],[-54,-27]],[[55059,20511],[20,-81],[-55,26],[35,55]],[[61037,20548],[1,-54],[-54,-1],[53,55]],[[42671,20404],[19,-54],[-54,-14],[0,41],[-55,-1],[0,40],[90,-12]],[[27070,20239],[-19,67],[54,13],[-35,-80]],[[61506,20592],[54,14],[73,-13],[18,-27],[72,14],[0,-27],[-90,13],[-144,-1],[17,27]],[[63312,20634],[18,-40],[-36,-14],[-126,-1],[-18,13],[144,15],[18,27]],[[65659,20654],[-16,-95],[-19,67],[35,28]],[[17680,20180],[-36,0],[34,108],[19,-27],[-17,-81]],[[16289,20235],[-19,53],[72,14],[-53,-67]],[[27482,20471],[19,-54],[-55,13],[-19,40],[55,1]],[[52492,20690],[37,-53],[-90,-15],[-19,27],[72,41]],[[42724,20498],[53,68],[-19,40],[72,14],[-35,-41],[1,-53],[-35,-68],[-73,0],[-18,40],[54,0]],[[55059,20511],[-1,94],[-18,-1],[-2,121],[18,0]],[[55056,20725],[37,-26],[2,-175],[-36,-13]],[[63291,20795],[37,-53],[-17,-68],[-37,54],[17,67]],[[16826,20508],[55,-40],[-90,-14],[-1,54],[36,0]],[[63072,20941],[1,-67],[-35,-54],[-19,67],[53,54]],[[16374,20517],[-54,0],[0,40],[72,1],[-18,-41]],[[16500,20559],[19,-67],[-55,40],[-54,-14],[18,40],[72,1]],[[17511,20582],[2,-121],[-55,26],[-19,54],[55,0],[17,41]],[[19298,20625],[73,-26],[-72,-41],[-1,67]],[[42971,20836],[1,-13]],[[42972,20823],[-72,-14],[-19,53],[72,1],[18,-27]],[[55092,20753],[-36,-28]],[[55056,20725],[35,95],[72,0],[72,28],[-19,67],[89,54],[-52,-121],[54,27],[0,-53],[-89,-68],[55,-13],[-127,-1],[54,14],[0,40],[-108,-41]],[[63035,21048],[19,-80],[-72,-14],[53,94]],[[65436,21095],[19,-27],[72,1],[-36,-41],[-91,53],[36,14]],[[42972,20823],[-1,13]],[[42971,20836],[-19,67],[55,1],[19,-94],[-54,13]],[[52379,21012],[108,-13],[1,-40],[-73,26],[1,-40],[-74,66],[37,1]],[[42844,20889],[18,13]],[[42862,20902],[-18,-13]],[[42844,20889],[-18,40],[108,1],[0,-40],[-90,-1]],[[31232,20867],[-36,-27],[-19,67],[72,0],[-17,-40]],[[43094,21093],[37,-40],[-54,-28],[17,68]],[[63122,21264],[54,-40],[-17,-41],[36,-26],[-162,-15],[90,41],[-1,81]],[[27889,20971],[1,-53],[72,27],[0,-54],[-108,-14],[35,94]],[[62887,21275],[1,-94],[-55,27],[36,13],[18,54]],[[53982,21281],[91,-53],[-109,12],[18,41]],[[64221,21394],[20,-94],[-36,13],[-38,67],[54,14]],[[62614,21407],[0,-40],[-72,26],[53,41],[19,-27]],[[54287,21404],[109,-39],[-90,-1],[1,-54],[-37,0],[-19,67],[36,27]],[[19181,21148],[2,-121],[-20,107],[18,14]],[[38881,21365],[1,-27],[-145,-2],[0,27],[72,-12],[72,14]],[[55532,21509],[1,-94],[-36,13],[35,81]],[[55621,21577],[91,-27],[-91,0],[-17,-41],[-19,67],[36,1]],[[38881,21365],[-90,26],[53,40]],[[38844,21431],[0,41],[54,-27],[-17,-80]],[[41949,21512],[19,-40],[55,-26],[1,-81],[-36,0],[-1,54],[-36,13],[-56,66],[54,14]],[[64271,21717],[1,-54],[-73,40],[72,14]],[[56739,21694],[1,-54],[-37,53],[36,1]],[[64162,21756],[36,-26],[-72,-1],[36,27]],[[64541,21759],[19,-40],[90,-26],[-162,12],[-1,40],[54,14]],[[43808,21623],[19,-40],[-73,-1],[0,40],[54,1]],[[41837,21740],[1,-54],[-55,53],[54,1]],[[56032,21876],[1,-54],[-53,-68],[-37,13],[-1,81],[72,1],[18,27]],[[56772,21882],[1,-27],[72,1],[-54,-28],[-72,0],[-18,-41],[37,-53],[-72,13],[-1,53],[36,1],[-1,53],[72,28]],[[63708,21914],[126,27],[0,-40],[127,15],[54,-13],[36,40],[-18,-67],[-90,-1],[-54,27],[-54,-41],[-19,53],[-108,0]],[[63708,21914],[-37,40],[72,27],[19,-40],[-54,-27]],[[41818,21807],[-35,-54],[-55,40],[90,14]],[[56681,21921],[37,-53],[-54,-14],[-19,81],[36,-14]],[[23200,21681],[-54,-54],[-36,40],[90,14]],[[57132,21979],[1,-67],[-72,13],[1,-67],[-55,26],[17,81],[36,-27],[54,27],[0,41],[54,14],[-36,-41]],[[58703,21992],[-36,27],[72,27],[-36,-54]],[[43315,21927],[55,-53],[-90,13],[35,40]],[[63488,22113],[19,-67],[-55,40],[36,27]],[[61411,22123],[-18,-54],[-54,26],[72,28]],[[60959,22146],[18,-14],[-17,-80],[-36,-1],[17,68],[-54,-14],[-18,27],[90,14]],[[57580,22184],[19,-53],[-108,12],[72,14],[17,27]],[[63504,22261],[73,-53],[-144,-28],[-1,40],[72,41]],[[59945,22285],[-18,-27],[-72,-1],[17,54],[73,-26]],[[63701,22343],[-35,-67],[-54,-1],[-1,54],[90,14]],[[24422,22028],[19,-40],[-73,13],[54,27]],[[43455,22211],[1,-41],[72,28],[-17,-41],[-55,0],[-37,53],[36,1]],[[60721,22332],[108,28],[1,-41],[90,-26],[38,-67],[1,-67],[-37,54],[-55,26],[-1,54],[-108,12],[-126,-41],[-18,-27],[-55,40],[127,14],[-19,13],[53,68],[1,-40]],[[60126,22273],[-90,-14],[-91,26]],[[59945,22285],[0,13],[126,15],[17,54],[38,-94]],[[63539,22355],[-19,41],[90,0],[1,-27],[-72,-14]],[[59889,22419],[19,-81],[-18,-13],[-37,80],[36,14]],[[34732,22215],[18,-14]],[[34750,22201],[-18,14]],[[34732,22215],[54,13],[1,-53],[-73,-1],[18,41]],[[64729,22473],[19,-54],[-54,-14],[-19,27],[54,41]],[[64873,22501],[-17,-41],[72,1],[0,-27],[-163,26],[18,27],[90,14]],[[59798,22472],[1,-54],[36,-27],[1,-53],[-36,-1],[-20,135],[18,0]],[[43327,22317],[73,-26],[-53,-41],[-91,-1],[-1,54],[-36,0],[-1,53],[91,-12],[-36,-14],[19,-67],[35,54]],[[39245,22322],[181,1],[0,-13],[-180,-2],[-1,14]],[[65016,22569],[37,-40],[-90,0],[-19,26],[72,14]],[[43327,22317],[0,54],[-37,-1],[0,54],[72,-26],[91,1],[-18,-54],[-108,-28]],[[63644,22518],[0,40],[54,0],[-19,40],[55,1],[0,-54],[-54,0],[1,-67],[-37,40]],[[59434,22657],[72,-13],[-53,-41],[-19,54]],[[42674,22526],[-18,-40],[-72,-1],[18,27],[72,14]],[[67091,22748],[54,14],[-17,-94],[-89,-28],[-20,94],[72,14]],[[24488,22418],[37,-53],[-90,-14],[17,67],[36,0]],[[67217,22803],[-54,-1],[89,41],[-35,-40]],[[20766,22492],[-17,-54],[-54,13],[71,41]],[[21543,22512],[0,-53],[-54,39],[54,14]],[[42849,22850],[1,-13],[126,1],[0,-14],[-126,-1],[-90,-14],[89,41]],[[21631,22607],[-35,-27],[-19,40],[108,28],[-54,-41]],[[20745,22693],[36,-26],[-89,-55],[17,81],[36,0]],[[64611,23090],[19,-27],[-36,-40],[-19,53],[36,14]],[[44383,22958],[54,0],[19,-67],[-36,-14],[-37,81]],[[44708,22987],[-35,-67],[-2,67],[37,0]],[[64213,23154],[-126,-42],[-1,41],[127,1]],[[64756,23091],[1,-67],[-55,53]],[[64702,23077],[-54,0],[17,40],[-54,-27]],[[64611,23090],[-1,80],[199,-25],[-53,-54]],[[21753,22904],[19,-67],[-36,0],[16,121],[37,-40],[-36,-14]],[[42158,23167],[55,-40],[-163,39],[108,1]],[[42989,23174],[36,-13],[-17,-54],[-54,-1],[-37,67],[72,1]],[[44704,23202],[19,-26],[-145,-2],[-18,27],[144,1]],[[64318,23396],[90,-12],[1,-54],[-54,0],[-37,66]],[[21606,23037],[37,-13],[-36,-41],[-1,54]],[[30960,23135],[-17,-41],[-127,39],[144,2]],[[41958,23232],[73,-53],[-72,-1],[-1,54]],[[36685,23186],[1,-41],[-73,13],[0,27],[72,1]],[[41470,23295],[-35,-81],[72,1],[-17,-68],[-36,-13],[-37,53],[-1,67],[54,41]],[[21443,23103],[-1,53],[36,1],[-35,-54]],[[48151,23420],[0,-27],[-180,-1],[35,27],[145,1]],[[47681,23443],[-72,-1],[-1,27],[108,15],[-35,-41]],[[25432,23219],[-1,67],[36,14],[1,-53],[-36,-28]],[[47896,23539],[20,-94],[-37,13],[-34,-108],[-3,148],[54,41]],[[25105,23324],[18,40],[19,-67],[-37,27]],[[17754,23351],[1,-54],[-72,-41],[71,95]],[[17934,23379],[19,-53],[-36,-27],[-16,-68],[-37,0],[16,121],[54,27]],[[18097,23354],[19,-67],[-72,-1],[-1,54],[54,14]],[[31153,23486],[73,-13],[17,54],[54,0],[-53,-41],[0,-53],[-36,-14],[1,-54],[-35,-40],[16,94],[-54,-1],[17,68]],[[25284,23446],[1,-40],[-90,-41],[-1,54],[72,0],[-19,54],[72,27],[-35,-54]],[[63787,23835],[55,-40],[-108,0],[-36,-28],[-2,94],[90,15],[1,-41]],[[34691,23638],[73,-26],[-109,-1],[36,27]],[[34945,23560],[-1,80],[36,1],[1,-54],[-36,-27]],[[25409,23555],[-37,0],[0,53],[54,14],[-17,-67]],[[63641,23968],[36,-40],[-90,-14],[17,54],[37,0]],[[35249,23724],[19,-54],[-72,-14],[53,68]],[[18274,23597],[72,-26],[-35,-54],[-37,40],[-54,0],[0,40],[54,0]],[[24215,23652],[1,-54],[-36,-14],[-1,54],[36,14]],[[34689,23772],[0,-40],[72,14],[-17,-67],[-91,53],[36,40]],[[24577,23628],[-19,40],[35,41],[54,0],[-70,-81]],[[18363,23679],[-17,-67],[-91,-1],[17,67],[55,-40],[36,41]],[[63693,24090],[36,-27],[20,-67],[-90,-27],[-38,107],[72,14]],[[63744,24265],[1,-40],[-53,-55],[-2,81],[54,14]],[[42902,24100],[19,-67],[-36,0],[-37,67],[54,0]],[[32373,24020],[19,-40],[-109,-14],[36,41],[54,13]],[[25185,23969],[-1,54],[72,41],[0,-40],[-54,-14],[-17,-41]],[[18213,24013],[36,-13],[19,-53],[-72,-1],[35,41],[-18,26]],[[31611,24242],[36,14],[0,-54],[-54,-14],[18,54]],[[31483,24308],[36,-13],[-35,-68],[-36,0],[-1,81],[36,0]],[[44143,24406],[-53,-40],[-19,53],[90,14],[-18,-27]],[[62998,24635],[37,-27],[-54,-14],[17,41]],[[21206,24282],[37,-53],[-108,-28],[71,81]],[[63215,24663],[-72,-40],[-1,40],[73,0]],[[63250,24691],[37,-27],[90,14],[-18,-27],[-108,-14],[-37,53],[36,1]],[[64369,24767],[37,-53],[-54,-41],[0,54],[-55,53],[72,-13]],[[31443,24536],[20,-80],[-90,-15],[71,41],[-1,54]],[[31984,24581],[37,-53],[-72,-14],[35,67]],[[38287,24637],[36,27],[19,-53],[-72,-14],[-37,40],[54,0]],[[44716,24720],[37,-13],[-17,-54],[-36,-13],[-19,53],[35,27]],[[20335,24530],[1,-67],[-55,53],[54,14]],[[24163,24618],[-17,-67],[36,14],[90,-13],[1,-27],[-145,-1],[-17,-27],[-127,-1],[54,54],[36,-27],[-1,54],[90,41]],[[24000,24630],[1,-67],[-36,-14],[-19,54],[54,27]],[[44824,24748],[-72,0],[89,67],[19,-26],[-36,-41]],[[19035,24531],[-54,-27],[17,67],[72,28],[2,-121],[-54,-27],[1,-68],[-107,-54],[-1,67],[53,81],[71,54]],[[20154,24595],[-19,40],[54,-13],[-35,-27]],[[19104,24707],[19,-54],[-54,-27],[0,53],[35,28]],[[31040,24882],[19,-27],[72,14],[-18,-27],[-72,-14],[-1,54]],[[31419,24952],[18,-40],[-127,26],[109,14]],[[22100,24882],[-18,-54],[55,-27],[-108,-14],[-1,40],[72,55]],[[61905,25257],[19,-80],[-36,-1],[-19,81],[36,0]],[[20202,24945],[19,-54],[-36,0],[17,54]],[[46858,25209],[38,-80],[-55,13],[17,67]],[[64504,25386],[19,-40],[-163,-1],[109,14],[35,27]],[[20905,25019],[1,-68],[-72,0],[18,40],[53,28]],[[21555,25024],[-53,-54],[-90,-27],[35,80],[108,1]],[[33330,25131],[1,-68],[-36,0],[-19,67],[54,1]],[[20526,25015],[0,-27],[-144,-1],[17,40],[127,-12]],[[31831,25144],[36,-27],[-35,-54],[-54,0],[53,81]],[[30801,25148],[20,-120],[-35,-28],[-2,121],[17,27]],[[31469,25181],[20,-94],[-55,0],[-19,80],[54,14]],[[20526,25015],[-37,40]],[[20489,25055],[2,0]],[[20491,25055],[52,14]],[[20543,25069],[54,15]],[[20597,25084],[1,-28],[72,14],[0,-27],[-108,-1],[-36,-27]],[[56736,25442],[55,-54],[-91,0],[0,53],[36,1]],[[30962,25230],[91,-39],[-35,-41],[-36,13],[-20,67]],[[21120,25128],[18,-13],[-53,-68],[-36,0],[17,80],[54,1]],[[31829,25251],[36,-13],[-17,-67],[-35,-14],[-2,94],[18,0]],[[21805,25201],[19,-53],[-53,-28],[-2,68],[36,13]],[[64086,25571],[1,-67],[54,0],[19,-40],[-72,-1],[-38,108],[36,0]],[[21678,25254],[19,-40],[-89,-95],[16,134],[54,1]],[[64790,25631],[18,-27],[72,0],[-17,-27],[-91,0],[18,54]],[[30346,25359],[1,-54],[37,-40],[-55,13],[17,81]],[[24892,25323],[1,-67],[-54,0],[-1,53],[54,14]],[[21640,25374],[18,-26],[-71,-28],[-37,40],[54,-13],[36,27]],[[31844,25467],[1,-68],[-127,-1],[18,27],[72,-13],[36,55]],[[46708,25584],[-36,0],[71,54],[-35,-54]],[[45712,25750],[36,-13],[-17,-54],[-36,0],[-19,67],[36,0]],[[23351,25645],[1,-67],[37,0],[-36,-54],[2,-80],[-73,-1],[53,81],[-54,0],[17,54],[53,67]],[[25157,25662],[-53,-55],[-1,41],[54,14]],[[24507,25683],[53,40],[-19,54],[36,14],[1,-54],[37,-27],[-54,-13],[-17,-81],[-90,-1],[-19,54],[72,14]],[[24776,25779],[-19,54],[109,1],[-90,-55]],[[53201,26204],[19,-67],[-72,-14],[53,81]],[[43249,26145],[1,-40],[-54,-14],[-37,53],[90,1]],[[64111,26323],[54,-26],[1,-40],[-91,12],[-18,54],[54,0]],[[62069,26373],[91,-53],[-91,0],[0,53]],[[61597,26477],[1,-54],[72,1],[1,-27],[-72,-1],[-55,40],[53,41]],[[64903,26505],[19,-67],[-36,13],[17,54]],[[61704,26558],[37,-53],[1,-54],[-54,27],[17,27],[-54,13],[53,40]],[[64793,26584],[37,-26],[1,-67],[-36,-1],[-20,94],[18,0]],[[61433,26623],[36,-40],[36,28],[73,-27],[-126,-28],[-55,54],[36,13]],[[61394,26771],[2,-121],[-36,0],[-1,67],[35,54]],[[24639,26449],[72,1],[-89,-68],[-73,13],[54,14],[-1,54],[37,-14]],[[61177,26809],[54,-26],[-35,-41],[-73,13],[0,54],[54,0]],[[50608,26854],[1,-41],[-73,13],[36,41],[36,-13]],[[60831,26994],[37,-53],[-73,40],[36,13]],[[60704,27007],[1,-54],[-36,-27],[-1,81],[36,0]],[[62344,27276],[1,-81],[-36,0],[-1,81],[36,0]],[[48105,27477],[38,-67],[-73,26],[35,41]],[[42252,27493],[19,-40],[-36,-14],[-37,40],[54,14]],[[60279,27608],[-18,40],[72,1],[-54,-41]],[[63725,27932],[1,-40],[-55,13],[0,40],[54,-13]],[[39321,27776],[37,-53],[91,-13],[1,-80],[-90,-1],[71,27],[-18,40],[-73,0],[0,40],[-54,0],[35,40]],[[58612,27956],[1,-94],[-54,40],[-18,-54],[-19,94],[73,-26],[17,40]],[[60256,27984],[71,27],[1,-27],[-72,0]],[[61086,27991],[-35,-41],[-54,0],[35,54],[72,14],[-18,-27]],[[40350,27852],[1,-80],[-36,0],[-37,53],[72,27]],[[40169,27851],[1,-54],[-55,13],[36,68],[18,-27]],[[63921,28082],[20,-67],[-55,13],[-55,53],[90,1]],[[39860,27996],[0,-54],[37,1],[1,-68],[-55,0],[-1,121],[18,0]],[[61228,28207],[1,-54],[-91,-14],[0,27],[90,41]],[[64909,28507],[0,-27],[163,1],[-54,-27],[-108,-1],[-1,54]],[[64475,28503],[36,-13],[-17,-54],[-18,40],[-73,-1],[72,55],[0,-27]],[[32555,28388],[37,-27],[90,15],[-54,-28],[-17,-54],[-36,0],[-1,67],[-54,-14],[35,41]],[[32662,28456],[1,-40],[-73,39],[72,1]],[[32498,28549],[1,-14],[144,1],[19,-26],[-199,-2],[35,41]],[[68100,28963],[1,-67],[-55,13],[54,54]],[[53445,29162],[72,-13],[19,-27],[-109,-1],[18,41]],[[58098,29631],[37,-13],[-54,-27],[16,108],[37,0],[-36,-68]],[[41822,29585],[73,-67],[-127,40],[54,27]],[[57842,29871],[1,-94],[-36,-14],[-1,94],[36,14]],[[41061,29672],[-18,40],[35,41],[55,-13],[-36,-27],[19,-81],[-144,-1],[-19,13],[108,28]],[[45829,29808],[54,-13],[-18,-27],[-72,-1],[36,41]],[[39269,29939],[-19,40],[35,54],[37,-40],[-53,-54]],[[35688,30176],[1,-68],[-37,27],[-54,-14],[-1,54],[91,1]],[[55937,30352],[1,-67],[-35,-27],[-2,94],[36,0]],[[68240,30469],[18,-40],[-108,-15],[18,41],[72,14]],[[68384,30484],[109,-13],[-145,-28],[-91,39],[127,2]],[[68746,30446],[-109,-1],[36,41],[54,0],[19,-40]],[[68746,30446],[126,15],[18,27],[72,14],[1,-54],[-217,-2]],[[54491,30407],[1,-81],[-37,67],[36,14]],[[69052,30543],[108,-13],[0,-13],[-180,-2],[72,28]],[[69449,30546],[-36,-40],[-72,39],[108,1]],[[54346,30473],[37,-54],[-54,-41],[-36,14],[35,54],[-54,13],[72,14]],[[38158,30506],[54,-13],[-72,-27],[-37,40],[55,0]],[[41208,30681],[1,-94],[-126,-1],[-1,54],[36,13],[19,-53],[36,14],[-2,94],[73,0],[-36,-27]],[[41027,30693],[19,-27],[-91,-1],[-37,54],[109,1],[0,-27]],[[60102,30911],[55,-40],[-90,-14],[35,54]],[[42073,30810],[1,-54],[-55,26],[54,28]],[[41562,31114],[19,-54],[-55,40],[36,14]],[[60691,31386],[20,-80],[-54,-14],[17,40],[-19,54],[36,0]],[[60505,31788],[0,-41],[73,-26],[-36,-13],[-91,52],[54,28]],[[70366,32032],[2,-94],[-36,-28],[-2,121],[36,1]],[[44387,31864],[37,-26],[-54,-28],[-17,-67],[-2,107],[36,14]],[[43827,31859],[-35,-67],[-1,67],[36,0]],[[44206,31889],[18,-13],[-53,-54],[-1,67],[36,0]],[[43682,31885],[-19,53],[54,1],[1,-54],[-36,0]],[[44023,32009],[2,-81],[54,1],[1,-54],[-72,-54],[-3,188],[18,0]],[[41745,32096],[73,-39],[-144,-2],[-1,54],[72,-13]],[[41547,32108],[0,-40],[-91,26],[18,27],[73,-13]],[[41745,32096],[-36,54],[144,1],[-90,-14],[-18,-41]],[[41943,32152],[73,-26],[-53,-82],[-55,54],[35,54]],[[39792,32267],[18,-27],[-54,-27],[-18,27],[54,27]],[[42482,32345],[-53,-55],[-37,54],[90,1]],[[42681,32360],[-35,-54],[-20,67],[72,14],[-17,-27]],[[39158,32369],[19,-80],[-55,26],[36,54]],[[40331,32447],[-19,53],[54,14],[-35,-67]],[[50807,32645],[55,-53],[-72,-1],[-90,-27],[-19,27],[72,0],[54,54]],[[40835,32532],[55,-13],[-18,-27],[-72,-1],[17,81],[90,1],[0,-27],[-72,-14]],[[41124,32574],[-17,-67],[-55,40],[72,27]],[[40491,32596],[1,-81],[-126,12],[-1,27],[90,15],[36,27]],[[40039,32619],[-53,-108],[-36,-1],[17,68],[36,0],[-19,54],[55,-13]],[[43452,32716],[54,-13],[19,-40],[-72,-14],[-1,67]],[[43345,32661],[-19,13],[35,68],[36,14],[1,-54],[-53,-41]],[[40760,32746],[72,-26],[-90,-1],[18,27]],[[42547,32842],[72,1],[73,-80],[37,0],[-18,-54],[-54,0],[1,-40],[-54,-14],[-19,53],[36,14],[17,54],[-91,66]],[[40199,32754],[37,-26],[54,27],[90,14],[1,-53],[-37,26],[-72,-27],[1,-54],[-36,-27],[-36,40],[53,27],[-108,-1],[-37,27],[-72,-1],[0,40],[126,1],[0,27],[-91,0],[108,54],[19,-94]],[[42547,32842],[-54,-41],[-1,68],[108,1],[-53,-28]],[[42221,32866],[109,-26],[-108,-14],[-18,-27],[-1,94],[18,-27]],[[44895,32890],[-72,-41],[53,67],[19,-26]],[[42853,32872],[-18,40],[54,0],[-36,-40]],[[42980,32873],[19,-67],[-17,-41],[-91,0],[71,81],[-1,67],[54,0],[-35,-40]],[[47712,32954],[73,-26],[0,-27],[-108,26],[35,27]],[[44731,32969],[-18,-41],[-54,0],[0,40],[54,-26],[18,27]],[[40089,32901],[36,-13],[1,-54],[-91,26],[-6,54]],[[40029,32914],[37,14]],[[40066,32928],[4,1]],[[40070,32929],[36,13]],[[40106,32942],[55,-27],[-72,-14]],[[42002,33039],[72,-13],[-36,-27],[-72,-1],[36,41]],[[40700,33068],[19,-40],[-55,13],[1,-41],[-71,-54],[1,-67],[-55,40],[-1,67],[54,-13],[53,94],[54,1]],[[41965,33079],[0,-27],[-127,26],[145,14],[-18,-13]],[[42145,33080],[36,54],[36,1],[-17,-81],[-72,-14],[17,40]],[[42433,33164],[-54,-28],[18,41],[36,-13]],[[42722,33206],[0,-40],[-54,-14],[54,54]],[[42612,33259],[38,-67],[-73,-14],[-1,81],[36,0]],[[41908,33240],[-72,-1],[17,54],[54,0],[1,-53]],[[42090,33187],[36,-13],[-18,-40],[-54,40],[-73,-1],[0,40]],[[41981,33213],[-19,40],[90,1],[-35,-40],[73,-27]],[[42955,33289],[37,-13],[-17,-81],[-36,0],[16,94]],[[42522,33258],[-72,-14],[-37,67],[109,-53]],[[42522,33258],[17,54],[54,41],[54,1],[-72,-41],[1,-41],[-54,-14]],[[42288,33229],[-1,27]],[[42287,33256],[1,-27]],[[42288,33229],[-127,-14],[0,27]],[[42161,33242],[-36,-1],[1,-53],[-36,-1]],[[42090,33187],[17,68],[36,0],[-1,54],[35,27],[0,54],[35,27],[2,-81],[109,-52],[1,-68],[-36,13]],[[42050,33402],[-1,40],[55,-26],[-54,-14]],[[43008,33357],[19,-40],[-54,13],[-127,-2],[-36,27]],[[42810,33355],[-1,40],[90,41],[108,1],[-17,-40],[-73,26],[1,-54],[90,-12]],[[42810,33355],[90,14],[-19,27],[-72,-14],[1,-27]],[[46005,33544],[18,-27],[-90,-27],[17,54],[55,0]],[[42138,33537],[92,-66],[-90,-28],[-38,67],[36,27]],[[42463,33540],[1,-67],[-90,-1],[89,68]],[[43492,33603],[-17,-54],[-72,-1],[-1,41],[-54,-28],[18,54],[90,1],[54,27],[-18,-40]],[[42155,33658],[35,12]],[[42190,33670],[-35,-12]],[[42197,33672],[42,14]],[[42239,33686],[77,0],[-17,-40],[54,0],[1,-40],[-127,-1],[19,-27],[-54,-14],[-19,67],[24,41]],[[42533,33702],[1,-81],[-54,0],[53,81]],[[43653,33712],[19,-81],[-54,13],[35,68]],[[43167,33613],[-89,-68],[144,15],[19,-67],[-90,-1],[53,41],[-144,-1],[1,-54],[-73,-1],[54,28],[35,108],[35,40],[162,15],[18,27],[163,1],[-127,-14],[-17,-27],[-90,-14],[-54,-28]],[[45642,33595],[-52,-122],[-19,67],[-54,-40],[1,-54],[-72,26],[-18,-27],[-19,67],[108,1],[-1,81],[-72,-1],[-90,-28],[89,55],[109,-13],[70,122],[55,-27],[-54,-13],[126,1],[19,-54],[-73,40],[20,-67],[-73,-14]],[[43779,33740],[-89,-55],[17,54],[72,1]],[[42620,33864],[1,0]],[[42621,33864],[-1,0]],[[43161,33989],[73,-39],[-36,-14],[20,-107],[-73,-1],[18,54],[-54,-27],[-1,40],[54,0],[-1,94]],[[42872,34002],[18,-15],[-72,-54],[0,39]],[[42818,33972],[1,1]],[[42819,33973],[35,19]],[[42854,33992],[18,10]],[[45273,34088],[-90,-14],[126,55],[-36,-41]],[[44892,34206],[-71,-54],[-1,40],[72,14]],[[44963,34301],[-19,53],[72,14],[-53,-67]],[[79679,11807],[72,-40],[-35,-40],[1,-54],[-36,0],[-36,-68],[-2,162],[-18,26],[54,14]],[[79661,11767],[1,-41],[54,14],[-1,27],[-54,0]],[[80236,11973],[36,-13],[-17,-41],[-72,-14],[-1,27],[54,41]],[[79612,12626],[19,-40],[-72,-1],[-19,27],[72,14]],[[99925,12880],[37,-40],[-72,0],[-19,40],[54,0]],[[83511,12792],[36,14],[1,-81],[72,14],[1,-107],[-17,-41],[-37,27],[17,80],[-72,0],[17,67],[-72,-14],[-1,67],[54,1],[1,-27]],[[83253,13112],[18,54],[36,0],[1,-107],[-108,-14],[0,27],[53,40]],[[82856,13136],[-55,0],[0,26],[72,28],[36,-13],[-53,-41]],[[84099,13307],[19,-80],[-35,-27],[0,-41],[37,-13],[1,-94],[-17,-54],[-37,27],[-19,67],[-3,201],[54,14]],[[78876,13628],[1,-81],[36,-13],[-17,-67],[-36,13],[-38,80],[36,14],[18,54]],[[77465,13737],[19,-67],[73,-12],[-17,-68],[-54,0],[-1,27],[-72,13],[36,13],[-2,94],[18,0]],[[85645,13830],[19,-67],[-109,-1],[1,-40],[-36,-14],[-1,54],[-90,-1],[18,27],[126,-12],[0,27],[54,0],[18,27]],[[77389,13992],[55,-26],[-18,-41],[-107,-28],[-1,27],[90,15],[-73,53],[54,0]],[[77226,14031],[73,-26],[-72,-41],[-126,-1],[-1,27],[-72,-1],[0,40],[144,-12],[-17,-27],[54,1],[17,40]],[[72892,15286],[0,-41],[72,14],[-17,-54],[-73,27],[18,54]],[[85182,15895],[19,-67],[-73,0],[-35,-27],[-1,53],[54,1],[-1,40],[37,0]],[[85019,15934],[36,-53],[-72,-1],[36,54]],[[89984,16014],[54,-13],[-35,-27],[-72,-14],[-36,-27],[-1,54],[36,27],[54,0]],[[89495,16131],[55,-93],[1,-41],[-72,0],[-20,107],[36,27]],[[80029,16284],[36,-13],[2,-108],[-19,54],[-37,13],[18,54]],[[72264,16234],[55,-53],[-110,53],[55,0]],[[72804,16306],[37,-27],[-18,-40],[-73,53],[54,14]],[[90047,16633],[-36,26],[36,27],[72,14],[0,-26],[-72,-41]],[[73820,17241],[36,-13],[-35,-27],[1,-67],[-37,-1],[35,108]],[[72031,17307],[18,-27],[-71,-40],[-1,40],[54,27]],[[83769,17443],[54,-27],[20,-107],[-55,13],[0,54],[-37,13],[18,54]],[[94911,17531],[-36,-14],[0,54],[54,0],[-18,-40]],[[71538,17693],[54,-40],[-72,-1],[18,41]],[[78904,19096],[55,-26],[-36,-27],[-54,-1],[-1,27],[-162,-15],[35,41],[163,1]],[[76985,19376],[-36,0],[0,40],[54,14],[-18,-54]],[[79493,19585],[-36,13],[53,27],[0,41],[36,13],[1,-53],[-54,-41]],[[74615,19653],[-19,40],[90,27],[-71,-67]],[[80301,19900],[54,-13],[-17,-40],[-73,26],[36,27]],[[74177,19945],[1,-54],[-36,-14],[-1,67],[36,1]],[[74250,19945],[54,-13],[0,-27],[55,1],[18,-27],[-90,-1],[-1,41],[-36,26]],[[74250,19945],[-36,-27],[-1,40],[-36,-13]],[[74177,19945],[36,54],[37,-54]],[[75874,20012],[37,-26],[-72,-14],[16,94],[36,0],[-17,-54]],[[78960,20212],[37,-67],[-73,26],[0,41],[36,0]],[[97418,20385],[1,-80],[-18,13],[17,67]],[[91396,20889],[0,-54],[-36,27],[-1,40],[37,-13]],[[86330,21440],[36,-27],[1,-67],[-90,13],[-37,40],[18,27],[72,14]],[[86203,21452],[19,-40],[-54,0],[-53,-81],[-72,-1],[35,41],[36,0],[36,41],[-1,40],[54,0]],[[86563,21549],[1,-40],[54,-26],[-108,-15],[-35,-40],[-36,-1],[-1,41],[36,0],[53,81],[36,0]],[[72219,22857],[1,-53],[-36,26],[-36,-14],[-1,41],[72,0]],[[73700,22910],[18,-13],[1,-81],[-17,-14],[-2,108]],[[97158,23460],[19,-80],[-36,-14],[-1,94],[18,0]],[[89532,23655],[-36,-40],[-55,40],[91,0]],[[85618,25693],[-162,-1],[-1,14],[181,1],[-18,-14]],[[74548,26638],[37,-67],[-90,13],[53,54]],[[81527,27474],[19,-53],[-17,-81],[36,0],[55,-40],[-181,12],[0,27],[54,1],[35,94],[-36,0],[35,40]],[[81509,27528],[0,-27],[-199,-2],[-18,27],[217,2]],[[80840,27522],[1,-26],[-73,12],[18,27],[54,-13]],[[81129,27565],[0,-54],[-72,0],[17,54],[55,0]],[[91312,27996],[37,-40],[-90,-14],[-1,53],[54,1]],[[74868,28199],[1,-53],[73,-40],[-91,26],[17,67]],[[88723,29628],[1,-27],[73,-53],[-72,-14],[-2,94]],[[88470,29666],[-19,27],[54,0],[1,-40],[37,-27],[-91,13],[18,27]],[[76555,30202],[-19,26],[72,41],[18,-13],[-71,-54]],[[76426,30362],[0,-27],[-53,-41],[-37,54],[72,0],[-19,40],[54,14],[-17,-40]],[[72999,31193],[36,-13],[-17,-40],[90,-13],[-18,-27],[-54,27],[-36,-41],[-72,13],[54,14],[-1,80],[18,0]],[[56031,52411],[17,-56]],[[56048,52355],[10,-78]],[[56058,52277],[-5,-13]],[[56053,52264],[-3,-7]],[[56050,52257],[-31,-74]],[[56019,52183],[12,134],[-20,81],[20,13]],[[55738,52516],[107,109],[-17,-54],[-90,-55]],[[56550,52658],[-35,-108],[-55,53],[54,54],[36,1]],[[56407,52562],[-19,41],[89,68],[-17,-54],[-53,-55]],[[55663,52677],[55,-13],[-17,-54],[-36,0],[-56,67],[54,0]],[[56550,52658],[-38,80],[72,14],[1,-61]],[[56585,52691],[-5,-6]],[[56580,52685],[-30,-27]],[[55661,52865],[20,-134],[-110,53],[73,14],[17,67]],[[56148,52883],[37,-40],[-162,-2],[35,27],[90,15]],[[55316,52902],[-53,-27],[-19,27],[72,0]],[[55659,52986],[37,-53],[90,0],[1,-53],[-55,39],[-54,-13],[-1,40],[-72,26],[-54,-27],[74,-94],[-55,0],[0,40],[-73,13],[-18,27],[54,14],[35,40],[91,1]],[[56561,53061],[37,-13],[-18,-41],[-72,-14],[0,41],[53,27]],[[56986,53172],[8,-10]],[[56994,53162],[1,-46]],[[56995,53116],[-18,-6]],[[56977,53110],[-19,48],[-55,27],[-1,80],[37,-67],[47,-26]],[[55980,53257],[35,54],[-72,0],[-18,-41],[55,-13]],[[55980,53257],[-18,-27],[-54,13],[-1,68],[90,14],[54,27],[-18,-54],[55,1],[-54,-41],[-54,-1]],[[57243,53405],[-27,-3]],[[57216,53402],[-153,-14],[35,27],[145,-10]],[[57797,53448],[-6,0]],[[57791,53448],[6,0]],[[56248,53448],[-17,-68],[-37,27],[54,41]],[[57785,53452],[-13,9]],[[57772,53461],[13,-9]],[[57748,53477],[-13,10]],[[57735,53487],[13,-10]],[[55940,53485],[37,-13],[18,-53],[73,0],[0,-27],[-90,0],[-1,40],[-54,13],[17,40]],[[57242,53510],[18,-40],[-108,12],[-72,-41],[17,54],[145,15]],[[57732,53514],[-19,27]],[[57713,53541],[19,-27]],[[55867,53565],[55,-53],[-109,13],[54,40]],[[55541,53576],[1,-40],[-91,12],[-54,-14],[35,41],[109,1]],[[56065,53594],[37,-27],[0,-53],[-91,66],[54,14]],[[57620,53621],[1,-67],[-38,66],[37,1]],[[56987,53629],[1,-67],[-74,53],[73,14]],[[55757,53605],[18,40],[36,-13],[-17,-54],[-54,-14],[17,41]],[[57149,53670],[18,-40],[-126,-28],[0,41],[72,-13],[36,40]],[[56442,53772],[-54,-27],[3,-162],[-18,0],[-3,175],[72,14]],[[56549,53840],[37,-40],[-90,-14],[-19,53],[72,1]],[[57978,53829],[-12,-71]],[[57966,53758],[-5,-21]],[[57961,53737],[-9,-46]],[[57952,53691],[-10,121],[36,17]],[[55499,53925],[-54,-14],[18,41],[162,1],[-35,-27],[-91,-1]],[[55936,53768],[54,-27],[1,-54],[-36,0],[-1,54],[-54,13],[-1,67],[53,94],[36,-40],[-54,0],[73,-53],[-72,-1],[1,-53]],[[56984,53763],[-18,0],[-2,134],[54,28],[-127,12],[145,28],[19,-54],[35,28]],[[57090,53939],[18,40],[55,-40],[-36,-67],[-144,12],[1,-81],[54,1],[1,-54],[73,-40],[-72,0],[-56,53]],[[55733,53994],[19,-40],[-54,-41],[-1,81],[36,0]],[[56872,53991],[1,-54],[-55,40],[36,40],[18,-26]],[[73594,54239],[36,-26],[-72,-1],[0,-27],[-54,0],[36,40],[54,14]],[[56997,54112],[55,-26],[-36,-41],[-73,40],[-19,54],[73,-27]],[[56706,54244],[18,-26],[127,1],[-108,-28],[-55,13],[18,40]],[[56959,54260],[-17,-81],[-73,26],[54,14],[36,41]],[[55260,54218],[-55,27],[54,14],[1,-41]],[[55475,54301],[1,-40],[-72,-14],[-19,40],[90,14]],[[55764,54330],[37,-40],[1,-53],[72,0],[56,-80],[54,-13],[-72,-14],[19,-27],[-91,-14],[-36,27],[19,-81],[-126,-14],[-1,27],[-72,12],[-1,81],[72,14],[-1,27],[-72,-1],[-1,41],[109,-26],[18,27],[-73,39],[35,81],[54,-13]],[[55820,54223],[-89,-81],[162,28],[-73,53]],[[55641,54114],[37,-40],[35,54],[-72,-14]],[[58548,54353],[-36,-3]],[[58512,54350],[-90,3],[0,-18]],[[58422,54335],[-21,-9]],[[58401,54326],[-51,-25]],[[58350,54301],[-3,-2]],[[58347,54299],[-15,-9]],[[58332,54290],[-38,-24],[-3,-62]],[[58291,54204],[-16,-67]],[[58275,54137],[-4,-14]],[[58271,54123],[-26,0],[34,135],[-109,-1],[90,54],[0,-40],[90,68],[54,1],[0,26],[54,14],[108,-12],[-18,-15]],[[55872,54358],[-54,13],[-19,40],[72,1],[1,-54]],[[73931,54658],[1,-40],[-73,0],[0,26],[72,14]],[[56340,54523],[-17,-94],[-18,40],[-36,-40],[-36,13],[107,81]],[[56122,54548],[2,-67],[-91,-14],[0,40],[72,1],[17,40]],[[58834,54625],[-1,0]],[[58833,54625],[1,0]],[[69374,54715],[18,-54],[-54,26],[36,28]],[[58819,54612],[-58,-10]],[[58761,54602],[-34,22]],[[58727,54624],[-94,72]],[[58633,54696],[73,-18],[37,-40],[76,-26]],[[58814,54719],[17,0]],[[58831,54719],[18,-80]],[[58849,54639],[-35,80]],[[55958,54668],[18,-13]],[[55976,54655],[19,-54],[-54,13],[55,-53],[-54,-14],[55,-40],[19,-67],[-17,-121],[-36,26],[17,54],[-36,0],[-17,-67],[-55,26]],[[55872,54358],[36,54],[54,14],[-19,27],[-54,-14],[-37,80],[71,68],[-108,-1],[-2,81],[-36,13],[72,41],[1,-81],[108,28]],[[55903,54694],[-1,54],[55,0],[-54,-54]],[[56553,54767],[1,-67],[-36,-27],[-1,67],[36,27]],[[58814,54719],[-18,0],[-1,81]],[[58795,54800],[20,-41]],[[58815,54759],[-1,-40]],[[57620,54736],[2,-81],[-37,13],[-1,67],[36,14],[17,54],[19,-53],[-36,-14]],[[56354,54806],[55,-54],[54,-13],[-72,-14],[-73,26],[36,55]],[[69462,54863],[-110,53],[73,0]],[[69425,54916],[72,1],[1,-54],[-36,0]],[[58776,54828],[1,-2]],[[58777,54826],[9,-13]],[[58786,54813],[-28,43]],[[58758,54856],[18,-28]],[[56102,54723],[19,-81],[-35,-54],[17,81],[-92,40],[1,-54],[-36,0]],[[55976,54655],[-18,13]],[[55958,54668],[35,40],[0,54],[36,0]],[[56029,54762],[17,27]],[[56046,54789],[54,14],[17,81],[74,-66],[1,-81],[-91,13],[1,-27]],[[56046,54789],[19,-13]],[[56065,54776],[-19,13]],[[54273,54895],[55,-67],[-72,0],[-55,53],[72,14]],[[58757,54922],[-7,-56]],[[58750,54866],[-47,13],[-1,54],[36,27],[36,-14]],[[58774,54946],[-9,-12]],[[58765,54934],[-8,-12]],[[56026,54950],[38,-107],[-73,0],[35,107]],[[57726,54938],[18,-40],[-54,13],[-1,40],[72,28],[-35,-41]],[[58819,54988],[-9,-7]],[[58810,54981],[9,7]],[[59930,55040],[-54,-2]],[[59876,55038],[54,2]],[[56169,55032],[36,14]],[[56205,55046],[55,-53],[-108,-41],[-18,26],[72,14],[-54,13],[17,27]],[[59080,55064],[-31,-7]],[[59049,55057],[-59,-5]],[[58990,55052],[-19,-1]],[[58971,55051],[-36,4]],[[58935,55055],[-19,1]],[[58916,55056],[-17,-12]],[[58899,55044],[-22,-15]],[[58877,55029],[4,40],[199,-5]],[[56512,55062],[-54,-27],[37,-54],[-35,-54],[54,1],[54,41],[37,-27],[-1,54],[54,0],[-51,-215],[-19,53],[-17,-40],[-73,-1],[0,41],[-55,-1],[-18,40],[-91,26],[35,54],[72,41],[-1,54],[72,14]],[[56515,54874],[19,-27],[53,28],[-72,-1]],[[56515,54874],[18,41],[-72,-41],[54,0]],[[58826,55082],[19,-67],[-89,-41],[35,81],[35,27]],[[56205,55046],[-1,67]],[[56204,55113],[54,14],[1,-54],[-54,-27]],[[59549,55145],[-45,23]],[[59504,55168],[45,-23]],[[59494,55174],[-13,8]],[[59481,55182],[13,-8]],[[60085,55200],[-30,-52]],[[60055,55148],[30,52]],[[59476,55185],[-19,10]],[[59457,55195],[-45,13]],[[59412,55208],[63,0],[1,-23]],[[59366,55234],[-17,-33]],[[59349,55201],[-19,-7]],[[59330,55194],[-53,-1],[35,54],[54,-13]],[[59366,55234],[37,-25]],[[59403,55209],[-36,-1]],[[59367,55208],[-1,26]],[[56491,55237],[19,-14]],[[56510,55223],[0,-27],[72,1],[-53,-41],[-90,-14],[-2,81],[36,40]],[[56473,55263],[18,-26]],[[56510,55223],[-19,14]],[[56491,55237],[-18,26]],[[56473,55263],[0,27],[90,-12],[-53,-55]],[[57520,55353],[37,-13],[19,-54],[-54,-27],[-73,-1],[71,95]],[[61643,55332],[-36,12]],[[61607,55344],[-5,4]],[[61602,55348],[-77,35],[-38,-10]],[[61487,55373],[83,28],[-18,-27],[109,-13],[-18,-29]],[[57231,55377],[0,-53],[-54,-14],[54,67]],[[56797,55360],[-17,-54],[-145,-1],[-18,27],[108,1],[0,27],[72,0]],[[65022,55471],[19,-27],[-163,-2],[18,27],[126,2]],[[60165,55443],[1,13]],[[60166,55456],[-1,-13]],[[61227,55411],[9,14]],[[61236,55425],[8,13]],[[61244,55438],[10,14]],[[61254,55452],[7,11]],[[61261,55463],[18,22]],[[61279,55485],[-17,-73],[-35,-1]],[[60954,55467],[-36,10]],[[60918,55477],[36,13],[126,1],[0,-14],[-126,-10]],[[56943,55267],[-54,-14],[1,-80],[55,-13],[-90,-28],[36,-40],[-72,0],[-1,53],[-54,13],[71,55]],[[56835,55213],[17,67],[162,42],[-19,67],[73,0],[-1,54],[-72,-1],[17,27],[127,-12],[-53,-54],[18,-27],[-54,0],[-18,-41],[37,-40],[-54,13],[19,-67],[-109,-1],[18,27]],[[56835,55213],[-17,-54],[54,0],[-37,54]],[[58658,55443],[37,-40],[-36,-54],[-19,108],[53,54],[1,-67],[-36,-1]],[[60207,55524],[-13,-13]],[[60194,55511],[13,13]],[[55854,55500],[55,-27],[-17,-53],[-55,12],[17,68]],[[61284,55519],[-24,9]],[[61260,55528],[24,-9]],[[61224,55530],[-99,-39]],[[61125,55491],[63,68],[36,-29]],[[58621,55510],[-36,-27],[17,81]],[[58602,55564],[36,0],[-17,-54]],[[62272,55571],[-18,-8]],[[62254,55563],[0,18],[-126,-14],[36,27],[108,14],[0,-37]],[[55998,55541],[19,-40],[-54,-14],[-1,67],[108,15],[-72,-28]],[[56522,55573],[56,-80],[-72,-1],[16,81]],[[58602,55564],[-72,-14],[35,40],[37,-26]],[[53955,55591],[-37,26],[72,1],[-35,-27]],[[54262,55607],[19,-54],[-54,-27],[17,54],[-73,13],[0,27],[91,-13]],[[55346,55670],[18,-13],[1,-94],[-19,107]],[[57623,55743],[36,-13],[19,-53],[-72,-1],[17,67]],[[60259,56008],[37,-67],[-73,26],[-71,-54],[17,67],[90,1],[0,27]],[[58305,56058],[1,-54],[-36,-40],[-90,-41],[0,54],[72,14],[53,67]],[[54381,56038],[19,-40],[-72,-28],[-1,54],[54,14]],[[60259,56008],[-20,80],[54,1],[56,-54],[-91,13],[1,-40]],[[64216,56203],[0,-27],[-163,-2],[163,29]],[[64015,56282],[54,13],[37,-26],[-108,-14],[17,27]],[[61843,56424],[-1,67],[55,1],[-54,-68]],[[74336,56623],[72,1],[36,-27],[-126,-1],[18,27]],[[58858,56560],[90,1],[1,-67],[-54,-14],[-19,40],[-108,-28],[-53,-54],[-1,67],[53,54],[91,1]],[[58858,56560],[-91,13],[0,27],[90,0],[1,-40]],[[62057,56641],[-17,-40],[-37,13],[-35,-54],[-1,53],[90,28]],[[56054,56590],[-90,-1],[17,54],[127,-13],[-17,-53],[-37,13]],[[60068,56638],[-1,53],[72,1],[-17,-41],[-54,-13]],[[60537,56709],[36,-13],[-17,-41],[-72,0],[53,54]],[[74260,56865],[-18,-54],[-73,53],[91,1]],[[56846,56825],[163,-12],[-53,-68],[-90,-27],[0,40],[-55,13],[35,54]],[[62234,56871],[2,-121],[38,-80],[-37,-1],[-1,68],[-36,-14],[-19,107],[53,41]],[[56574,56890],[-54,26],[90,14],[-36,-40]],[[57640,56953],[19,-27],[-73,-1],[2,-94],[-55,27],[35,67],[-18,27],[90,1]],[[56863,56906],[54,54],[36,-27],[-90,-27]],[[56863,56906],[1,-27],[90,1],[0,-27],[-90,12],[-18,-40]],[[56846,56825],[-108,12],[-37,40],[17,54],[-72,0],[35,40],[91,-12],[0,-27],[73,0],[18,-26]],[[56773,56865],[55,-13],[18,27],[-73,-14]],[[61708,57014],[36,-40],[-35,-54],[-145,12],[-18,27],[162,55]],[[61618,56973],[0,-27],[73,1],[-73,26]],[[56590,57064],[18,-26],[-108,-1],[-1,27],[91,0]],[[59790,57105],[1,-94],[-54,13],[16,81],[37,0]],[[61778,57149],[109,-12],[-36,-41],[-91,13],[18,40]],[[57638,57100],[-54,-27],[36,-13],[18,40]],[[57638,57100],[1,-67],[-36,-14],[-19,41],[-90,-15],[107,82],[37,-27]],[[57745,57168],[1,-26],[-91,-15],[-18,27],[108,14]],[[62499,57276],[56,-66],[-91,26],[35,40]],[[57834,57250],[36,14],[55,-27],[-126,-41],[35,54]],[[52590,57245],[2,-81],[-36,-13],[-19,53],[53,41]],[[57834,57250],[-35,-27],[-74,53],[36,14]],[[57761,57290],[73,-40]],[[60237,57391],[37,-67],[-72,13],[-1,54],[36,0]],[[62154,57367],[1,-67],[-37,67],[36,0]],[[52535,57338],[1,-67],[36,1],[-90,-55],[0,54],[-37,13],[90,54]],[[54307,57354],[72,0],[19,-67],[37,-26],[-90,-55],[-73,27],[73,0],[17,54],[-55,67]],[[54307,57354],[-19,53],[72,1],[19,-40],[-72,-14]],[[56439,57426],[19,-40],[-54,-14],[-19,27],[54,27]],[[60381,57433],[-1,54],[36,0],[-35,-54]],[[60724,57490],[19,-54],[-73,-1],[54,55]],[[57760,57410],[-18,-40],[72,1],[36,40],[-19,54],[36,-13],[1,-68],[-35,-54],[-72,-40]],[[57761,57290],[-36,13],[-1,80],[34,95],[56,-81],[-54,13]],[[49600,57367],[6,53]],[[49606,57420],[-6,-53]],[[58789,57486],[0,-26],[91,0],[-72,-41],[-54,27],[35,40]],[[56582,57561],[19,-53],[-37,13],[-35,-41],[-1,54],[54,27]],[[56544,57655],[1,-54],[-54,-27],[53,81]],[[49762,57704],[0,54],[36,-14],[1,-80],[-72,-1],[35,41]],[[56470,57789],[-72,-28],[-20,81],[55,-27],[18,27],[72,1],[17,54],[2,-107],[-71,-55],[-1,54]],[[52887,57933],[19,-54],[-36,13],[17,41]],[[56250,57989],[54,-13],[-35,-41],[19,-67],[-55,-1],[17,122]],[[56467,57950],[1,-54],[-127,26],[18,41],[108,-13]],[[61528,58101],[37,-54],[-90,-14],[53,68]],[[50607,58047],[36,-13],[-35,-41],[36,-40],[-53,-27],[-20,107],[36,14]],[[72954,58305],[1,-94],[-36,-1],[17,94],[18,1]],[[53444,58193],[0,-41],[-72,0],[-1,40],[73,1]],[[54906,58313],[36,14],[1,-68],[-35,-67],[-1,94],[-73,-1],[0,27],[72,1]],[[53025,58337],[-17,-54],[-72,-1],[89,55]],[[53025,58337],[36,14],[2,-94],[-37,13],[-1,67]],[[52627,58374],[38,-94],[-55,13],[-37,40],[54,41]],[[53405,58327],[-72,-14],[36,40],[72,14],[19,-40],[-55,0]],[[55103,58449],[1,-40],[90,0],[-17,-40],[-55,26],[-36,-27],[17,81]],[[67290,58526],[-90,-14],[0,27],[126,14],[-36,-27]],[[53402,58515],[73,-27],[1,-53],[-54,-1],[17,41],[-54,-1],[17,41]],[[53024,58431],[55,-53],[-91,26],[-19,80],[-109,-1],[-1,67],[91,-12],[-54,-28],[90,1],[56,-53],[-18,-27]],[[53148,58566],[19,-53],[-72,26],[53,27]],[[59077,58711],[1,-40],[-90,-1],[89,41]],[[56293,58714],[36,-40],[-53,-54],[-1,40],[-54,0],[35,54],[37,0]],[[59059,58765],[72,-13],[-18,-27],[-72,-1],[18,41]],[[52223,58773],[1,-67],[-54,0],[17,67],[36,0]],[[64083,58915],[1,-40],[-72,-1],[-1,41],[72,0]],[[56164,58834],[55,-13],[-36,-54],[54,1],[1,-54],[-90,-1],[17,54],[-54,13],[35,81],[18,-27]],[[63341,58990],[-54,-14],[17,54],[55,-13],[-18,-27]],[[63267,59083],[55,-40],[-127,-1],[72,41]],[[69975,59207],[36,-27],[-90,-27],[17,53],[37,1]],[[57661,59062],[-17,-67],[-1,94],[54,27],[-36,-54]],[[53141,59063],[18,-53],[-54,-1],[17,94],[19,-40]],[[53430,59039],[1,-27],[-127,-1],[-36,13],[17,54],[108,41],[-17,-54],[54,-26]],[[53646,59121],[-16,-107],[-18,0],[-2,94],[36,13]],[[62830,59267],[-72,-27],[-18,27],[90,0]],[[53193,59198],[18,-27],[-54,-27],[-37,53],[73,1]],[[63481,59286],[37,-67],[-72,13],[-1,54],[36,0]],[[70081,59342],[0,-27],[-126,-1],[-1,27],[127,1]],[[58291,59296],[72,-13],[-108,-14],[36,27]],[[59304,59237],[-72,-14],[17,54],[55,1],[35,54],[1,-68],[-36,-27]],[[63352,59460],[37,-67],[-73,26],[36,41]],[[53497,59389],[19,-27],[54,14],[-18,-54],[-72,26],[17,41]],[[54654,59412],[19,-67],[-54,13],[35,54]],[[59391,59466],[1,-26],[72,-13],[1,-27],[-91,-1],[-54,26],[71,41]],[[54526,59505],[91,-13],[-54,-40],[-72,-1],[35,54]],[[54616,59533],[36,13],[37,-39],[-36,-41],[-37,67]],[[52988,59546],[37,-54],[-90,-28],[-1,54],[54,28]],[[53459,59496],[-35,-27],[1,-94],[-37,26],[16,135],[54,27],[1,-67]],[[54616,59533],[-90,-14]],[[54526,59519],[71,54],[19,-40]],[[52500,59568],[1,-94],[72,28],[-35,-54],[-91,-1],[18,54],[-55,39],[72,-12],[18,40]],[[54526,59519],[0,-14]],[[54526,59505],[-72,-1],[-1,54],[73,-39]],[[58141,59644],[1,-67],[-74,66],[73,1]],[[52716,59624],[19,-54],[-36,-27],[-1,54],[-36,-27],[-36,40],[90,14]],[[52354,59647],[54,1],[1,-40],[108,-13],[-144,-1],[-36,-41],[-1,94],[18,0]],[[54323,59799],[1,-67],[-73,-14],[1,-41],[-54,13],[-72,-27],[-1,40],[91,1],[-1,40],[90,14],[18,41]],[[62279,59840],[-37,40],[72,1],[-35,-41]],[[52839,59813],[-16,-81],[-73,13],[17,54],[55,-40],[17,54]],[[53073,59882],[91,1],[0,-40],[-90,12],[-1,27]],[[54356,59960],[19,-26],[54,14],[1,-54],[-72,-81],[-54,-1],[89,108],[-54,13],[17,27]],[[70485,60111],[19,-40],[-54,0],[35,40]],[[70756,60140],[37,-53],[-72,-1],[-1,54],[36,0]],[[54282,60054],[20,-108],[-54,-13],[1,-81],[-71,-81],[-1,53],[36,28],[-1,94],[53,54],[17,54]],[[54463,60069],[-90,-14],[-1,40],[108,14],[-17,-40]],[[54261,60242],[55,-40],[-108,-1],[53,41]],[[54313,60403],[-17,-80],[-36,-14],[17,94],[36,0]],[[54566,60446],[18,-13],[1,-94],[-55,93],[36,14]],[[60134,60574],[0,-53],[-54,-1],[-17,-54],[54,1],[-17,-81],[-19,67],[-72,13],[-54,-14],[-91,26],[17,40],[73,-26],[108,28],[0,27],[72,27]],[[55287,60600],[19,-81],[-55,27],[36,54]],[[69825,60683],[-18,40],[71,55],[1,-54],[-54,-41]],[[59369,60877],[91,-26],[-108,-1],[17,27]],[[59349,61051],[37,-67],[1,-80],[-36,-1],[-2,148]],[[63374,61556],[37,-94],[-72,26],[-19,54],[54,14]],[[68581,61627],[73,-13],[1,-67],[-72,-1],[-56,80],[54,1]],[[68420,61545],[-36,-1],[-2,81],[36,14],[2,-94]],[[53462,61605],[-35,-27],[-1,54],[72,0],[-36,-27]],[[53478,61780],[18,-40],[-108,-15],[-1,41],[73,-13],[18,27]],[[59788,61848],[73,-27],[-72,-41],[-1,68]],[[49964,62085],[-18,-14]],[[49946,62071],[18,14]],[[49964,62085],[36,14],[-17,-54],[-72,-1],[17,81],[36,-40]],[[59204,62219],[-17,-94],[-19,40],[-90,26],[108,1],[18,27]],[[58843,62189],[0,-54],[-36,0],[-1,94]],[[58806,62229],[72,27],[18,-40],[-53,-27]],[[59366,62274],[72,-26],[37,-54],[-90,-1],[-37,40],[18,41]],[[57195,62282],[37,-40],[-54,-14],[17,54]],[[58806,62229],[-36,-27],[-1,67],[-72,-41],[18,54],[126,1],[-35,-54]],[[69365,62426],[-72,-41],[-1,54],[73,-13]],[[72692,62481],[-37,26],[91,1],[54,27],[0,-40],[-108,-14]],[[58820,62484],[37,-94],[-54,13],[-35,-67],[-2,94],[54,54]],[[58690,62685],[91,-13],[-54,-41],[2,-94],[-36,-14],[-2,94],[-36,27],[35,41]],[[50099,62691],[20,-67],[-36,-14],[16,81]],[[50242,62853],[18,-27],[72,1],[-162,-42],[-1,54],[73,14]],[[62700,63014],[-126,-1],[53,28],[109,14],[-36,-41]],[[72193,63175],[-73,26],[91,15],[37,-54],[-55,13]],[[58104,63177],[37,-40],[-91,12],[54,28]],[[62604,63363],[-18,27],[145,-13],[-127,-1],[0,-13]],[[68264,63478],[36,-40],[-54,0],[18,40]],[[57229,63572],[1,-27],[-72,0],[-1,26],[72,1]],[[63393,63799],[1,-40],[-90,-1],[-1,27],[90,14]],[[58311,63796],[19,-67],[-73,27],[54,40]],[[63610,63842],[18,-27],[-89,-55],[-73,0],[90,27],[54,55]],[[54079,63814],[54,-13],[-90,-28],[36,41]],[[57712,63966],[-109,-15],[-18,27],[144,1],[-17,-13]],[[54220,64016],[-35,-81],[-1,54],[-72,13],[108,14]],[[67258,64182],[1,-27],[108,14],[0,-27],[-126,-1],[17,41]],[[54056,64095],[109,-52],[-180,-2],[71,54]],[[72791,64309],[1,-54],[-36,-14],[-91,26],[36,41],[18,-27],[72,28]],[[68867,64262],[0,-27],[-73,27],[73,0]],[[72591,64401],[18,-13],[-71,-68],[-1,54],[54,27]],[[52963,64583],[-37,40],[91,1],[-54,-41]],[[55855,64742],[0,-26],[-108,-1],[-18,-41],[-72,13],[72,14],[-1,40],[127,1]],[[52472,64794],[20,-135],[-36,0],[-1,54],[-37,40],[-72,-1],[-1,27],[73,-13],[54,28]],[[67517,65017],[19,-81],[-127,-1],[91,14],[-19,54],[36,14]],[[55597,65022],[-54,13],[0,-53],[54,40]],[[55597,65022],[-53,-94],[-36,-1],[16,122],[91,0],[-18,-27]],[[68379,65414],[-72,-55],[-54,0],[18,40],[108,15]],[[67672,65502],[19,-27],[-109,12],[90,15]],[[74164,65623],[-54,-54],[0,54],[54,0]],[[52587,65487],[2,-101],[-36,-1],[17,54],[-54,-40],[-19,53],[36,24]],[[52533,65476],[16,3]],[[52549,65479],[20,5]],[[52569,65484],[18,3]],[[52623,65494],[18,4]],[[52641,65498],[-18,-4]],[[52695,65508],[-36,-7]],[[52659,65501],[36,7]],[[66075,65864],[1,-80],[-37,26],[36,54]],[[68222,66191],[1,-26],[-109,-15],[18,41],[90,0]],[[74751,66246],[-35,-27],[-55,-1],[-36,27],[126,1]],[[70970,66322],[-17,-108],[-36,14],[-1,80],[54,14]],[[71330,66419],[1,-94],[-144,-15],[-1,81],[36,0],[-20,94],[54,41],[72,1],[-88,-136],[90,28]],[[71294,66378],[-90,0],[1,-54],[90,14],[-1,40]],[[71636,66529],[37,-40],[-36,-14],[-37,40],[1,-53],[-72,-28],[-55,53],[108,1],[-18,40],[72,1]],[[71490,66582],[37,-40],[-163,-2],[0,41],[72,-27],[54,28]],[[70760,67059],[36,-26],[1,-68],[-55,54],[18,40]],[[73527,67082],[-17,-67],[-19,67],[36,0]],[[73507,67230],[1,-81],[-36,-27],[-1,54],[-37,40],[73,14]],[[73668,67285],[55,-40],[-90,-14],[0,40],[35,14]],[[72491,67409],[19,-93],[-55,53],[36,40]],[[75596,67812],[0,-14],[-217,-2],[0,-13],[-180,-2],[-55,27],[307,2],[0,14],[163,1],[-18,-13]],[[73178,67885],[47,-16]],[[73225,67869],[-108,3],[61,13]],[[72952,68009],[61,-31]],[[73013,67978],[19,-13]],[[73032,67965],[-79,-1],[-55,27],[33,27]],[[72931,68018],[21,-9]],[[72765,68137],[-17,14]],[[72748,68151],[17,-14]],[[72605,68235],[36,-20]],[[72641,68215],[19,-10]],[[72660,68205],[18,-10]],[[72678,68195],[-17,-59],[-37,27],[-72,-14],[71,68],[-18,18]],[[72495,68331],[10,3]],[[72505,68334],[13,-24]],[[72518,68310],[-23,21]],[[75565,68537],[92,32]],[[75657,68569],[127,-4],[36,-26],[-255,-2]],[[75952,68674],[38,14]],[[75990,68688],[46,-26],[-84,12]],[[76287,68794],[13,4]],[[76300,68798],[5,2]],[[76305,68800],[36,13]],[[76341,68813],[-36,-28],[19,-27],[-54,-14],[17,50]],[[91918,28592],[-17,-41],[-19,54],[36,-13]],[[83765,32611],[37,-26],[0,-41],[-54,0],[17,67]],[[99021,34868],[1,-40],[-37,13],[-1,54],[55,0],[-18,-27]],[[91300,35157],[-19,40],[73,1],[72,27],[-36,-40],[-72,-1],[-18,-27]],[[97098,35391],[18,-14],[-17,-53],[-36,13],[35,27],[-54,-1],[54,28]],[[98602,36383],[-18,0],[-2,108],[55,0],[-36,-40],[1,-68]],[[96399,37508],[19,-67],[-90,13],[71,54]],[[97311,38227],[-18,-40],[-72,-1],[-72,-54],[-18,27],[72,27],[35,41],[73,0]],[[94795,41002],[0,-27],[-54,0],[-36,40],[108,14],[-18,-27]],[[99187,41010],[-54,-1],[17,54],[54,28],[-17,-81]],[[92536,40998],[-1,80],[36,1],[-35,-81]],[[99999,42414],[-17,-68],[-127,-1],[18,27],[108,1],[18,41]],[[94196,43685],[1,-27],[-90,-14],[17,40],[-54,13],[180,2],[-54,-14]],[[93558,44110],[18,-27],[91,-13],[-109,-1],[-36,13],[36,28]],[[98564,44216],[1,-107],[-18,0],[-2,107],[19,0]],[[93610,44204],[1,-54],[-108,-14],[53,68],[54,0]],[[92286,48318],[1,-53],[-55,-1],[0,40],[54,14]],[[22258,64309],[37,-28],[-127,-1],[-18,15]],[[23804,64903],[18,-2]],[[23858,64890],[-18,-17],[-72,13],[18,19]],[[30770,67965],[-54,-20],[-19,53]],[[30697,67998],[13,1]],[[30697,68005],[0,-7]],[[30697,67998],[-90,0],[-35,-54],[37,-40],[-91,-1],[-19,67],[72,14],[-1,40],[73,8]],[[30533,68087],[19,-23],[-145,-1],[19,-40],[-36,-14]],[[30390,68009],[-1,40],[-72,13]],[[30317,68062],[72,1],[-1,80],[85,-26]],[[30497,68105],[0,-14]],[[30497,68091],[28,0]],[[30346,68210],[16,-13]],[[30405,68158],[-72,12],[-18,-27]],[[30315,68143],[16,80]],[[25119,47758],[18,-13],[-16,-81],[-36,0],[-2,80],[36,14]],[[25498,47802],[2,-108],[-37,14],[18,40],[-37,13],[89,95],[37,-27],[-72,-27]],[[24104,47941],[-30,9]],[[24074,47950],[30,-9]],[[24029,48084],[73,-40],[-144,-1],[71,41]],[[23637,48080],[-60,20]],[[23577,48100],[-19,7]],[[23558,48107],[-40,13]],[[23518,48120],[113,1],[73,-40],[-67,-1]],[[23504,48124],[-26,9]],[[23478,48133],[26,-9]],[[24534,48156],[1,-40],[-54,-55],[0,54],[53,41]],[[23232,48214],[-18,6]],[[23214,48220],[18,-6]],[[23952,48379],[91,-40],[-17,-40],[-37,40],[-91,39],[54,1]],[[24603,48385],[18,-40],[-70,-122],[-54,-14],[36,41],[-19,40],[54,0],[35,95]],[[24946,48361],[19,-27],[-91,13],[0,27],[72,-13]],[[23644,48430],[-72,-1],[-1,27],[72,27],[1,-53]],[[23642,48551],[0,-27],[-90,-1],[-37,26],[127,2]],[[22701,48582],[19,-40],[90,28],[-71,-55],[0,-40],[-55,67],[17,40]],[[22537,48675],[-1,67],[73,-26],[37,-40],[-72,-55]],[[22574,48621],[-71,-54],[-1,81],[-110,52],[17,68],[19,-54],[72,28],[-17,-68],[54,1]],[[21648,48868],[-16,-94],[90,1],[-108,-28],[-19,94],[53,27]],[[16783,48890],[-87,-17]],[[16696,48873],[-1,17],[88,0]],[[25135,49008],[37,-81],[-73,26],[-19,54],[55,1]],[[23814,49049],[2,-67],[-55,13],[-1,40],[54,14]],[[16567,48996],[54,0],[-19,40]],[[16602,49036],[36,14],[2,-94],[37,-26],[-90,-28],[17,54],[-54,-1],[17,41]],[[16783,49078],[1,-67],[-55,0],[54,67]],[[16602,49036],[-36,14],[17,67],[36,-13],[-17,-68]],[[25583,49200],[-17,-41],[54,14],[1,-40],[-73,-1],[-19,81],[54,-13]],[[28006,49181],[-1,41],[145,14],[0,-26],[-90,-1],[-54,-28]],[[16438,49169],[36,-13],[-16,-107],[-54,-14],[34,80],[-108,13],[108,41]],[[25799,49269],[54,0],[1,-53],[-54,-1],[-1,54]],[[22871,49282],[54,-39],[-180,-16],[-19,27],[-72,-1],[72,28],[19,-27],[108,1],[18,27]],[[24010,49252],[2,-120],[-37,26],[-1,94],[36,0]],[[22617,49293],[1,-67],[-36,13],[-1,54],[36,0]],[[16653,49252],[36,0],[-35,-54],[-55,26],[17,54],[54,14],[-17,-40]],[[16815,49320],[-35,-107],[-36,13],[17,54],[54,40]],[[25799,49269],[-36,13],[-20,94],[-36,26],[35,41],[20,-94],[36,0],[1,-80]],[[23971,49440],[0,-40],[-90,-1],[-1,27],[91,14]],[[16272,49315],[-18,27],[108,41],[-90,-68]],[[15584,49403],[19,-27],[-90,-41],[-1,54],[89,68],[-17,-54]],[[15729,49404],[-53,-67],[-2,67],[36,54],[54,0],[-35,-54]],[[15926,49500],[1,-40],[-54,-14],[0,-40],[-72,-28],[17,68],[36,40],[72,14]],[[17698,49476],[-18,-40],[-54,13]],[[17626,49449],[-37,26],[54,14],[35,54],[91,1],[0,-27],[-71,-41]],[[17281,49553],[89,41],[-53,-81],[-90,-1],[-19,54],[54,14],[19,-27]],[[15888,49621],[0,-40],[73,-27],[-90,-1],[-19,41],[36,27]],[[22286,49667],[-54,-14],[-55,53],[90,14],[-17,-54],[36,1]],[[21417,49739],[18,-27],[-71,-27],[-36,-41],[-1,67],[90,28]],[[19068,49664],[-54,-1],[107,68],[-53,-67]],[[25682,49805],[1,-54],[-54,-14],[-73,27],[-1,40],[127,1]],[[21580,49727],[-36,-27],[-19,40],[108,41],[-53,-54]],[[22067,49785],[55,-39],[-17,-68],[-72,-14],[-1,40],[54,1],[-37,40],[-126,-1],[-19,40],[73,1],[54,-27],[36,27]],[[21741,49809],[55,-26],[-18,-41],[-72,13],[35,54]],[[24524,49848],[1,-67],[-72,-1],[36,28],[-19,40],[54,0]],[[17150,49794],[19,-40],[-198,-56],[17,40],[55,1],[35,41],[72,14]],[[22286,49667],[35,27],[-38,147],[54,1],[19,-67],[2,-121],[-72,13]],[[23440,49811],[-18,41],[89,27],[-71,-68]],[[23259,49863],[0,-40],[-90,-1],[-1,54],[36,14],[55,-27]],[[24361,49900],[1,-53],[-73,26],[72,27]],[[24161,49925],[38,-80],[-91,26],[17,54],[36,0]],[[24902,49959],[1,-80],[-54,-14],[17,80],[36,14]],[[21070,49951],[1,-54],[-37,54],[36,0]],[[22372,49936],[54,-13],[-18,-27],[-90,26],[35,41],[19,-27]],[[23384,49959],[-36,-41],[-19,67],[90,1],[-35,-27]],[[22515,50004],[19,-26],[-127,-15],[108,41]],[[24142,49992],[1,-40],[-126,-14],[-18,-41],[-19,54],[73,0],[-1,54],[90,-13]],[[25225,50083],[37,-13],[-54,-54],[-55,66],[72,1]],[[23237,50078],[18,-26],[-72,-15],[0,41],[54,0]],[[27285,50142],[19,-54],[-54,-13],[-1,67],[36,0]],[[16405,50055],[36,-26],[-17,-41],[-37,14],[-19,53],[37,0]],[[22621,50167],[-16,-148],[-36,-1],[16,148],[36,1]],[[23108,50252],[-2,80],[36,1],[-34,-81]],[[23918,50447],[19,-53],[-54,-14],[35,67]],[[24839,50469],[2,-81],[-37,0],[-19,81],[54,0]],[[23266,50495],[-17,-41],[-91,0],[18,40],[90,1]],[[24748,50508],[90,68],[-36,-67],[-54,-1]],[[24639,50575],[54,14],[-18,-41],[-108,-14],[-1,40],[73,1]],[[22036,50551],[-54,13],[107,41],[-53,-54]],[[24927,50618],[-36,26],[71,54],[54,1],[-89,-55],[0,-26]],[[26100,50736],[20,-81],[-36,0],[16,81]],[[24617,50776],[1,-54],[-54,0],[-1,53],[54,1]],[[17875,50768],[54,27],[1,-54],[-54,-14],[-1,41]],[[18923,50804],[0,-40],[-90,12],[-1,27],[91,1]],[[16717,50797],[110,-39],[-18,-41],[-109,40],[17,40]],[[16916,50799],[1,-54],[54,14],[-35,-40],[19,-54],[-55,-1],[17,68],[-72,13],[-1,53],[72,1]],[[19391,50889],[1,-40],[-145,12],[18,27],[126,1]],[[25987,51017],[20,-94],[-36,0],[16,94]],[[24559,51031],[0,-27],[-126,-1],[54,27],[72,1]],[[17130,50989],[36,0],[53,55],[55,-27],[-35,-40],[-109,12]],[[16841,50973],[-72,-1],[108,42],[-36,-41]],[[24703,51072],[-19,27],[54,14],[145,1],[-72,-54],[-72,-1],[19,-27],[-73,0],[18,40]],[[17130,50989],[-54,-41],[-19,54],[36,14]],[[17093,51016],[-1,80],[-36,13]],[[17056,51109],[54,1],[20,-121]],[[20292,51099],[-36,-27],[-19,40],[72,27],[-17,-40]],[[22496,51173],[0,-27],[72,28],[55,-67],[-54,26],[-109,-1],[36,41]],[[20037,51191],[1,-81],[-54,-14],[17,81],[36,14]],[[17253,51192],[37,-27],[-72,-27],[-55,53],[90,1]],[[22639,51241],[1,-27],[-127,-1],[0,27],[126,1]],[[11578,51166],[36,-40],[-107,-55],[-1,54],[54,-13],[18,54]],[[24392,51284],[-18,-27],[-54,13],[72,14]],[[24826,51288],[2,-107],[-56,53],[54,54]],[[19548,51267],[18,-27],[-53,-41],[-55,0],[36,54],[54,14]],[[24536,51339],[1,-67],[-72,-14],[-19,40],[35,41],[55,0]],[[17126,51244],[-36,-14]],[[17090,51230],[36,14]],[[17090,51230],[-54,0],[0,-40]],[[17036,51190],[54,40]],[[17036,51190],[0,-14]],[[17036,51176],[0,14]],[[17126,51244],[37,-40],[-90,-27],[90,-13],[-35,-41],[-55,27],[-17,-41]],[[17056,51109],[-54,-41],[-91,67],[72,-13],[-19,67],[54,27],[35,54],[72,1],[1,-27]],[[20162,51286],[-1,40],[55,-13],[-54,-27]],[[26216,51408],[54,-13],[19,-66],[-36,39],[-73,13],[36,27]],[[23848,51400],[37,-53],[-54,-1],[-19,40],[36,14]],[[23722,51359],[-1,53],[54,1],[1,-40],[-54,-14]],[[24480,51419],[-53,-94],[-1,81],[54,13]],[[19762,51389],[20,-67],[-91,27],[71,40]],[[22528,51415],[2,-134],[-73,26],[36,14],[-1,53],[36,41]],[[20938,51333],[-19,81],[54,0],[-35,-81]],[[23666,51439],[37,-13],[-36,-41],[-55,40],[54,14]],[[9894,51324],[36,-13],[1,-53],[-36,-14],[-1,80]],[[23070,51447],[18,-40],[-54,-14],[-18,40],[54,14]],[[17033,51378],[0,-14],[145,2],[55,-27],[-181,-1],[-55,39],[36,1]],[[24390,51405],[-1,81],[54,0],[-53,-81]],[[13996,51403],[-35,-67],[-1,67],[36,0]],[[21458,51593],[-35,-67],[-36,-1],[-1,54],[72,14]],[[17175,51540],[-90,-14],[-1,54],[108,1],[-17,-41]],[[11770,51557],[1,-81],[-53,-54],[17,81],[-55,40],[90,14]],[[14734,51585],[-35,-68],[-145,12],[17,41],[91,-26],[18,40],[54,1]],[[21458,51593],[17,54],[73,1],[0,-41],[-54,13],[-36,-27]],[[11463,51554],[-72,-28],[-19,41],[91,-13]],[[15167,51615],[37,-13],[-18,-40],[-108,-28],[-37,53],[126,28]],[[14734,51585],[17,27],[109,14],[37,-67],[-54,-14],[-1,54],[-108,-14]],[[17228,51621],[-18,-13]],[[17210,51608],[-72,-1],[53,68],[54,0],[-17,-54]],[[12709,51593],[-1,67],[36,0],[1,-67],[-36,0]],[[16902,51672],[-36,-27],[-109,-1],[-18,26],[90,28],[73,-26]],[[22938,51755],[37,-67],[-72,12],[-1,54],[36,1]],[[16214,51706],[-71,-55],[-1,54],[72,1]],[[22793,51780],[19,-40],[-145,-1],[53,67],[37,-53],[36,27]],[[17425,51704],[-72,26],[37,-54],[-37,0]],[[17353,51676],[-16,-81],[-127,-1],[0,14]],[[17210,51608],[18,13]],[[17228,51621],[90,-12],[-1,94]],[[17317,51703],[-72,-1],[17,54],[162,15],[37,-40],[91,-13],[-18,-27],[-126,-28],[17,41]],[[14080,51753],[20,-107],[-17,-54],[-37,26],[17,68],[-19,67],[36,0]],[[16719,51778],[18,-14],[-33,-161],[-91,13],[18,40],[54,0],[16,122],[18,0]],[[17804,51747],[-36,27],[108,14],[-18,-40],[-54,-1]],[[22810,51821],[19,-54],[-36,13]],[[22793,51780],[-36,13],[17,67]],[[22774,51860],[36,-39]],[[11929,51773],[36,1],[-35,-54],[-72,-55],[-18,40],[54,14],[35,54]],[[16863,51833],[36,-13],[19,-54],[-90,-1],[-73,26],[72,1],[36,41]],[[21600,51756],[-72,-1],[71,95],[54,14],[-17,-95],[-36,-13]],[[11731,51718],[-18,13],[53,68],[36,0],[-72,-54],[1,-27]],[[12037,51801],[20,-107],[2,-121],[-36,-41],[-108,-1],[-2,94],[37,-26],[72,1],[-3,201],[18,0]],[[11404,51782],[-54,26],[108,15],[2,-121],[-56,80]],[[20640,51881],[54,28],[-17,-54],[-37,26]],[[13084,51851],[37,-40],[-53,-40],[-20,66],[36,14]],[[22555,51966],[36,-27],[-17,-53],[-73,26],[54,54]],[[23513,51975],[19,-40],[-90,-28],[17,54],[54,14]],[[17855,51936],[1,-54],[37,-26],[-73,-1],[-37,53],[72,28]],[[17349,51945],[18,-27],[-54,-14],[1,-54],[-36,0],[-53,-68],[-90,0],[71,41],[18,40],[54,0],[-1,41],[72,41]],[[17566,51960],[-35,-81],[-19,40],[-55,27],[109,14]],[[22810,51821],[-36,39]],[[22774,51860],[-1,14],[127,15],[-2,94],[-72,-1],[53,41],[37,-13],[19,-94],[-35,-81],[-72,13],[-18,-27]],[[11964,51854],[-35,-81]],[[11929,51773],[-18,0],[-2,94],[17,67],[72,1],[1,-54],[-35,-27]],[[19589,52006],[2,-67],[-91,-15],[0,41],[89,41]],[[22789,52035],[-17,-94],[-90,-28],[1,-53],[-54,13],[35,67],[54,14],[35,54],[-37,27],[73,0]],[[13390,51962],[36,-14],[20,-107],[-125,-68],[-55,-1],[-1,81],[54,27],[-1,54],[73,-26],[-1,54]],[[13355,51894],[0,-27]],[[13355,51867],[0,27]],[[13355,51867],[0,-13]],[[13355,51854],[0,13]],[[17095,51969],[1,-53],[-72,-1],[-17,-54],[-91,13],[-1,67],[91,1],[17,27],[72,0]],[[16588,52018],[37,-13],[-72,-41],[-18,27],[53,27]],[[21631,52065],[-35,-81],[-72,-1],[-17,-54],[-109,26],[90,15],[-1,53],[73,-26],[71,68]],[[21125,52074],[37,-27],[-36,-67],[-18,26],[17,68]],[[15702,52050],[-17,-54],[-72,0],[-36,-41],[-1,67],[91,-12],[35,40]],[[13461,52003],[-36,26],[72,14],[-36,-40]],[[16787,52047],[55,-53],[-91,12],[-19,54],[55,-13]],[[22555,51966],[-72,-28],[-20,135],[71,54]],[[22534,52127],[-17,-54],[54,-13],[18,54],[2,-134],[-36,-14]],[[19045,52108],[2,-67],[-73,-1],[-18,27],[72,1],[17,40]],[[13225,52081],[19,-27],[-54,-14],[18,-40],[-53,-67],[-36,-1],[17,54],[36,14],[-1,67],[54,14]],[[15250,52046],[-54,0],[-1,53],[90,15],[-35,-68]],[[15702,52050],[-54,0],[35,54],[54,14],[-35,-68]],[[22534,52127],[18,27],[-72,-14],[-1,54],[126,1],[1,-41],[-72,-27]],[[19461,52099],[-72,-1],[72,27],[-1,27],[126,42],[-53,-54],[-72,-41]],[[16677,52153],[54,-26],[-72,-27],[18,53]],[[17146,52158],[19,-54],[-89,-27],[-2,80],[-108,-14],[54,27],[72,1],[126,28],[1,-27],[-73,-14]],[[21719,52240],[18,-13],[-35,-94],[-38,107],[55,0]],[[21321,52250],[0,-40],[-90,-1],[-1,40],[91,1]],[[22839,52264],[55,-40],[1,-40],[-72,-28],[1,-53],[-37,13],[-1,94],[-36,-27],[-73,39],[72,14],[55,-13],[35,41]],[[16677,52153],[-37,0],[35,81],[109,1],[-90,-28],[-17,-54]],[[20868,52286],[19,-40],[-54,-41],[-1,81],[36,0]],[[21483,52292],[0,-40],[55,-40],[-17,-41],[-54,0],[-2,121],[18,0]],[[19711,52289],[37,-27],[-36,-40],[-90,-1],[72,28],[17,40]],[[10023,52225],[-17,-53],[-36,-14],[17,54],[-54,-28],[18,41],[72,0]],[[21591,52333],[0,-27],[72,1],[19,-40],[-145,-1],[36,13],[18,54]],[[21375,52264],[-36,0],[53,54],[72,27],[-35,-54],[-54,-27]],[[10222,52214],[-18,27],[72,14],[-54,-41]],[[15788,52347],[18,-41],[-54,-13],[36,54]],[[17595,52363],[1,-40],[-54,-14],[0,-40],[-54,-14],[17,81],[90,27]],[[12859,52360],[1,-54],[-37,26],[36,28]],[[18805,52442],[37,-67],[-54,-1],[-37,40],[54,28]],[[28909,52534],[109,-39],[-163,26],[54,13]],[[20432,52443],[18,-13],[-35,-67],[-19,80],[36,0]],[[19003,52484],[1,-81],[108,28],[-53,-41],[-73,0],[-1,94],[18,0]],[[20684,52499],[19,-40],[-36,-13],[19,-54],[-72,-28],[-1,81],[71,54]],[[21319,52331],[19,-40],[-126,-15],[-1,67],[36,0],[35,55],[91,-13],[-2,80]],[[21371,52465],[-72,27],[72,0],[54,28],[-16,-135],[-90,-54]],[[21117,52544],[19,-67],[18,27],[72,0],[-17,-40],[-126,-41],[35,67],[-73,40],[72,14]],[[13544,52487],[0,-54],[-108,-14],[0,27],[72,0],[-127,39],[163,2]],[[17629,52511],[-73,0],[71,81],[2,-81]],[[23213,52630],[1,-67],[-55,40],[54,27]],[[19994,52681],[18,-27],[-108,-27],[90,54]],[[20700,52620],[0,-13],[-126,-41],[-35,-41],[-72,-1],[35,68],[72,0],[-19,41],[91,-13],[53,68],[72,0],[-17,-40],[-54,-28]],[[21602,52723],[1,-54],[55,-40],[-54,-14],[-37,67],[35,41]],[[10233,52630],[19,-40],[-90,-14],[-19,40],[90,14]],[[20264,52751],[-36,-27],[-108,12],[126,15],[36,27],[90,14],[-18,-27],[-90,-14]],[[21456,52789],[-54,-1],[36,41],[72,0],[1,-67],[-55,27]],[[16557,52824],[-36,0],[17,53],[54,14],[-35,-67]],[[20406,52927],[1,-94],[19,-27],[108,-12],[-17,-27],[90,14],[163,1],[0,-27],[-126,-1],[-36,-13],[-163,-2],[-1,40],[-54,-14],[-2,121],[18,41]],[[21147,52893],[18,41],[36,-13],[-54,-28]],[[11331,52896],[38,-67],[-54,-27],[-19,40],[35,54]],[[13934,52920],[37,-40],[-163,-1],[54,41],[72,0]],[[21001,52999],[0,-26],[-72,-15],[-18,27],[90,14]],[[12127,52863],[-37,40],[90,28],[-53,-68]],[[15291,52866],[-20,80],[36,14],[-16,-94]],[[10842,52985],[-17,-67],[-19,54],[36,13]],[[20492,53196],[54,-40],[-35,-40],[-126,-15],[16,81],[91,14]],[[20110,53300],[55,-26],[-72,-1],[-72,-41],[-19,40],[108,28]],[[20726,53239],[-72,-1],[-54,-54],[-55,53],[-19,54],[-108,-15],[-19,54],[-72,-1],[-19,27],[109,1],[54,-40],[91,-13],[73,-53],[108,15],[-17,-27]],[[14397,53328],[2,-94],[-19,26],[-72,13],[89,55]],[[18084,53375],[1,-40],[-55,13],[54,27]],[[14214,53474],[19,-40],[-73,39],[54,1]],[[13888,53471],[37,-13],[-35,-95],[-18,0],[-2,148],[54,0],[-36,-40]],[[14646,53572],[19,-81],[-54,0],[35,81]],[[20159,53623],[37,-53],[-72,-28],[-1,67],[36,14]],[[12675,53594],[2,-81],[-109,-1],[17,40],[55,1],[35,41]],[[23140,53744],[1,-80],[-54,-1],[17,68],[36,13]],[[16922,53660],[19,-27],[-54,-14],[-1,68],[54,14],[-18,-41]],[[20049,53729],[1,-80],[-36,-1],[-1,54],[36,27]],[[23701,53696],[-35,-54],[-19,67],[89,54],[-35,-67]],[[22905,53729],[1,-54],[-55,67],[72,27],[-18,-40]],[[20211,53771],[-17,-54],[-73,0],[-37,53],[73,-26],[54,27]],[[12545,53794],[37,-27],[-36,-40],[-108,-1],[-1,40],[91,-26],[17,54]],[[17587,53908],[1,-40],[-90,-28],[-1,54],[90,14]],[[16158,53975],[37,-53],[-54,-14],[17,67]],[[20116,54012],[-72,-14],[-36,27],[126,1],[-18,-14]],[[24436,54106],[-18,-27],[-108,-15],[17,27],[109,15]],[[19844,54104],[0,-54],[91,-13],[1,-27],[-73,13],[-53,-94],[-37,53],[36,0],[-1,108],[36,14]],[[17168,54119],[37,-67],[-73,26],[36,41]],[[20024,54146],[19,-54],[-55,26],[36,28]],[[20294,54202],[1,-81],[-72,13],[54,27],[17,41]],[[9125,54017],[-18,-27],[-54,13],[35,54],[71,54],[55,1],[-89,-95]],[[17472,54310],[90,-13],[-107,-41],[17,54]],[[20779,54367],[55,-39],[-108,-1],[-1,40],[54,0]],[[21684,54349],[54,-26],[-90,-1],[-37,40],[162,15],[-89,-28]],[[17524,54404],[1,-53],[-54,-14],[-18,40],[71,27]],[[21646,54443],[37,-54],[-73,26],[36,28]],[[21573,54496],[0,-27],[-72,-14],[1,-54],[-55,13],[-1,67],[-90,-14],[0,27],[217,2]],[[21808,54498],[0,-54],[-54,-14],[0,54],[54,14]],[[14975,54448],[54,-13],[-36,-27],[-90,-15],[72,55]],[[15589,54467],[1,-40],[-145,-2],[0,27],[144,15]],[[31919,54671],[-8,-11]],[[31911,54660],[8,11]],[[16293,54554],[37,-80],[-54,13],[17,67]],[[23973,54719],[1,-67],[-162,12],[-37,27],[198,28]],[[9676,54559],[-54,-14],[-1,41],[72,14],[-17,-41]],[[26450,54715],[-71,-41],[-17,-81],[-36,0],[-54,-54],[-72,13],[19,-54],[-73,53],[90,14],[125,82],[-1,67],[36,-13],[18,41],[53,27],[-17,-54]],[[26612,54784],[72,14],[1,-41],[-91,0],[18,27]],[[10668,54676],[19,-27],[-127,13],[108,14]],[[26340,54848],[18,-40],[-90,-1],[-19,27],[91,14]],[[17862,54784],[1,-67],[-73,-1],[-36,40],[72,1],[36,27]],[[23827,54852],[72,-26],[-53,-41],[-19,67]],[[26411,54876],[20,-94],[-54,0],[-1,53],[35,41]],[[23555,54890],[19,-67],[-72,-1],[17,68],[36,0]],[[12817,54817],[55,-13],[-36,-27],[-72,-1],[-1,41],[54,0]],[[31291,54987],[110,-79],[-146,52],[36,27]],[[18149,54867],[37,-27],[-108,-14],[71,41]],[[27007,54948],[35,55],[36,0],[-35,-54],[-36,-1]],[[26878,55068],[1,-54],[-36,0],[35,54]],[[27166,55151],[37,-26],[-127,12],[90,14]],[[21469,55274],[18,13]],[[21487,55287],[72,14],[-53,-40],[0,-41],[-72,-14],[-1,54],[36,14]],[[21487,55287],[-18,-13]],[[21469,55274],[-144,-15],[35,54],[90,1],[37,-27]],[[21306,55326],[1,-67],[-91,12],[35,54],[55,1]],[[21847,55358],[19,-54],[-72,0],[17,54],[36,0]],[[31591,55460],[37,-40],[-55,13],[-72,-14],[0,27],[90,14]],[[20925,55376],[19,-40],[-127,-1],[-72,-14],[36,54],[72,-13],[72,14]],[[21449,55381],[-17,-27],[-109,-1],[18,27],[108,1]],[[21449,55381],[90,14],[-17,-40],[90,1],[-17,-27],[-91,12],[-55,40]],[[18990,55399],[20,-94],[-73,26],[-1,54],[54,14]],[[19207,55441],[-37,0],[18,53],[54,14],[0,-53],[-35,-14]],[[23435,55547],[-126,-28],[36,41],[90,-13]],[[25912,55583],[19,-53],[-55,13],[36,40]],[[30052,55607],[-91,0],[19,-27],[-163,-2],[-19,67]],[[29798,55645],[37,-39],[108,0],[-19,54],[109,-12],[162,1],[1,-54],[54,55],[108,14],[19,-40],[-53,-68],[-109,26],[-54,-14],[-55,40],[1,-54],[-55,53]],[[30304,55623],[-36,13],[-17,-40],[53,27]],[[3316,55426],[72,-13],[-36,-27],[-72,-1],[-19,40],[55,1]],[[29798,55645],[-72,-27],[-1,40],[54,28],[19,-41]],[[20831,55617],[20,-134],[-54,-14],[-1,81],[36,13],[-1,54]],[[31767,55744],[-16,-108],[-73,-14],[-17,-54],[-162,-41],[18,40],[-55,40],[90,-13],[36,27],[-1,54],[-90,-1],[-1,41],[55,-13],[180,1],[36,41]],[[31983,55773],[38,-81],[-72,-27],[-90,-1],[-20,94],[127,1],[17,14]],[[6296,55548],[2,-67],[-55,13],[53,54]],[[29633,55778],[72,-12],[-53,-28],[-17,-67],[-2,107]],[[30953,55763],[72,1],[18,27]],[[31043,55791],[1,-94],[-17,-54],[-36,0],[-1,54],[-36,13],[-1,53]],[[31242,55793],[0,-27],[72,1],[1,-27],[90,1],[1,-27],[-73,-1],[-35,-27],[18,-40],[-72,-14],[19,-54],[-54,13],[17,81],[54,14],[-1,67],[-55,-1],[1,-53],[-53,-41],[-91,-1],[54,27],[-1,41],[54,14],[-36,40],[90,14]],[[29380,55789],[36,-13],[1,-53],[-54,-28],[17,41],[-54,-14],[17,67],[37,0]],[[30664,55721],[-126,-29]],[[30538,55692],[-35,-27],[-3,161],[37,-26]],[[30537,55800],[53,27],[-17,-54],[109,1],[54,-26]],[[30736,55748],[0,40],[53,41],[73,-13],[20,-120],[-36,-41],[-72,-1],[-37,54],[-73,13]],[[29578,55832],[37,-40],[-55,-1],[18,41]],[[31043,55791],[18,27],[-73,-1],[-35,-54]],[[30953,55763],[-19,41],[72,40]],[[31006,55844],[18,1]],[[31024,55845],[90,27],[-71,-81]],[[8807,55706],[36,-26],[-90,-28],[-37,53],[73,-26],[18,27]],[[31024,55845],[-18,-1]],[[31006,55844],[-55,40],[72,28],[1,-67]],[[12873,55758],[56,-93],[-72,-1],[-2,94],[18,0]],[[27118,55890],[37,-81],[-73,40],[36,41]],[[30896,55911],[-53,-68],[-54,13],[-1,67],[72,-26],[36,14]],[[21658,55867],[19,-54],[36,0],[1,-53],[-163,12],[-1,94],[18,-27],[73,1],[17,27]],[[21569,55812],[0,-27],[72,1],[-72,26]],[[30516,55961],[19,-40],[-127,-1],[90,14],[18,27]],[[25926,55825],[-37,40],[71,54],[-34,-94]],[[27787,55869],[-19,67],[54,14],[1,-54],[-36,-27]],[[21947,55910],[54,-13],[-17,-81],[-90,-1],[-19,54],[72,41]],[[30443,55987],[1,-40],[-181,-2],[128,-66],[-127,-14],[-54,26],[35,67],[144,2],[-18,26],[72,1]],[[21115,55942],[19,-80],[-18,-27],[-1,107]],[[30226,56012],[1,-67],[-54,-54],[-72,-14],[54,40],[-1,54],[54,-13],[18,54]],[[30569,56042],[19,-67],[-54,-14],[35,81]],[[12908,55866],[-17,-94],[-1,94],[18,0]],[[30803,56058],[-16,-95],[-18,0],[-2,94],[36,1]],[[28797,56053],[0,-27],[-72,-28],[-1,54],[73,1]],[[32123,56083],[-17,-54],[-36,0],[0,-54],[-54,0],[0,40],[53,54],[54,14]],[[2713,55796],[-55,27],[90,0],[-35,-27]],[[29610,56087],[19,-54],[-55,0],[-19,54],[55,0]],[[30569,56042],[-55,13],[0,40],[72,-13],[36,41],[1,-67],[-54,-14]],[[32031,56149],[91,-12],[-35,-41],[-73,26],[17,27]],[[27603,56082],[35,41],[20,-81],[-54,0],[-1,40]],[[30314,56134],[19,-40],[-54,-14],[-73,12],[-1,54],[37,-53],[72,41]],[[31687,56186],[73,1],[-1,27],[72,1],[20,-67],[-36,-41],[-91,26],[-37,53]],[[30566,56217],[55,-54],[-90,0],[-37,40],[107,68],[-35,-54]],[[33194,56254],[2,-14]],[[33196,56240],[-100,53],[90,-12],[8,-27]],[[31975,56310],[0,-54],[-72,13],[72,41]],[[28124,56288],[19,-67],[-36,14],[17,53]],[[28828,56322],[19,-54],[-35,-27],[-37,40],[53,41]],[[31687,56186],[-73,80],[17,54],[54,14],[126,1],[19,-53],[55,-13],[-127,-1],[0,27],[-108,-15],[36,-26],[1,-68]],[[10444,56178],[19,-80],[-54,0],[-1,67],[36,13]],[[31558,56333],[-54,0],[17,53],[55,1],[-18,-54]],[[17277,56242],[1,-67],[-72,-14],[35,41],[-1,67],[37,-27]],[[28394,56331],[-54,0],[1,-41],[-91,0],[0,26],[144,29],[36,40],[54,1],[-54,-54],[-36,-1]],[[29695,56383],[37,-40],[-36,-13],[1,-68],[-36,0],[-1,67],[-54,0],[-19,40],[54,-13],[36,54],[18,-27]],[[30833,56461],[0,-27],[-90,-1],[-18,27],[108,1]],[[17094,56362],[18,-27],[-144,-1],[126,28]],[[28554,56507],[19,-40],[-144,-41],[17,40],[108,41]],[[30073,56508],[19,-40],[-108,-82],[-72,-1],[-19,67],[72,1],[0,40],[108,15]],[[22208,56490],[73,-13],[0,-27],[-72,-1],[-1,41]],[[28806,56604],[-19,26],[72,1],[-53,-27]],[[30813,56568],[-54,26],[90,1],[53,55],[-35,-68],[-54,-14]],[[30452,56525],[37,-54],[-54,13],[-2,94],[89,82],[1,-41],[-71,-94]],[[30632,56566],[55,-26],[1,-80],[-54,26],[37,-53],[-71,-82],[1,-67],[-54,0],[35,40],[17,81],[-2,134],[-36,0],[-2,67],[36,27],[109,1],[35,27],[19,-53],[-90,-14],[-36,-28]],[[32259,56595],[-36,26],[16,81],[55,0],[36,-40],[2,-120],[-73,53]],[[32076,56714],[-16,-94],[-127,25],[35,54],[108,15]],[[16693,56532],[-90,0],[17,27],[91,0],[-18,-27]],[[1092,56439],[37,-27],[-54,-14],[-37,54],[54,-13]],[[31172,56733],[-35,-81],[-36,-14],[-1,67],[72,28]],[[16927,56575],[-36,0],[-1,53],[55,1],[-18,-54]],[[30214,56710],[1,-53],[-37,53],[36,0]],[[1037,56519],[-17,-81],[-36,0],[17,81],[36,0]],[[31592,56495],[-18,-27],[-181,-2],[-18,40],[35,27],[91,1],[-19,27],[72,27]],[[31554,56588],[-144,-1],[-1,40],[-72,0],[89,54],[55,-53],[36,27],[126,15],[36,27],[-19,80],[72,1],[72,27],[1,-53],[-108,-28],[0,-27],[109,-12],[54,-27],[1,-67],[-54,0],[55,-40],[91,1],[0,-54],[-108,-1],[-37,26],[-72,0],[1,-54],[-144,-15],[-1,41]],[[31699,56603],[90,28],[-127,-1]],[[31662,56630],[37,-27]],[[32365,56757],[0,-27],[-72,-14],[-19,53],[73,-12],[17,54],[54,0],[-53,-54]],[[20125,56739],[19,-40],[-91,-1],[72,41]],[[22548,56708],[71,67],[-17,-54],[-54,-13]],[[32309,56850],[-36,0],[17,54],[55,0],[-36,-54]],[[32218,56917],[36,-13],[-17,-68],[-73,40],[-54,-27],[0,40],[108,28]],[[25167,56866],[2,-121],[-36,27],[34,94]],[[30030,56910],[1,-27],[108,1],[54,28],[-18,-41],[37,-13],[-54,-27],[-17,-41],[-20,67],[-126,13],[-1,53],[36,-13]],[[29903,56949],[19,-53],[-54,-14],[-1,40],[-72,0],[36,27],[72,0]],[[27968,56945],[1,-27],[90,1],[-17,-27],[-91,13],[17,40]],[[29794,56975],[-54,-27],[1,-67],[-126,-15],[71,55],[0,53],[108,1]],[[28998,56995],[1,-40],[-73,-1],[0,40],[72,1]],[[26231,57023],[55,-26],[-17,-54],[-36,0],[-2,80]],[[31889,57142],[36,-40],[-90,-1],[17,54],[37,-13]],[[26392,57146],[18,-13],[-16,-81],[-37,13],[-1,67],[-72,-1],[37,-80],[-54,26],[-2,68],[127,1]],[[17281,57062],[19,-67],[91,-13],[-36,-27],[-73,13],[-19,67],[-54,-1],[36,41],[36,-13]],[[24910,57105],[-72,-14],[-1,41],[109,14],[18,-40],[-54,-1]],[[17064,57087],[18,-54],[-53,-27],[-20,80],[55,1]],[[32935,57299],[-36,-40],[-37,66],[127,2],[-54,-28]],[[26407,57307],[-16,-81],[-37,0],[0,54],[53,27]],[[25052,57268],[-54,-14],[-1,40],[91,1],[19,-80],[-36,-1],[-19,54]],[[25377,57284],[-18,14],[126,41],[-54,-54],[-54,-1]],[[26353,57320],[-36,-27],[-19,40],[73,14],[-18,-27]],[[25050,57362],[1,-40],[-90,-15],[-1,27],[73,1],[17,27]],[[22464,57392],[-53,-41],[-1,54],[72,14],[-18,-27]],[[21866,57467],[37,-40],[-72,-14],[35,54]],[[19733,57474],[-90,-14],[-1,27],[91,-13]],[[18105,57486],[19,-40],[-53,-41],[-1,67],[35,14]],[[26330,57589],[20,-81],[-36,0],[2,-121],[-55,26],[-1,81],[53,27],[17,68]],[[26365,57669],[91,-12],[-18,-27],[-72,-1],[-1,40]],[[18194,57608],[-53,-68],[-73,13],[126,55]],[[26365,57669],[-36,0],[1,-80]],[[26330,57589],[-18,-1],[-1,94],[54,-13]],[[16674,57674],[-108,-14],[17,27],[91,-13]],[[24827,57763],[19,-54],[54,1],[1,-41],[-90,-14],[-2,108],[18,0]],[[29021,57801],[37,-67],[-72,0],[-19,67],[54,0]],[[26417,57791],[37,-27],[72,14],[1,-27],[-109,-14],[-1,54]],[[27341,57719],[-19,40],[54,41],[1,-54],[-36,-27]],[[25332,57808],[37,-27],[-53,-94],[16,121]],[[18011,57727],[-54,-28],[17,54],[37,-26]],[[32347,57872],[1,-54],[-55,26],[-1,67],[72,28],[-17,-67]],[[24626,57882],[1,-81],[-37,54],[36,27]],[[14647,57776],[19,-40],[-72,-1],[53,41]],[[15244,57768],[-35,-54],[-19,40],[54,14]],[[25097,57846],[-37,0],[18,53],[54,1],[38,-121],[-108,-14],[-18,13],[-72,-54],[35,81],[90,1],[0,40]],[[24806,57924],[73,-26],[-54,-55],[-126,13],[-55,26],[108,1],[54,41]],[[15170,57875],[-18,-27],[37,-40],[-127,12],[108,55]],[[24534,57962],[55,-54],[-72,13],[1,-67],[-36,0],[17,54],[-19,40],[54,14]],[[29000,58002],[1,-94],[55,-13],[0,-40],[-73,26],[-2,121],[19,0]],[[22545,57957],[20,-81],[-73,0],[0,40],[53,41]],[[15315,57849],[-1,41],[56,-67],[-91,-1],[36,27]],[[22346,57968],[37,-13],[-18,-40],[-90,-1],[-1,27],[72,27]],[[15026,57833],[-1,54],[54,-13],[-53,-41]],[[15910,57936],[19,-41],[-54,0],[-54,-54],[-54,-1],[-35,-40],[-2,67],[54,54],[126,15]],[[16652,57889],[-19,40],[73,14],[-54,-54]],[[16146,57911],[0,-40],[72,27],[-35,-81],[-54,0],[37,-40],[-90,-1],[70,135]],[[33012,58108],[6,-2]],[[33018,58106],[48,-15]],[[33066,58091],[-72,1],[0,21]],[[32994,58113],[18,-5]],[[25075,58061],[109,-40],[-108,-14],[-1,27],[-90,-15],[0,27],[90,15]],[[15674,58001],[-17,-41],[19,-80],[-89,-68],[0,-41],[-54,0],[53,81],[-36,0],[17,67],[-19,27],[73,0],[-1,41],[54,14]],[[16325,58020],[1,-67],[-73,26],[-1,54],[73,-13]],[[18873,58057],[37,-53],[-108,12],[-1,27],[72,14]],[[16976,58013],[55,-54],[-54,-14],[19,-53],[-128,39],[73,14],[-56,67],[108,41],[-17,-40]],[[16325,58020],[53,41],[73,-13],[-54,-41],[-72,13]],[[26592,58169],[1,-68],[-72,-14],[71,82]],[[27152,58187],[37,-40],[54,14],[1,-40],[-91,-1],[20,-67],[-73,-1],[17,54],[-36,13],[54,28],[17,40]],[[31872,58149],[-54,0],[71,81],[-17,-81]],[[17191,58122],[18,-27],[-54,-27],[36,54]],[[17354,58110],[1,-54],[-127,-14],[18,40],[90,1],[18,27]],[[15636,58108],[90,14],[55,-26],[-72,-15],[-1,27],[-72,0]],[[15925,58097],[37,-13],[-53,-68],[-72,-54],[-37,67],[89,68],[-54,-1],[17,40]],[[15852,58136],[1,-26],[90,14],[-18,-27]],[[16702,58144],[37,-40],[-54,0],[0,-40],[-90,12],[0,-27],[-72,0],[-1,40],[180,55]],[[29032,58258],[19,-81],[-36,-13],[-2,94],[19,0]],[[15636,58108],[37,-27],[-18,-40],[-54,26]],[[15601,58067],[-36,-41],[19,-40],[-54,0],[17,54],[-109,12],[-55,40],[108,14],[55,-26]],[[15546,58080],[-19,40],[72,41],[1,-67],[36,14]],[[16178,58140],[-54,-28],[17,54],[37,-26]],[[17027,58188],[1,-67],[-91,12],[-89,-54],[-37,53],[36,27],[72,1],[108,28]],[[15328,58132],[-54,-14],[18,40],[126,1],[-90,-27]],[[16178,58140],[18,27],[108,1],[-17,-95],[-35,-13],[-1,53],[-37,40],[-36,-13]],[[15852,58136],[0,14]],[[15852,58150],[-90,13],[17,27],[72,14],[55,-13]],[[15906,58191],[35,40],[37,-40],[-126,-55]],[[25179,58344],[0,-41],[-72,27],[72,14]],[[16682,58279],[19,-41],[-91,-14],[18,41],[54,14]],[[24997,58396],[37,-27],[72,14],[-54,-54],[-18,27],[-127,-1],[0,26],[90,15]],[[15957,58352],[1,-53],[-89,-55],[-1,27],[-90,-28],[-1,94],[127,-12],[53,27]],[[16499,58371],[38,-67],[54,1],[-53,-82],[-107,-68],[52,95],[-37,53],[17,68],[36,0]],[[29967,58522],[19,-54],[-35,-27],[-38,67],[54,14]],[[26858,58507],[1,-54],[-36,-14],[35,68]],[[24236,58523],[19,-67],[-55,13],[-1,54],[37,0]],[[24869,58515],[35,14],[1,-54],[-36,0],[-16,-107],[-36,-1],[-1,67],[36,14],[17,67]],[[16697,58467],[1,-54],[-91,-1],[-35,-27],[-1,54],[90,-13],[36,41]],[[16045,58528],[19,-67],[-37,40],[-54,13],[72,14]],[[16227,58449],[-1,67],[72,28],[72,0],[-72,-41],[-17,-40],[-54,-14]],[[21287,58590],[37,-27],[-54,-27],[17,54]],[[16496,58599],[0,-27],[108,1],[-35,-54],[-90,-1],[-19,41],[-73,26],[109,14]],[[30994,58759],[20,-120],[-36,-1],[-1,54],[-37,53],[54,14]],[[16875,58630],[-37,26],[72,1],[19,-54],[-54,27]],[[17761,58624],[-36,-13],[17,54],[109,-13],[1,-80],[-36,-14],[-1,80],[-54,-14]],[[30797,58677],[18,0]],[[30815,58677],[-18,0]],[[30797,58677],[-37,0],[35,81],[-36,26],[145,-25],[-53,-108],[-108,-15],[-18,27],[72,14]],[[15934,58675],[0,-27],[90,14],[2,-81],[-108,-14],[-2,107],[18,1]],[[21756,58688],[-73,0],[1,-27],[-73,12],[17,54],[109,15],[19,-54]],[[21756,58688],[17,54],[36,-13],[19,-67],[91,14],[0,-40],[-54,13],[-18,-40],[-73,39],[-18,40]],[[24973,58785],[0,-27],[108,1],[20,-67],[-18,-54],[55,-40],[-54,0],[-19,80],[-54,-14],[17,54],[-55,27],[-72,-14],[0,26],[72,28]],[[30578,58796],[-1,27],[72,14],[1,-27],[-72,-14]],[[16385,58746],[2,-121],[-18,0],[-2,121],[18,0]],[[21934,58824],[37,-53],[-35,-41],[-37,54],[35,40]],[[16257,58785],[1,-27],[72,1],[2,-94],[-20,80],[-72,0],[17,40]],[[16601,58802],[72,-27],[-53,-27],[0,-40],[55,-13],[1,-54],[71,41],[38,-67],[-127,-1],[-56,94],[-72,12],[54,14],[17,68]],[[21934,58824],[-53,-41],[-19,41],[72,0]],[[24863,58878],[72,-13],[-108,-28],[36,41]],[[26907,58776],[19,-40]],[[26926,58736],[1,-27],[-73,13],[1,-41],[-54,-27],[-37,40],[54,0],[0,41],[54,0],[-20,121],[-91,-1],[38,-80],[-54,-1],[-18,-40],[-2,148],[36,-13],[72,27],[37,-26],[37,-94]],[[31154,58935],[19,-40],[-54,-54],[-1,81],[36,13]],[[24229,58899],[37,-26],[-90,-42],[-1,54],[54,14]],[[17342,58822],[17,40],[54,1],[-71,-41]],[[25223,58935],[2,-121],[19,-40],[-36,-27],[-2,148],[17,40]],[[26489,58920],[1,-54],[-36,-14],[-1,81],[36,-13]],[[30882,59014],[0,-54],[-90,-14],[0,40],[90,28]],[[16383,58826],[1,-40],[-109,-1],[-55,80],[36,27],[1,-67],[72,-12],[54,13]],[[16654,58856],[0,-27],[-72,13],[72,14]],[[26795,58990],[37,-27],[1,-53],[-91,26],[53,54]],[[30122,59020],[73,-26],[-108,-55],[-19,40],[54,41]],[[16401,58867],[-18,-41]],[[16383,58826],[-18,27],[-72,-14],[35,68],[90,0],[-17,-40]],[[30844,59067],[1,-40],[-126,-15],[-19,27],[72,27],[72,1]],[[24842,59026],[-36,-41],[-54,-14],[-18,40],[108,15]],[[29904,59085],[1,-94],[-36,0],[35,94]],[[24498,59049],[-16,-94],[-74,53],[90,41]],[[22021,59040],[-17,-54],[-108,-14],[-1,40],[126,28]],[[29939,59126],[20,-67],[36,0],[19,-67],[-36,0],[-39,134]],[[16362,59014],[0,-27],[-71,-27],[-19,40],[90,14]],[[29144,59132],[1,-107],[-36,26],[-1,67],[36,14]],[[17754,59041],[90,14],[-17,-40],[54,-27],[-90,13],[-37,40]],[[17247,59063],[2,-94],[-109,-15],[-18,27],[108,1],[-19,81],[36,0]],[[24967,59134],[18,-40],[2,-94],[-90,-28],[35,54],[-1,81],[36,27]],[[26739,59110],[18,41],[37,-67],[-72,-1],[17,27]],[[17084,59061],[37,-26],[-91,12],[36,41],[18,-27]],[[22254,59150],[1,-41],[-72,-14],[-1,54],[72,1]],[[25130,59095],[37,-53],[-54,13],[17,40]],[[17499,59159],[19,-67],[-73,40],[54,27]],[[26484,59202],[-18,40],[72,14],[-35,-108],[-36,0],[17,54]],[[18728,59144],[-35,-14],[-1,54],[72,0],[1,-67],[-37,27]],[[16160,59201],[1,-54],[-54,-14],[-1,40],[54,28]],[[26736,59325],[2,-134],[-39,134],[37,0]],[[18238,59260],[-17,-54],[-73,26],[19,-40],[109,-12],[-36,-27],[-127,25],[-72,-41],[0,54],[53,68],[126,-12],[18,13]],[[29935,59408],[91,-26],[-90,-41],[36,-13],[127,1],[-90,-14],[18,-41],[-72,0],[-54,-41],[-73,80],[54,14],[1,-54],[36,0],[-20,135],[36,0]],[[17387,59319],[1,-40],[-72,-1],[71,41]],[[26570,59471],[2,-67],[-37,13],[35,54]],[[17807,59108],[-54,-14],[1,-53]],[[17754,59041],[-107,-82],[19,-53],[-55,13],[-2,120],[109,1],[16,95]],[[17734,59135],[-54,-28],[1,-40],[-73,40],[-1,67],[54,14],[-19,53],[90,14],[73,-12],[-2,80],[-54,-14],[-19,94],[36,14]],[[17766,59417],[0,-27],[72,1],[37,-54],[109,1],[1,-53],[54,27],[19,-80],[-90,-55],[-90,-1],[1,-67],[-72,-1]],[[17734,59135],[17,67],[-36,-27],[19,-40]],[[17859,59257],[72,27],[-1,27],[-72,-14],[1,-40]],[[16518,59419],[19,-54],[-91,-1],[36,54],[36,1]],[[17928,59432],[37,-40],[-91,-1],[54,41]],[[16915,59449],[55,-13],[-72,-54],[17,67]],[[29932,59583],[37,-67],[-54,-14],[-55,53],[72,28]],[[17766,59417],[-56,53],[127,1],[-17,-54],[-54,0]],[[23314,59562],[36,14],[1,-67],[-36,0],[-1,53]],[[29750,59648],[2,-121],[37,-26],[1,-94],[-36,-1],[-2,108],[-54,13],[-19,40],[54,41],[-73,26],[90,14]],[[17022,59558],[1,-54],[-109,-1],[18,27],[90,28]],[[23314,59562],[-37,40],[73,1],[-36,-41]],[[29550,59713],[108,1],[1,-53],[-109,52]],[[29550,59713],[-19,54],[36,0],[-17,-54]],[[19914,59598],[-19,40],[72,68],[1,-67],[-54,-41]],[[16370,59632],[-109,-1],[108,55],[72,1],[-17,-41],[-54,-14]],[[15934,59722],[1,-53],[-108,-1],[17,40],[73,-13],[17,27]],[[16658,59675],[-72,0],[-1,40],[73,1],[0,-41]],[[26673,59821],[1,-40],[-91,13],[90,27]],[[29477,59740],[-36,-14],[16,121],[55,0],[1,-67],[-36,-40]],[[26890,59850],[1,-107],[-90,-1],[54,41],[-2,80],[37,-13]],[[27052,59879],[37,-40],[-54,-41],[17,81]],[[16749,59676],[0,-27],[-108,-1],[17,27]],[[16658,59675],[17,81],[53,41],[73,0],[-107,-81],[19,-54],[36,14]],[[19187,59820],[1,-27],[72,14],[-17,-67],[-73,12],[17,68]],[[17886,59781],[-19,26],[54,14],[-16,-80],[-19,40]],[[18084,59809],[-36,0],[-1,54],[54,14],[-17,-68]],[[16928,59732],[-18,-1]],[[16910,59731],[-17,-40],[-144,-15]],[[16749,59676],[17,27],[72,14],[0,41],[72,14],[-39,134],[110,-80],[1,-67],[36,41],[72,-13],[53,81],[36,14],[-34,-95],[108,-12],[-17,-54],[-145,12],[-162,-28],[-1,27]],[[29944,59945],[-19,40],[36,41],[36,-26],[-53,-55]],[[14051,59893],[0,-27],[-90,-1],[-19,27],[109,1]],[[20812,59956],[1,-27],[-145,-2],[-36,-27],[-90,-1],[90,42],[162,1],[18,14]],[[16816,59945],[1,-53],[-36,-1],[-1,54],[36,0]],[[18009,59970],[1,-27],[72,1],[1,-41],[-73,27],[-1,40]],[[19239,59995],[0,-54],[-54,-14],[0,40],[54,28]],[[30069,60067],[-19,40],[72,1],[-53,-41]],[[17774,60008],[54,-26],[1,-41],[-73,27],[18,40]],[[13217,59992],[20,-67],[-72,-27],[1,-67],[-37,40],[-72,-14],[-1,40],[108,28],[-37,53],[90,14]],[[13524,60049],[18,-13],[-71,-55],[-1,54],[54,14]],[[15441,60000],[-17,-54],[-54,-14],[53,81],[36,0],[53,55],[-17,-68],[-54,0]],[[30175,60203],[19,-40],[-127,-2],[36,41],[72,1]],[[14554,60072],[1,-54],[-54,-27],[-35,-54],[-1,54],[54,27],[-1,54],[36,0]],[[21154,60053],[-19,53],[72,28],[1,-40],[-54,-41]],[[16434,60076],[74,-53],[-91,13],[17,40]],[[18839,60125],[73,-39],[-72,-28],[-1,67]],[[31206,60185],[-72,-1],[107,55],[-35,-54]],[[18676,60137],[72,-26],[1,-27],[-72,-41],[-1,94]],[[29072,60219],[37,-53],[-73,26],[36,27]],[[29252,60235],[1,-68],[-72,0],[54,27],[17,41]],[[15765,60124],[-18,-41],[-90,-1],[108,42]],[[13108,60072],[35,41],[37,-27],[-72,-14]],[[14301,60043],[-36,26],[54,14],[35,41],[54,0],[-35,-54],[-72,-27]],[[16108,60140],[18,-26],[-89,-55],[-1,54],[72,27]],[[21839,60193],[-35,-94],[-36,0],[17,67],[54,27]],[[15855,60124],[-18,-27],[-72,27]],[[15765,60124],[90,0]],[[18946,60180],[19,-53],[-109,12],[0,27],[90,14]],[[13793,60145],[19,-26],[2,-148],[-90,-14],[17,54],[-1,107],[53,27]],[[16957,60162],[2,-94],[-72,-14],[-91,12],[-17,-40],[-72,-55],[-89,-27],[-56,53],[91,1],[35,40],[54,14],[72,55],[90,0],[-1,68],[54,-13]],[[16596,60145],[-90,-1],[17,40],[127,2],[-54,-41]],[[31367,60294],[-1,40],[55,-53],[72,28],[73,-27],[-18,-40],[-72,13],[1,-41],[-91,0],[0,40],[-55,-1],[36,41]],[[14172,60189],[37,-26],[-54,-14],[-73,13],[0,26],[90,1]],[[18403,60229],[54,14],[37,-54],[-127,13],[36,27]],[[15855,60124],[72,28],[17,40],[73,1],[17,27],[199,15],[-35,-67],[-73,26],[-144,-28],[-72,-41],[-54,-1]],[[14443,60232],[19,-53],[-90,-42],[17,95],[54,0]],[[29087,60367],[1,-67],[-73,40],[72,27]],[[18764,60246],[54,40],[-17,-94],[-54,-14],[17,68]],[[16938,60229],[-90,-15],[18,27],[72,1],[54,41],[-18,-54],[-36,0]],[[25814,60378],[-72,-41],[18,40],[54,1]],[[18473,60364],[-17,-54],[-109,12],[0,27],[126,15]],[[28923,60473],[55,-39],[-72,-28],[-20,67],[37,0]],[[29122,60475],[-54,-54],[-54,26],[108,28]],[[18147,60388],[37,-27],[-127,-1],[0,27],[90,1]],[[14567,60368],[55,-13],[18,-40],[-126,-2],[-19,54],[72,1]],[[26645,60439],[-35,-54],[4,-255],[-36,0],[-4,241],[-20,67],[54,28],[37,-13],[17,53],[36,-13],[-53,-54]],[[16645,60441],[37,-27],[-71,-94],[-198,-43],[0,27],[90,1],[17,67],[71,41],[37,-13],[17,41]],[[29463,60599],[36,-13],[-16,-94],[-90,-14],[-19,53],[54,14],[-1,54],[36,0]],[[19664,60523],[72,-27],[73,1],[1,-54],[-128,39],[-71,-27],[-1,54],[54,14]],[[28215,60615],[1,-54],[37,-40],[-55,13],[17,81]],[[22845,60592],[109,-12],[-72,-41],[-55,26],[-71,-41],[-127,13],[54,27],[108,1],[54,27]],[[29932,60657],[37,-53],[-72,-1],[-37,53],[72,1]],[[31397,60630],[37,0],[0,-53],[-36,26],[-72,0],[35,40],[-72,0],[18,-41],[-35,-13],[19,-94],[-109,26],[-1,67],[73,-13],[17,54],[-37,13],[18,41],[37,-27],[90,14],[18,-40]],[[16754,60442],[54,27]],[[16808,60469],[-37,13],[-1,54],[72,28],[-35,-55],[144,42],[1,-54],[-108,-41],[1,-40],[-109,-15],[18,41]],[[28847,60674],[19,-40],[-91,-1],[-18,40],[90,1]],[[23405,60624],[-17,-67],[-19,67],[36,0]],[[28846,60755],[55,-40],[37,-67],[-55,13],[-73,80],[36,14]],[[23838,60709],[18,-54],[37,-13],[-18,-40],[-54,13],[-2,121],[19,-27]],[[28140,60775],[20,-107],[-36,-14],[-2,121],[18,0]],[[24598,60676],[-2,80],[73,1],[-54,-28],[-17,-53]],[[14598,60690],[19,-40],[-36,-14],[-37,40],[54,14]],[[23494,60679],[55,-13],[-17,-41],[-73,0],[-19,80],[89,68],[1,-54],[-36,-40]],[[30725,60826],[-34,-135],[-54,-1],[-1,68],[54,0],[17,94],[71,41],[1,-67],[-54,0]],[[17092,60781],[-36,-27],[1,-68],[-36,0],[-38,94],[109,1]],[[29025,60864],[-72,-28],[55,-39],[-55,-1],[-73,67],[126,28],[73,0],[-54,-27]],[[30634,60878],[-19,41],[108,41],[-89,-82]],[[14812,60840],[1,-27],[90,1],[1,-27],[-109,-1],[17,54]],[[24178,60900],[-90,-1],[35,27],[91,1],[-36,-27]],[[29945,61007],[19,-54],[-145,12],[-37,40],[54,-13],[109,15]],[[29203,61013],[19,-40],[-72,-27],[-109,39],[72,14],[37,-27],[53,41]],[[17055,60834],[-73,13],[-1,54],[36,13]],[[17017,60914],[36,-13],[2,-67]],[[28933,60957],[-73,-1],[18,27],[126,42],[-17,-41],[-54,-27]],[[28136,61030],[36,-26],[-35,-27],[-55,53],[54,0]],[[27937,61015],[1,-54],[-36,0],[17,81],[54,14],[-36,-41]],[[27882,61068],[1,-53],[-37,26],[-72,-1],[18,28],[90,0]],[[29076,61025],[-54,27],[108,14],[-54,-41]],[[16925,60981],[73,-13],[0,-27],[-90,-1],[17,41]],[[15099,60977],[2,-107],[-37,26],[-1,67],[36,14]],[[28370,61100],[19,-40],[-72,-28],[17,67],[36,1]],[[29924,61141],[19,-40],[-109,12],[90,28]],[[17092,60781],[-37,53]],[[17055,60834],[71,41],[-1,67]],[[17125,60942],[-36,-27],[-72,-1]],[[17017,60914],[35,54],[127,2],[36,-27],[109,1],[17,41],[-54,12],[71,41],[-16,-121],[-126,-1],[-90,-54],[2,-81],[-36,0]],[[24156,61115],[37,-13],[19,-54],[-91,-14],[0,54],[35,27]],[[28912,61145],[18,-40],[-35,-27],[1,-68],[-55,13],[36,28],[-2,107],[37,-13]],[[16853,61007],[-19,40],[36,14],[-17,-54]],[[28188,61165],[19,-53],[-91,52],[72,1]],[[24300,61143],[37,-40],[109,1],[-36,-27],[-144,-15],[-1,54],[35,27]],[[27790,61162],[0,-14]],[[27790,61148],[-54,-14],[-73,53],[72,14]],[[27735,61201],[55,-39]],[[27790,61148],[0,14]],[[27790,61162],[18,27],[90,14],[37,-40],[91,-26],[1,-54],[-37,27],[-72,-1],[-91,26],[-36,-41],[-1,54]],[[29905,61221],[54,-13],[-17,-54],[-19,40],[-72,0],[54,27]],[[27590,61227],[-17,-81],[-1,108],[18,-27]],[[27735,61201],[-19,54],[73,1],[18,-27],[-72,-28]],[[16979,61035],[-55,40]],[[16924,61075],[19,-40]],[[16943,61035],[36,0]],[[16979,61035],[0,-40],[-54,-14]],[[16925,60981],[-71,-41],[37,-54],[-54,0],[16,121]],[[16853,61007],[36,14],[-20,93],[108,2],[90,27],[0,40],[199,2],[55,-93],[-35,-41],[-90,-14],[-1,40],[72,14],[-1,41],[-54,13],[-17,-41],[-73,-1],[0,27],[-72,0],[0,-54],[-36,26],[1,-67],[-36,0]],[[29741,61314],[54,-13],[1,-41],[-91,13],[36,41]],[[28493,61316],[19,-81],[-36,0],[-19,53],[36,28]],[[32290,61310],[-36,0],[-1,53],[55,1],[-18,-54]],[[14878,61203],[54,14],[1,-40],[-108,-1],[53,27]],[[15475,61222],[36,-26],[2,-81],[-55,40],[17,67]],[[30445,61360],[1,-53],[-72,-28],[-1,40],[55,1],[17,40]],[[27552,61347],[36,-13],[1,-53],[-36,-14],[-1,80]],[[28873,61306],[17,54],[36,0],[-53,-54]],[[15167,61246],[56,-80],[-90,-41],[-36,-40],[16,134],[54,27]],[[32377,61418],[8,-40]],[[32385,61378],[-41,-41],[33,81]],[[14353,61266],[55,-27],[-90,-54],[35,81]],[[28021,61392],[3,-134],[-55,39],[16,81],[36,14]],[[15257,61274],[1,-40],[72,-26],[1,-27],[-72,-1],[-37,27],[35,67]],[[14804,61310],[-17,-27],[-73,-1],[90,28]],[[14135,61317],[-17,-80],[-54,12],[-1,81],[54,1]],[[14117,61331],[18,-14]],[[16052,61335],[-36,-54],[17,81],[19,-27]],[[14135,61317],[-18,14]],[[14117,61331],[71,41],[37,-40],[55,-13],[-90,-15],[-55,13]],[[28833,61507],[19,-40],[-54,-14],[-19,53],[54,1]],[[27313,61574],[1,-54],[55,-13],[-72,-28],[-20,94],[36,1]],[[28435,61557],[1,-67],[-37,40],[-1,53],[37,-26]],[[15760,61494],[54,14],[0,-54],[55,-26],[-72,-1],[-1,67],[-36,0]],[[15760,61494],[1,-67],[-73,-1],[1,-67]],[[15689,61359],[55,-13],[-17,-41],[-127,-1],[-36,-27],[-18,40],[-109,-14],[-1,53],[181,15],[36,28],[16,107],[72,14],[19,-26]],[[28614,61666],[37,-53],[-72,-28],[35,81]],[[16014,61442],[-37,0],[-89,-68],[107,108],[54,1],[36,41],[2,-135],[-54,-14],[35,54],[-54,13]],[[27366,61668],[1,-81],[55,-26],[-72,-1],[16,108]],[[31126,61743],[19,-67],[-55,26],[-17,-27],[-109,-1],[72,54],[54,-13],[36,28]],[[27364,61789],[55,-80],[-54,-14],[-19,94],[18,0]],[[21361,61747],[0,-27],[-126,-14],[-37,26],[145,2],[18,13]],[[24959,61780],[1,-53],[-54,-1],[-1,54],[54,0]],[[15990,61738],[1,-41],[-72,13],[71,28]],[[18178,61771],[0,-26],[-90,-28],[0,40],[90,14]],[[16965,61841],[37,-13],[0,-54],[-54,-1],[-19,67],[36,1]],[[15880,61871],[36,-13],[-17,-41],[19,-67],[-73,40],[-1,54],[-72,-14],[18,27],[90,14]],[[16274,62063],[1,-41],[-90,-1],[53,55],[36,-13]],[[28189,62213],[55,-53],[-72,-14],[17,67]],[[22384,62213],[37,-40],[-72,-14],[-2,67],[37,-13]],[[31348,62537],[19,-53],[-72,-1],[53,54]],[[17680,62358],[-36,-1],[-2,68],[55,0],[-17,-67]],[[15870,62422],[37,-40],[-17,-27],[-72,-15],[-1,54],[53,28]],[[18890,62409],[-17,-27],[-109,-1],[-36,40],[108,-12],[36,40],[18,-40]],[[14822,62425],[-17,-81],[-55,40],[54,1],[18,40]],[[20843,62427],[-72,0],[35,67]],[[20806,62494],[1,-67],[36,0]],[[14134,62459],[1,-54],[-55,0],[0,53],[54,1]],[[20843,62427],[-1,81],[-36,-14]],[[20806,62494],[-1,41],[73,-40],[54,14],[37,-40],[-17,-41],[-109,-1]],[[13808,62456],[2,-81],[-36,-40],[-54,-14],[17,81],[54,0],[-19,80],[36,-26]],[[15760,62528],[20,-80],[-55,12],[35,68]],[[13717,62522],[-18,-40],[-108,-1],[-1,27],[127,14]],[[13156,62508],[31,9]],[[13187,62517],[5,2]],[[13192,62519],[162,47]],[[13354,62566],[-17,-34],[-72,-14],[-54,-41],[-54,0],[-1,31]],[[13517,62574],[1,-54],[-73,27],[0,26],[72,1]],[[15344,62564],[37,-66],[-55,39],[18,27]],[[30115,62727],[19,-40],[-108,-41],[-19,54],[36,27],[72,0]],[[27204,62714],[55,-26],[-18,-27],[-91,-1],[54,54]],[[14909,62587],[1,-54],[54,1],[-35,-41],[-72,0],[-1,40],[53,54]],[[15650,62621],[37,-53],[90,14],[-17,-41],[-91,0],[-37,53],[18,27]],[[15758,62662],[19,-53],[-36,-1],[17,54]],[[15071,62616],[-89,-42],[-19,54],[90,1],[53,54],[91,-13],[-72,-14],[-54,-40]],[[14492,62650],[-72,13],[-36,-54],[109,15],[-1,26]],[[14492,62650],[19,-67],[-108,-1],[-17,-40],[-73,-1],[0,41],[53,27],[17,67],[72,28],[55,-13],[-18,-41]],[[21722,62852],[37,-27],[37,-80],[-91,53],[17,54]],[[18052,62831],[-54,-40],[-73,39],[127,1]],[[24578,62959],[54,-13],[1,-54],[55,-26],[-163,-2],[16,95],[37,0]],[[23076,63012],[19,-94],[-54,27],[35,67]],[[28066,63058],[-17,-40],[-90,-15],[-1,27],[-73,26],[145,-12],[36,14]],[[15861,62972],[1,-80],[73,14],[0,-41],[-109,26],[35,81]],[[30073,63103],[36,-26],[73,0],[0,-27],[-108,-1],[-1,54]],[[17922,63005],[1,-67],[72,27],[-35,-81],[-109,40],[-1,40],[72,41]],[[25896,63038],[-36,13],[90,28],[-54,-41]],[[22984,63119],[0,-54],[37,0],[1,-94],[-54,-13],[17,53],[-19,81],[-55,26],[73,1]],[[15588,63050],[-16,-81],[-2,94],[18,-13]],[[17468,63095],[19,-54],[-90,-14],[-1,67],[72,1]],[[17324,63107],[37,-54],[-91,26],[54,28]],[[15516,63076],[-36,-40],[-55,53],[91,-13]],[[24773,63176],[-36,-28],[1,-67],[-73,40],[-1,81],[109,-26]],[[24773,63176],[53,40],[19,-53],[-72,-14],[0,27]],[[29943,63277],[-18,-14]],[[29925,63263],[18,14]],[[29925,63263],[-35,-14],[18,-40],[36,14],[-19,40]],[[29943,63277],[91,-26],[17,54],[56,-81],[-127,-1],[-71,-54],[-36,0],[-2,134],[72,-26]],[[26651,63314],[74,-67],[91,-26],[-109,-1],[-73,67],[17,27]],[[19059,63163],[-37,0],[0,54],[54,13],[18,-40],[-35,-27]],[[24825,63310],[37,-53],[-73,13],[-18,40],[54,0]],[[17665,63258],[2,-162],[-18,0],[2,-94],[38,-107],[-36,-27],[-72,13],[-19,26],[35,54],[-19,81],[35,41],[-54,-1],[-1,67],[-72,0],[-2,67],[145,-12],[-18,40],[54,14]],[[17594,63163],[19,-67],[35,54],[-54,13]],[[26544,63219],[-19,67],[54,14],[-35,-81]],[[30032,63371],[1,-53],[-54,-14],[53,67]],[[30103,63439],[37,-53],[-72,-14],[18,40],[-55,27],[72,0]],[[29887,63424],[-36,0],[-1,53],[54,1],[37,-67],[-54,13]],[[18042,63382],[3,-148],[-35,-94],[72,14],[91,-39],[1,-41],[-127,39],[-91,13],[17,94],[35,27],[-1,54],[-36,27],[54,14],[17,40]],[[30283,63495],[37,-40],[-72,-1],[35,41]],[[17879,63421],[19,-67],[-36,-14],[-37,67],[54,14]],[[24642,63416],[18,0]],[[24660,63416],[-18,0]],[[24642,63416],[-19,81],[55,-27],[19,-107],[-54,13],[-1,40]],[[30065,63546],[37,-13],[1,-67],[-90,-1],[17,68],[35,13]],[[17444,63497],[0,-53],[-54,-14],[-1,67],[55,0]],[[29792,63678],[55,-40],[-35,-54],[-20,94]],[[19504,63543],[-36,27],[90,28],[-54,-55]],[[19432,63556],[-36,0],[-1,54],[54,0],[-17,-54]],[[22488,63584],[-55,0],[72,54],[-17,-54]],[[18165,63625],[54,-26],[145,1],[-107,-109],[-71,-27],[-91,13],[54,27],[-20,80],[-108,13],[35,27],[109,1]],[[22777,63587],[-55,13],[-18,40],[108,15],[1,-54],[91,-26],[18,-40],[-54,-14],[-17,-54],[-72,-1],[-19,40],[90,1],[-91,40],[18,40]],[[22683,63761],[56,-67],[-18,-40],[-54,26],[16,81]],[[16969,63748],[1,-54],[-35,-40],[-38,67],[72,27]],[[24673,63752],[-72,-14],[16,94]],[[24617,63832],[91,-12],[54,41],[0,-41],[-54,-27],[1,-54],[-36,-14],[-16,-80],[-37,-1],[-1,81],[37,-27],[17,54]],[[16661,63799],[1,-40],[-146,25],[145,15]],[[17149,63777],[-35,-54],[17,80],[18,-26]],[[24617,63832],[-54,0],[89,68],[1,-54],[-36,-14]],[[16716,63759],[-19,40],[126,42],[-107,-82]],[[29768,64014],[55,-13],[-18,-41],[-54,0],[17,54]],[[18756,63926],[19,-27],[-163,-1],[-72,13],[54,13],[162,2]],[[28014,64011],[2,-94],[-37,40],[35,54]],[[28141,64026],[1,-94],[-18,27],[17,67]],[[28592,64057],[2,-108],[-91,13],[72,14],[-18,27],[35,54]],[[17328,63913],[-54,-1],[17,41],[72,14],[-35,-54]],[[29768,64014],[-19,53],[54,55],[55,-54],[-35,-54],[-55,0]],[[17290,64006],[-17,-27],[-72,-14],[17,54],[54,1]],[[17272,64020],[18,-14]],[[24667,64115],[-90,-28],[-35,-54],[-37,0],[17,67],[145,15]],[[24486,64113],[-55,27],[91,0],[-36,-27]],[[24667,64115],[54,27],[1,-67],[72,14],[-18,-27],[-72,0],[-17,-54],[-2,107],[-18,0]],[[29675,64201],[54,-13],[-53,-27],[-1,40]],[[17290,64006],[-18,14]],[[17272,64020],[53,94],[36,-40],[-71,-68]],[[18355,64110],[-108,-1],[-54,-27],[18,40],[144,2],[0,-14]],[[16330,64091],[-18,41],[72,14],[-54,-55]],[[24629,64235],[55,-80],[-54,0],[-1,80]],[[28480,64257],[56,-66],[-73,-1],[-19,80],[36,-13]],[[28282,64229],[37,-27],[-91,-1],[35,95],[72,-27],[-53,-40]],[[17432,64209],[-91,13],[108,28],[-17,-41]],[[24628,64289],[-90,-14],[35,54],[126,1],[20,-94],[-37,27],[-54,-14],[0,40]],[[28027,64361],[0,-41],[-127,26],[127,15]],[[25567,64352],[-17,-54],[-90,-1],[-1,27],[108,28]],[[31426,64405],[18,-27],[-89,-41],[-1,54],[72,14]],[[30485,64423],[73,-12],[-18,-27],[-72,-1],[17,40]],[[27302,64421],[19,-40],[-127,-1],[18,27],[90,14]],[[31406,64499],[1,-81],[-54,27],[17,54],[36,0]],[[28404,64498],[-37,40],[72,14],[-35,-54]],[[29145,64559],[0,-40],[-90,12],[17,27],[73,1]],[[15926,64464],[1,-27],[-73,-1],[0,27],[72,1]],[[17193,64435],[-91,-1],[0,27],[90,1],[1,-27]],[[24513,64651],[56,-80],[-72,-1],[-37,40],[53,41]],[[30027,64755],[20,-67],[-91,-1],[-54,-27],[17,81],[91,-26],[17,40]],[[16357,64642],[1,-40],[54,-13],[-72,-27],[17,80]],[[26952,64794],[-36,-14],[-18,40],[144,15],[-35,-40],[-55,-1]],[[24115,64701],[52,121],[-17,-107],[-35,-14]],[[25197,64832],[19,-27],[90,1],[19,-40],[-163,25],[35,41]],[[24563,64907],[-16,-95],[-126,-41],[-1,40],[55,-13],[53,28],[-55,66],[-2,108],[37,-27],[54,14],[1,-54],[72,14],[-72,-40]],[[30757,65487],[1,-81],[-36,14],[-1,53],[36,14]],[[25205,65477],[38,-94],[-36,-27],[-19,67],[-37,26],[54,28]],[[30626,65741],[1,-27],[72,-26],[-17,-67],[-37,67],[-36,-1],[17,54]],[[25399,65760],[2,-134],[-55,67],[53,67]],[[25055,65798],[-35,-68],[-55,26],[90,42]],[[28343,65975],[-17,-27],[-163,-14],[36,54],[144,-13]],[[27760,66279],[36,-26],[2,-81],[-37,0],[18,54],[-55,-1],[36,54]],[[26736,66901],[20,-80],[-73,12],[35,81],[18,-13]],[[26896,67117],[72,15],[35,40]],[[27003,67172],[-53,-81],[-107,-81],[-72,-15],[89,68],[36,54]],[[27273,67269],[0,13]],[[27273,67282],[0,-13]],[[27273,67269],[-36,-41],[-54,40],[-36,-54],[-54,-28],[-90,-14]],[[27003,67172],[143,109],[108,28],[109,1],[53,41],[127,1],[18,27],[54,-13],[-18,-27],[-108,-1],[-72,-28],[73,-12],[-127,-2],[-90,-27]],[[30285,67766],[73,-39],[-90,-28],[-90,-1],[-19,27],[109,1],[17,40]],[[30502,67768],[37,-40],[-17,-40],[-55,13],[17,81],[18,-14]],[[29652,67787],[36,-13],[-17,-40],[-37,40],[-109,26],[145,1],[-18,-14]],[[29995,67817],[90,1],[-53,-81],[37,-26],[-90,-1],[-18,-27],[-2,94],[36,40]],[[29995,67817],[-72,-14],[-18,-27],[-73,26],[73,1],[-1,27]],[[29904,67830],[91,-13]],[[29904,67830],[-72,-1],[-19,40],[55,1],[36,-40]],[[30392,67902],[0,-27],[-109,26],[109,1]],[[30390,68009],[1,-54],[-145,-28],[36,41],[90,1],[18,40]],[[30315,68143],[-54,-28],[-54,13],[1,-80],[73,0],[-37,40],[73,-26]],[[30317,68062],[-54,-68],[-18,41],[-73,-1],[-54,26]],[[30118,68060],[-72,-27]],[[30046,68033],[-18,-27],[-55,26],[18,54],[90,1],[108,28],[-19,53],[108,15],[-35,-41],[72,1]],[[30046,68033],[35,40],[-54,-14],[19,-26]],[[29828,68058],[-35,-54],[-36,13]],[[29757,68017],[-91,26],[72,14],[17,27],[109,14],[17,68],[90,0],[126,55],[1,-40],[-72,-27],[0,-41],[-127,26],[2,-121],[75,-120],[-73,13],[-73,53],[53,81],[-55,13]],[[30205,68236],[1,-27],[-91,-14],[36,40],[54,1]],[[69474,86313],[-58,-14],[-1,54],[51,14]],[[69468,86354],[4,-27]],[[69461,86434],[-83,-27],[17,67],[54,41],[11,-54]],[[69685,86839],[-24,0],[-1,67],[71,41]],[[69719,86920],[-5,-12]],[[69708,86893],[-11,-26]],[[69737,86974],[11,56]],[[60464,75395],[0,-27],[72,14],[-53,-67],[-54,-1],[-1,81],[36,0]],[[60986,75534],[55,0],[0,-40],[-72,-14],[-72,13],[72,14],[17,27]],[[60980,75964],[19,-108],[-36,27],[-2,94],[19,-13]],[[67527,76114],[37,-14],[-18,-40],[-90,-1],[-1,54],[72,1]],[[56998,76064],[19,-81],[-55,27],[36,54]],[[67279,76111],[-5,14]],[[67274,76125],[108,41],[19,-94],[-90,-1],[-32,40]],[[68051,76158],[-17,-27],[-91,0],[37,-27],[-54,-14],[-1,54],[126,14]],[[68159,76226],[-17,-80],[-19,80],[36,0]],[[64155,76273],[-62,40]],[[64093,76313],[62,-40]],[[64068,76325],[-3,1]],[[64065,76326],[3,-1]],[[64050,76333],[-36,17]],[[64014,76350],[36,-17]],[[67397,76381],[18,-27],[-35,-40],[72,-13],[2,-121],[-91,26],[72,28],[-37,67],[-54,-1],[53,81]],[[56468,76368],[-17,-54],[-109,-14],[0,54],[126,14]],[[63956,76553],[19,-40],[-90,-27],[-1,53],[72,14]],[[65134,76644],[-3,1]],[[65131,76645],[36,26],[162,2],[-17,-27],[-178,-2]],[[65744,76743],[73,-13],[-126,-27],[53,40]],[[58362,76774],[55,-53],[37,-67],[-36,0],[-19,53],[-55,27],[18,40]],[[64936,76790],[-7,7]],[[64929,76797],[-18,20]],[[64911,76817],[-12,13]],[[64899,76830],[-13,13]],[[64886,76843],[42,28],[37,-27],[-29,-54]],[[64637,76895],[-35,-14]],[[64602,76881],[35,14]],[[65272,76901],[19,-68],[72,-12],[127,1],[1,-54],[-54,-14],[-1,40],[-72,13],[-54,-41],[0,-40],[-54,13],[18,27],[-2,135]],[[64909,76951],[-37,27],[73,0],[-36,-27]],[[65270,77035],[18,-40],[55,-13],[-91,-14],[18,67]],[[65611,77186],[1,-41],[-109,13],[-1,27],[109,1]],[[69534,77420],[1,-53],[-37,13],[36,40]],[[60503,77531],[109,-12],[-36,-27],[-16,-148],[-36,-1],[-1,54],[36,27],[-1,68],[-36,-1],[-17,-67],[-2,107]],[[61206,77672],[-35,-54],[-36,-1],[17,54],[54,1]],[[60338,77651],[18,27],[72,1],[-17,-41],[90,14],[-35,-67],[-92,66],[-36,0]],[[60573,77680],[0,-14],[163,2],[-90,-41],[0,27],[-90,-28],[-19,53],[36,1]],[[61206,77672],[55,-13],[19,-81],[-74,94]],[[60338,77651],[-54,-1],[-127,40]],[[60157,77690],[163,-12],[18,-27]],[[60157,77690],[-18,-54],[-18,40],[-36,-14],[-56,94],[54,0],[74,-66]],[[60644,77788],[-127,-28],[-35,-41],[-1,67],[163,2]],[[57836,77979],[-127,12],[127,1],[0,-13]],[[56985,78038],[55,-39],[-91,12],[36,27]],[[57978,78128],[55,-13],[-18,-27],[-109,12],[72,28]],[[59481,78073],[-36,0],[17,54],[19,-54]],[[69991,78297],[1,-67],[-91,67],[90,0]],[[59641,78249],[19,-53],[-17,-41],[-37,14],[-1,67],[36,13]],[[59786,78264],[19,-40],[-36,-27],[-19,67],[36,0]],[[59966,78279],[-36,13],[108,15],[-72,-28]],[[61178,78316],[54,28],[1,-54],[-72,-14],[17,40]],[[69663,78429],[19,-40],[-54,-1],[35,41]],[[57976,78262],[-19,80],[36,14],[-17,-94]],[[61013,78463],[1,-41],[54,14],[-36,-40],[-54,13],[35,54]],[[59729,78425],[-54,-28],[-19,41],[163,28],[0,-27],[-90,-14]],[[69427,78521],[1,-94],[-90,-1],[53,28],[0,53],[36,14]],[[59546,78544],[-35,-94],[-36,-1],[35,95],[36,0]],[[69226,78627],[90,14],[-17,-27],[108,1],[-18,-27],[-108,-14],[36,27],[-127,-1],[36,27]],[[62006,78606],[-71,-55],[-1,54],[72,1]],[[59672,78612],[37,-40],[-73,-14],[-18,40],[54,14]],[[69226,78627],[-37,67],[73,-27],[-36,-40]],[[57029,78643],[-17,-27],[-37,40],[108,15],[-54,-28]],[[67702,78869],[2,-148],[-36,40],[-1,68],[35,40]],[[59578,78800],[19,-27],[-91,26],[54,27],[72,1],[-54,-27]],[[58945,78821],[-18,-40],[-19,53],[37,-13]],[[58546,78871],[18,-26],[-72,-1],[1,-40],[-91,-1],[-1,40],[55,-13],[17,41],[73,0]],[[61025,78879],[-73,0],[36,27],[91,1],[-54,-28]],[[58690,78913],[0,-27],[-72,-14],[-37,40],[109,1]],[[59143,78890],[18,-40],[-72,-1],[53,81],[54,1],[-53,-41]],[[59413,78933],[19,-27],[-72,-14],[-19,27],[72,14]],[[67970,79073],[1,-40],[-91,12],[0,27],[90,1]],[[58743,79021],[-36,-68],[-19,67],[55,1]],[[62850,79056],[73,-40],[-73,-14],[18,27],[-72,13],[54,14]],[[68784,79107],[-36,26],[108,-12],[-72,-14]],[[59574,79095],[38,-120],[-73,26],[17,94],[18,0]],[[59501,79095],[1,-27],[-109,-1],[0,27],[108,1]],[[69796,79209],[20,-94],[-37,14],[-19,53],[36,27]],[[60134,79154],[0,-27],[73,0],[0,-26],[-145,-2],[72,55]],[[62775,79190],[20,-81],[-37,0],[-19,67],[36,14]],[[63897,79173],[1,-14],[-199,-2],[72,28],[126,-12]],[[68945,79242],[1,-53],[54,-13],[-18,-14],[2,-107],[-55,26],[18,14],[0,53],[17,27],[-54,0],[35,67]],[[64530,79232],[19,-40],[-55,-1],[-55,40],[91,1]],[[63282,79208],[-37,26],[72,1],[-35,-27]],[[68473,79359],[18,-13],[-72,-41],[-1,54],[55,0]],[[62664,79350],[19,-53],[-54,-1],[-1,54],[36,0]],[[68725,79415],[1,-80],[-37,53],[36,27]],[[61088,79444],[37,-40],[-72,13],[35,27]],[[62138,79453],[19,-53],[-54,-28],[-1,54],[-37,26],[73,1]],[[67385,79498],[0,-27],[109,14],[0,-27],[-163,-1],[54,41]],[[61884,79478],[-126,-28],[-19,53],[55,-26],[72,1],[18,27],[72,0],[-72,-27]],[[64688,79542],[1,-67],[-36,0],[-1,67],[36,0]],[[67437,79606],[20,-67],[-37,-1],[0,54],[-54,-27],[17,40],[54,1]],[[67311,79618],[19,-53],[-110,39],[91,14]],[[69083,79660],[74,-80],[-72,-1],[-36,-40],[-1,94],[35,27]],[[63872,79629],[2,-94],[-36,-14],[17,81],[-55,0],[36,40],[90,14],[-54,-27]],[[62026,79654],[20,-108],[-37,13],[-37,94],[54,1]],[[69318,79689],[-36,-27],[-36,40],[144,14],[-72,-27]],[[62515,79658],[-109,-28],[18,27],[91,1]],[[64071,79671],[-55,0],[1,-41],[-54,0],[35,54],[36,0],[54,54],[-17,-67]],[[66024,79742],[-17,-68],[-37,27],[54,41]],[[64449,79768],[37,-40],[-72,-40],[-72,12],[-1,27],[91,1],[17,40]],[[69462,79757],[-1,54],[73,-40],[-17,-40],[-73,-14],[18,40]],[[62368,79764],[1,-40],[54,-13],[-53,-41],[-19,40],[17,54]],[[62838,79782],[19,-67],[-73,53],[54,14]],[[67290,79779],[18,41],[36,-13],[-54,-28]],[[69590,79691],[-19,54],[36,14],[17,80],[54,1],[-17,-54],[-36,-14],[-35,-81]],[[64756,79784],[-18,41],[54,0],[-36,-41]],[[64864,79879],[-18,-40],[-109,26],[127,14]],[[64808,79946],[19,-40],[-72,-14],[-1,40],[54,14]],[[65261,79950],[18,-40],[-72,-1],[-1,41],[55,0]],[[64609,79944],[18,14]],[[64627,79958],[36,14],[-17,-68],[-36,-13],[-1,53]],[[64844,79973],[73,-39],[-90,-1],[17,40]],[[64627,79958],[-18,-14]],[[64609,79944],[-90,-27],[17,54],[91,-13]],[[64771,80026],[18,27],[-38,67],[36,1],[38,-108],[-54,13]],[[65076,80163],[55,-39],[-36,-28],[-19,67]],[[63338,80243],[55,-27],[-127,-14],[0,27],[72,14]],[[65889,80305],[37,-81],[-55,27],[18,54]],[[63913,80516],[19,-53],[-74,53],[55,0]],[[65885,80560],[-73,-1],[18,41],[54,0],[1,-40]],[[68326,80648],[38,-67],[-55,-1],[-19,54],[36,14]],[[68813,80773],[18,-27],[-90,-1],[17,41],[55,-13]],[[69157,80789],[19,-67],[-55,53],[36,14]],[[64831,80793],[-17,-41],[-37,40],[54,1]],[[65827,80761],[-36,26],[71,55],[36,0],[-71,-54],[0,-27]],[[65952,80896],[18,-40],[-35,-27],[17,67]],[[61444,81005],[19,-53],[-55,40],[36,13]],[[65822,81070],[20,-94],[-36,-14],[-20,94],[36,14]],[[69514,81101],[20,-134],[-73,26],[54,54],[-1,54]],[[63740,81173],[54,-26],[2,-81],[-38,67],[-54,-1],[36,41]],[[66124,81489],[1,-108],[-54,0],[34,121],[19,-13]],[[69815,81507],[-108,-1],[-1,27],[109,1],[0,-27]],[[69721,81734],[19,-26],[-54,-68],[-1,81],[36,13]],[[63767,81751],[55,-80],[-53,-28],[0,-53],[-54,13],[-1,40],[54,54],[-37,40],[36,14]],[[63711,81831],[55,-13],[37,-40],[-109,13],[17,40]],[[63511,81937],[-17,-108],[-36,0],[-1,67],[54,41]],[[66695,82004],[54,-13],[-17,-27],[-73,0],[36,40]],[[61301,82052],[37,-40],[-72,-41],[-1,81],[36,0]],[[69750,82245],[73,-66],[-36,-1],[-37,67]],[[66401,82284],[36,-27],[-108,-14],[-1,40],[73,1]],[[64319,82333],[0,-27],[-181,-1],[0,13],[163,2],[18,13]],[[61875,82366],[1,-40],[-73,-1],[18,41],[54,0]],[[66015,82670],[19,-40],[36,14],[72,-26],[-163,-2],[-18,27],[54,27]],[[61364,82671],[0,-41],[-126,-1],[-1,27],[127,15]],[[66031,82805],[1,-68],[-36,-27],[35,95]],[[61524,82860],[54,-26],[-53,-55],[-1,54],[-35,-67],[-37,26],[-1,54],[73,14]],[[62175,82893],[-55,-1],[18,41],[126,14],[1,-27],[-91,-1],[1,-26]],[[61395,82993],[20,-107],[-91,26],[35,68],[36,13]],[[70134,83108],[19,-53],[-55,39],[36,14]],[[56434,83125],[-109,-1],[127,28],[-18,-27]],[[66404,83238],[110,-80],[54,1],[1,-41],[-145,39],[-1,41],[-55,13],[36,27]],[[52778,83160],[1,-53],[-36,-14],[35,67]],[[66838,83295],[73,-53],[-72,-1],[-1,54]],[[61698,83251],[18,14]],[[61716,83265],[37,0],[37,-67],[-72,-14],[-20,67]],[[70041,83322],[-54,-27],[35,54],[19,-27]],[[66440,83292],[-109,-15],[0,27],[109,-12]],[[61716,83265],[-18,-14]],[[61698,83251],[-36,13],[71,68],[-17,-67]],[[66455,83440],[1,-27],[72,0],[-72,-27],[-36,13],[35,41]],[[70111,83471],[-55,13],[72,27],[-17,-40]],[[66581,83508],[1,-54],[-36,-54],[-1,108],[36,0]],[[66671,83522],[73,-26],[1,-27],[-91,13],[17,40]],[[70164,83552],[127,-13],[0,-40],[-73,40],[-17,-27],[-55,13],[18,27]],[[66489,83601],[18,0]],[[66507,83601],[-16,-121],[-2,121]],[[66779,83604],[72,-13],[-17,-27],[-109,-1],[54,41]],[[61766,83561],[-37,40],[91,0],[18,-26],[-72,-14]],[[66507,83601],[-18,0]],[[66489,83601],[-17,-40],[-38,80],[36,41],[54,13],[-36,-54],[55,-13],[-36,-27]],[[53169,83620],[18,-26],[73,-13],[-163,-1],[72,40]],[[64170,83729],[1,-27],[145,2],[0,-14],[-163,-1],[17,40]],[[67790,83760],[37,-53],[-91,12],[54,41]],[[65021,83736],[-235,-2],[0,14],[235,2],[0,-14]],[[68206,83777],[72,-13],[-17,-27],[-73,0],[18,40]],[[61852,83844],[19,-41],[-71,-94],[-2,94],[54,41]],[[64385,83879],[19,-40],[-90,-1],[-1,27],[72,14]],[[68024,83856],[-1,40],[54,14],[1,-40],[-54,-14]],[[62177,83887],[1,-54],[54,27],[19,-53],[-127,25],[17,54],[36,1]],[[66919,83887],[-54,13],[53,27],[73,1],[-18,-41],[-54,0]],[[67624,83933],[1,-40],[126,1],[-17,-40],[-55,13],[-108,-15],[-37,40],[90,41]],[[67100,83915],[-37,40],[54,14],[-17,-54]],[[66012,84040],[36,-26],[73,0],[-18,-40],[-72,-14],[-1,54],[-72,-14],[54,40]],[[61867,84059],[2,-108],[-18,-27]],[[61851,83924],[-72,-14],[-1,27],[72,14],[-1,81],[-54,-1],[-1,67],[91,-12],[-18,-27]],[[64019,84185],[0,-54],[-72,-1],[0,27],[72,28]],[[69773,84274],[55,-53],[-72,-14],[-37,53],[54,14]],[[67417,84469],[55,-40],[-36,-27],[-73,40],[54,27]],[[63778,84559],[18,-27],[-181,-2],[0,14],[127,1],[36,14]],[[69493,84822],[-37,27],[108,28],[-71,-55]],[[69653,85012],[37,-40],[-55,-1],[18,41]],[[62359,85003],[-17,-54],[-73,0],[-1,67],[91,-13]],[[66574,85120],[-217,-2],[0,14],[217,1],[0,-13]],[[63551,85148],[-35,-54],[-19,40],[54,14]],[[62608,85247],[1,-53],[-35,-28],[-1,54],[35,27]],[[62626,85288],[-19,26],[145,2],[-35,-54],[-91,26]],[[68670,85380],[19,-108],[-36,-13],[-1,120],[18,1]],[[67583,85424],[-54,0],[35,54],[36,0],[-17,-54]],[[69733,85684],[19,-67],[-36,0],[-19,53],[36,14]],[[61135,85718],[19,-40],[-55,0],[-36,40],[72,0]],[[69677,85805],[37,-40],[19,-67],[-92,66],[36,41]],[[62636,85771],[73,-12],[-54,-14],[37,-81],[-90,0],[17,54],[-37,40],[54,13]],[[69387,85789],[-35,-27],[1,-108],[-18,27],[-2,107],[54,1]],[[63143,85776],[37,-13],[-54,-41],[-19,53],[36,1]],[[69513,85884],[37,-54],[-55,13],[18,41]],[[67739,85855],[20,-107],[-36,13],[-56,80],[72,14]],[[62544,85918],[37,-40],[1,-94],[-73,67],[-2,81],[37,-14]],[[62634,85946],[18,-40],[-54,13],[36,27]],[[64098,86093],[91,-66],[-18,-27],[-36,40],[-55,-1],[18,54]],[[66286,86219],[19,-107],[37,-13],[1,-54],[-91,39],[-1,41],[-73,26],[1,-40],[54,-13],[-17,-27],[-55,13],[-1,94],[91,-26],[35,67]],[[68229,86961],[-17,-67],[-36,-1],[-1,68],[54,0]],[[62853,86969],[19,-40],[-72,-41],[53,81]],[[67649,87010],[-54,-1],[35,41],[73,1],[-54,-41]],[[64370,87183],[-35,-80],[17,107],[18,-27]],[[65304,87648],[0,40],[54,14],[0,-40],[-54,-14]],[[65538,87758],[1,-54],[-55,-1],[17,68],[37,-13]],[[69658,88223],[72,14],[-17,-54],[-73,13],[18,27]],[[64837,89727],[1,-41],[-109,13],[0,27],[108,1]],[[66094,90409],[-36,0],[35,67],[36,0],[-35,-67]],[[66269,90827],[-54,-27],[-19,53],[90,1],[-17,-27]],[[66239,91579],[-19,27],[73,0],[-54,-27]],[[70580,77669],[-18,4]],[[45316,70292],[8,-13]],[[47381,75066],[7,7]],[[47395,75080],[119,14],[-36,-27],[-72,-1],[-16,-107],[-18,0],[-2,96]],[[52533,65476],[16,3]],[[52569,65484],[18,3]],[[52623,65494],[-1,53],[91,-12],[-18,-27]],[[52659,65501],[-18,-3]],[[72495,68331],[-23,73]],[[72472,68404],[33,-70]],[[67279,76111],[-5,14]],[[64155,76273],[-50,-14],[0,40],[-55,0],[-36,51]],[[64050,76333],[15,-7]],[[64068,76325],[25,-12]],[[65134,76644],[-3,1]],[[64936,76790],[-7,7]],[[64899,76830],[-24,-40],[-55,53],[66,0]],[[64637,76895],[-34,-81],[-1,67]],[[52297,65518],[1,-27],[90,14],[-18,-27],[-108,-14],[-18,26],[53,28]],[[66793,66233],[17,27],[73,-13],[-90,-14]],[[67064,66262],[-91,-1],[18,27],[72,1],[1,-27]],[[61835,66298],[-17,-53],[-90,-1],[-54,-28],[-18,-40],[-54,13],[54,27],[35,54],[109,-12],[-19,27],[54,13]],[[62070,66327],[-54,0],[-1,40],[55,1],[0,-41]],[[56191,66331],[55,-40],[18,27],[72,0],[-35,-40],[-72,-14],[-38,67]],[[52229,66417],[1,-40],[54,0],[-54,-41],[-1,81]],[[61869,66487],[36,-27],[-72,0],[-72,-41],[18,40],[-55,0],[144,55],[1,-27]],[[52264,66511],[36,-13],[-17,-40],[-55,-1],[36,54]],[[65141,66622],[37,-94],[-36,-13],[-19,80],[18,27]],[[51232,66529],[21,-134],[-73,-1],[17,81],[-19,54],[54,0]],[[69061,66951],[-17,-54],[-19,40],[36,14]],[[54031,66849],[182,-92],[-109,12],[-73,53],[0,27]],[[52927,66866],[55,-13],[-36,-54],[-54,0],[18,40],[-19,54],[90,1],[-54,-28]],[[50721,66820],[-36,0],[-1,54],[36,13],[1,-67]],[[50629,66940],[19,-53],[-35,-54],[-55,-14],[53,121],[18,0]],[[68642,67109],[-36,26],[72,1],[-36,-27]],[[54082,67078],[54,-13],[1,-81],[91,-26],[-16,-94],[-19,54],[-92,66],[-19,54],[-54,-1],[35,68],[54,27],[-35,-54]],[[54115,67280],[54,-13],[1,-81],[-54,27],[35,40],[-54,-14],[18,41]],[[62127,67349],[1,-54],[-73,-1],[-36,27],[72,1],[36,27]],[[54058,67400],[1,-27],[72,-12],[1,-54],[-72,13],[-2,80]],[[70384,67970],[1,-41],[-55,0],[54,41]],[[70401,68010],[-19,54],[36,13],[-17,-67]],[[61972,67992],[53,54],[19,-13],[-72,-41]],[[64883,68084],[37,-67],[-127,13],[36,54],[54,0]],[[67250,68225],[0,41],[126,1],[-108,-15],[-18,-27]],[[69873,68274],[-72,-14],[-1,40],[108,28],[18,27],[72,14],[18,27],[126,28],[72,1],[1,-27],[-91,-1],[-35,-40],[-127,-28],[-89,-55]],[[55616,68394],[-36,0],[72,54],[54,14],[-90,-68]],[[48634,68401],[55,-40],[-109,-1],[54,41]],[[48107,68530],[110,-52],[-54,-28],[-56,80]],[[48197,68598],[37,-40],[-73,13],[36,27]],[[61489,68781],[37,-54],[-90,0],[-90,-41],[-19,53],[127,15],[36,-27],[-1,54]],[[50763,68742],[73,-53],[-90,-15],[17,68]],[[72124,68954],[101,-69]],[[72225,68885],[-100,-1],[35,41],[-54,-1],[18,30]],[[72048,68991],[27,-13]],[[72075,68978],[-27,13]],[[53310,68965],[-53,-40],[-19,26],[72,14]],[[50903,69038],[37,-66],[-36,-14],[-1,80]],[[53055,69071],[73,-27],[-72,0],[-1,27]],[[48604,69180],[73,-80],[-54,-1],[-1,40],[-72,27],[54,14]],[[46161,69185],[-36,0],[-1,53],[55,14],[-18,-67]],[[56560,69343],[37,-40],[-72,-28],[-1,54],[36,14]],[[46322,69347],[55,-66],[-72,-1],[17,67]],[[54476,69594],[55,-27],[-109,13],[54,14]],[[54693,69622],[-18,-54],[-18,41],[36,13]],[[45848,69572],[2,-108],[-37,0],[-1,67],[36,41]],[[63484,69671],[-73,-1],[126,69],[1,-54],[-54,-14]],[[46101,69601],[-18,-27],[-126,-15],[-1,40],[145,2]],[[67479,69866],[-18,-40],[-55,40],[73,0]],[[53804,69789],[37,-53],[-55,13],[18,40]],[[46387,69765],[1,-27],[73,-27],[-91,0],[-19,67],[36,-13]],[[63335,69938],[1,-80],[-37,80],[36,0]],[[68219,69953],[1,-54],[-54,-14],[-37,40],[72,14],[-1,41],[55,14],[-36,-41]],[[46785,69755],[20,-67],[-37,13],[-19,94],[54,27],[-18,-67]],[[62122,69982],[-72,-1],[126,42],[-54,-41]],[[52658,70169],[-17,-41],[-73,40],[90,1]],[[47522,70057],[-54,-1],[71,68],[91,14],[-108,-81]],[[52423,70153],[90,15],[-17,-41],[-108,-14],[35,40]],[[51519,70159],[-20,80],[37,-13],[-17,-67]],[[48841,70162],[-54,0],[17,81],[36,0],[1,-81]],[[64375,70512],[-109,12],[127,15],[-18,-27]],[[49560,70451],[19,-40],[-109,25],[90,15]],[[64698,70702],[72,-12],[1,-54],[-90,13],[-19,53],[36,0]],[[71915,70758],[-14,-8]],[[71901,70750],[-4,-2]],[[71897,70748],[-31,-12]],[[71866,70736],[-5,-1]],[[71861,70735],[-160,-14]],[[71701,70721],[88,14],[54,28],[72,-5]],[[56015,70668],[36,-13],[-54,-27],[18,40]],[[52107,70674],[73,-26],[-108,-1],[35,27]],[[72200,71048],[36,0]],[[72236,71048],[-26,-40]],[[72210,71008],[-9,-18]],[[72201,70990],[-6,-9]],[[72195,70981],[5,67]],[[72237,71049],[13,13]],[[72250,71062],[-13,-13]],[[72254,71065],[13,10]],[[72267,71075],[-13,-10]],[[72200,71048],[-19,67],[36,40],[1,-94],[-18,-13]],[[54743,71033],[1,-53],[-91,26],[17,27],[73,0]],[[52916,71031],[37,-40],[-73,-1],[17,68],[73,0],[-54,-27]],[[59734,71170],[0,-26],[-109,26],[109,0]],[[50220,71034],[-36,0],[-1,67],[72,14],[-35,-81]],[[61813,71229],[55,-27],[-145,-1],[19,-67],[-36,26],[-1,68],[108,1]],[[46420,71122],[36,-14],[-35,-80],[-1,94]],[[67167,71288],[19,-27],[-127,-1],[54,41],[54,-13]],[[47034,71194],[-163,-1],[0,27],[162,1],[1,-27]],[[50176,71531],[1,-81],[-36,13],[-1,54],[36,14]],[[51550,71570],[92,-53],[-109,26],[17,27]],[[60409,71955],[19,-67],[-36,14],[17,53]],[[46717,71796],[-18,0],[-2,107],[36,0],[-16,-107]],[[51489,72012],[55,-39],[-36,-41],[-19,80]],[[53170,72094],[1,-40],[-54,0],[-19,53],[72,-13]],[[63009,72260],[1,-40],[-73,12],[72,28]],[[69142,72312],[0,-40],[-54,-1],[54,41]],[[52662,72211],[18,-27],[-89,-54],[-1,53],[72,28]],[[57148,72236],[-72,-14],[-37,54],[54,14],[1,-54],[54,0]],[[62791,72352],[0,-40],[-72,13],[-19,26],[91,1]],[[72992,72519],[19,-40],[2,-108],[-36,-27],[-3,175],[18,0]],[[52768,72359],[-35,-54],[-55,0],[18,54],[72,0]],[[50580,72300],[-1,67],[54,1],[-53,-68]],[[70784,72568],[-54,-1],[53,81],[1,-80]],[[50704,72489],[0,-40],[-54,-1],[19,-67],[-36,14],[16,94],[55,0]],[[57596,72536],[0,-27],[-72,-1],[53,54],[19,-26]],[[46597,72480],[19,-27],[-109,-1],[90,28]],[[57070,72571],[1,-40],[-73,26],[72,14]],[[70417,72927],[54,-13],[-71,-41],[17,54]],[[56958,72799],[-18,40],[90,1],[-72,-41]],[[57229,72868],[-54,-27],[-73,-1],[36,28],[91,0]],[[70957,73079],[19,-53],[-72,-14],[-19,40],[72,27]],[[57589,72979],[-36,-14],[-181,-1],[0,13],[217,2]],[[57842,72981],[-17,-67],[-36,-14],[-1,67],[54,14]],[[73761,73102],[-121,-13]],[[73640,73089],[13,27],[144,14],[-36,-28]],[[73942,73131],[18,-26],[91,0],[-36,-27],[-73,13],[-18,27],[-109,-1],[0,13],[127,1]],[[73382,73046],[-19,67],[72,28],[-53,-95]],[[74141,73102],[-14,-9]],[[74127,73093],[-40,26],[-1,67],[54,14],[36,-26],[-54,-1],[-17,-40],[36,-31]],[[46281,73028],[54,14],[-17,-54],[-55,13],[18,27]],[[51381,73113],[1,-81],[-36,14],[-19,53],[54,14]],[[57857,73210],[1,-67],[-91,-1],[72,27],[18,41]],[[57891,73291],[-17,-27],[-91,12],[108,15]],[[46586,73205],[-109,-1],[18,27],[90,1],[1,-27]],[[74443,73471],[-4,-13]],[[74439,73458],[-31,-41],[-36,0],[-17,-93]],[[74355,73324],[-11,-15]],[[74344,73309],[-43,0],[17,81],[36,-13],[-2,161],[54,0],[17,54],[2,-94],[18,-27]],[[57744,73464],[73,-40],[-36,-27],[-37,67]],[[46818,73355],[19,-54],[-36,-13],[-1,94],[18,-27]],[[58233,73455],[36,-27],[-16,-94],[-38,94],[18,27]],[[74368,73668],[55,-62],[-36,-1],[-19,40],[-54,0],[45,27]],[[74359,73672],[9,-4]],[[62771,73655],[19,-94],[-36,13],[-20,81],[37,0]],[[49040,73563],[1,-54],[-73,26],[72,28]],[[55751,73621],[37,-53],[1,-54],[-36,-14],[-37,81],[35,40]],[[60726,73637],[37,-40],[-72,13],[-2,81],[37,-54]],[[48821,73682],[37,-13],[-54,-28],[19,-40],[-55,-14],[-1,81],[54,14]],[[49870,73718],[20,-108],[-90,-14],[17,68],[36,-27],[-19,80],[36,1]],[[66929,73852],[-91,-1],[0,27],[127,1],[-36,-27]],[[73930,73937],[128,-106],[54,0],[1,-40],[-54,-14],[-37,40],[-147,120],[55,0]],[[46899,73987],[1,-67],[-37,53],[36,14]],[[48635,74016],[19,-81],[-36,0],[17,81]],[[67811,74168],[0,-40],[-54,13],[-1,40],[72,14],[-17,-27]],[[48472,74055],[36,-40],[-90,-14],[1,-54],[-55,40],[53,54],[55,14]],[[46337,74063],[-55,13],[72,27],[-17,-40]],[[47638,74141],[19,-40],[-54,-27],[-37,27],[72,40]],[[64802,74519],[18,-27],[-72,-1],[-19,27],[73,1]],[[72436,74597],[19,-81],[-36,0],[17,81]],[[48286,74349],[-19,40],[109,14],[-91,-27],[1,-27]],[[66411,74559],[20,-80],[-37,26],[-54,-27],[-18,40],[72,1],[17,40]],[[47126,74500],[19,-54],[-109,13],[72,14],[18,27]],[[64889,74707],[55,-13],[-144,-68],[-17,-94],[-54,-1],[35,68],[-1,67],[91,14],[35,27]],[[47614,74531],[-19,40],[53,54],[-34,-94]],[[59352,74741],[-108,-42],[0,41],[108,1]],[[58718,74789],[18,40]],[[58736,74829],[18,1],[2,-108],[-37,0],[-1,67]],[[61938,74870],[18,-26],[54,14],[1,-41],[-73,0],[0,53]],[[72304,74958],[19,-53],[55,-54],[-90,-14],[-20,107],[36,14]],[[65646,74889],[-36,26],[72,1],[72,27],[-35,-40],[-73,-14]],[[72122,74997],[0,-13],[127,1],[1,-41],[-73,27],[-127,-1],[19,-41],[-54,13],[35,54],[72,1]],[[71290,74977],[-18,40],[144,1],[-108,-14],[-18,-27]],[[71923,75022],[18,-27],[-126,-1],[-19,27],[127,1]],[[58736,74829],[-18,-40]],[[58718,74789],[-18,0],[16,134],[37,-13],[-17,-81]],[[71072,75069],[36,-27],[109,-12],[1,-27],[-164,39],[18,27]],[[72140,75051],[-73,-14],[-36,26],[109,-12]],[[58716,74950],[-18,0],[-2,94],[55,0],[-35,-94]],[[58949,75060],[37,-54],[2,-80],[-56,80],[17,54]],[[71776,75169],[0,-41],[-126,-1],[36,28],[90,14]],[[62960,75443],[0,27],[72,1],[-72,-28]],[[62705,75575],[128,-79],[-109,26],[-19,53]],[[69158,76006],[90,-12],[-17,-41],[-91,13],[18,40]],[[68433,76027],[1,-13],[126,1],[1,-14],[-145,-1],[17,27]],[[69336,76183],[-1,67],[36,-27],[-35,-40]],[[69786,76294],[37,-54],[-73,54],[36,0]],[[69442,76345],[91,-13],[-18,-67],[-91,39],[18,41]],[[69603,76440],[109,-12],[-18,-27],[-145,12],[-18,27],[72,0]],[[66289,76614],[-16,-108],[-55,26],[17,68],[54,14]],[[66215,76707],[19,-40],[-72,-1],[-37,27],[90,14]],[[72222,76758],[1,-81],[-107,-54],[71,67],[35,68]],[[72654,76909],[-36,27],[72,0],[-36,-27]],[[72561,77056],[55,-13],[-126,-28],[-19,40],[90,1]],[[69956,77061],[73,-53],[-91,-1],[-19,54],[37,0]],[[70008,77209],[-36,-40],[-19,53],[55,-13]],[[71906,77306],[55,-40],[1,-40],[-72,-14],[-2,94],[18,0]],[[71162,77461],[0,-27],[-72,13],[35,40],[37,-26]],[[71215,77555],[-18,-54],[-126,13],[71,41],[1,-27],[72,27]],[[76197,57902],[19,-81],[-36,0],[-1,80],[18,1]],[[78279,58994],[37,-54],[0,-54],[-72,13],[17,27],[-1,81],[19,-13]],[[77894,60495],[-16,-108],[-54,0],[-1,40],[36,14],[35,54]],[[77640,60560],[55,-40],[91,-12],[-109,-1],[-54,13],[17,40]],[[77894,60495],[-2,134],[109,1],[0,-27],[-54,-13],[-36,26],[1,-80],[-18,-41]],[[79448,61865],[-37,0],[0,40],[108,14],[-71,-54]],[[78809,62263],[18,-41],[-108,13],[35,27],[55,1]],[[79837,62459],[0,-27],[73,-26],[-91,-1],[18,54]],[[76186,63450],[1,-67],[-54,-1],[-1,41],[54,27]],[[80651,63635],[37,-40],[-91,-1],[0,27],[54,14]],[[77612,63663],[-36,-27],[-18,27],[35,27],[73,1],[-54,-28]],[[81554,63723],[55,-40],[-108,-1],[53,41]],[[80523,63755],[19,-54],[54,0],[37,-53],[-72,-14],[-1,54],[-91,-1],[54,68]],[[81734,63818],[19,-80],[-37,40],[18,40]],[[80628,63944],[55,-27],[0,-27],[-54,0],[-54,26],[0,-40],[37,-13],[0,-54],[-54,26],[-2,108],[72,1]],[[79813,64044],[0,-27],[-54,13],[-18,-40],[-36,0],[0,40],[108,14]],[[79903,64072],[1,-54],[-37,27],[36,54],[72,0],[-72,-27]],[[79774,64259],[0,-40],[54,0],[-35,-27],[-72,-14],[-19,27],[35,54],[37,0]],[[79737,64312],[-18,-54],[-72,13],[90,41]],[[82103,64547],[36,-40],[-90,12],[17,41],[37,-13]],[[82011,64613],[-36,27],[72,0],[1,-53],[-37,26]],[[82968,64769],[0,-54],[73,-26],[-36,-27],[19,-27],[-54,-41],[-36,13],[17,41],[-1,121],[18,0]],[[77411,65019],[19,-94],[-55,40],[36,54]],[[79270,65276],[19,-40],[-73,-1],[-17,-40],[-19,80],[36,-26],[54,27]],[[80951,65343],[-19,54],[37,-13],[-18,-41]],[[82125,65487],[37,-80],[-54,-14],[-1,54],[-90,-1],[-37,27],[-90,12],[126,1],[19,-26],[54,0],[36,27]],[[84620,65535],[20,-81],[-35,-67],[-3,147],[18,1]],[[78051,65736],[37,-40],[-54,-14],[0,-27],[-54,0],[18,40],[53,41]],[[80204,65700],[-19,54],[55,13],[0,-40],[-36,-27]],[[77925,65722],[-36,-1],[35,41],[90,14],[1,-27],[-72,0],[-18,-27]],[[78133,66341],[1,-67],[-55,40],[17,40],[37,-13]],[[82672,66405],[20,-107],[-18,-40],[-36,-1],[-20,148],[54,0]],[[77745,66889],[19,-67],[-73,26],[-1,27],[55,14]],[[79530,68462],[1,-40],[54,0],[-36,-27],[37,-40],[-54,-14],[-19,54],[17,67]],[[78222,68814],[19,-40],[54,0],[-17,-54],[-55,40],[1,-94],[-18,27],[-54,0],[35,40],[-1,54],[-36,26],[72,1]],[[82316,69694],[18,-40],[-72,26],[53,68],[1,-54]],[[73178,67885],[47,-16]],[[73013,67978],[19,-13]],[[72931,68018],[21,-9]],[[72748,68151],[-52,53],[54,-13],[91,14],[1,-81],[73,-26],[0,-40],[-73,26],[-37,80],[-40,-27]],[[72605,68235],[36,-20]],[[72660,68205],[18,-10]],[[72472,68404],[59,-54],[-13,-40]],[[75565,68537],[56,41],[36,-9]],[[75952,68674],[-79,0],[-54,-28],[-19,27],[54,14],[0,27],[136,-26]],[[76287,68794],[13,4]],[[76305,68800],[36,13]],[[72124,68954],[-49,24]],[[72048,68991],[93,1],[1,-40],[83,-67]],[[71915,70758],[-14,-8]],[[71897,70748],[-31,-12]],[[71861,70735],[1,-12],[-161,-2]],[[72236,71048],[1,1]],[[72250,71062],[4,3]],[[72267,71075],[6,-27],[-63,-40]],[[72201,70990],[-6,-9]],[[73761,73102],[1,-12],[-122,-1]],[[74141,73102],[-14,-9]],[[74443,73471],[-4,-13]],[[74355,73324],[-11,-15]],[[74359,73672],[9,-4]],[[73203,68154],[1,-53],[-72,-1],[-36,-27],[-19,40],[72,41],[54,0]],[[73327,68317],[1,-54],[-91,13],[18,27],[72,14]],[[73399,68358],[-17,-41],[36,0],[0,-40],[-54,-27],[-1,80],[-54,27],[90,1]],[[74457,68984],[-55,13],[72,28],[109,1],[36,27],[126,1],[-144,-28],[-54,-27],[-90,-15]],[[76478,69337],[19,-67],[-36,-14],[-19,54],[36,27]],[[77996,69417],[1,-41],[72,-12],[1,-41],[-54,-14],[-55,67],[-1,40],[36,1]],[[75860,69520],[0,-40],[-90,-1],[0,27],[72,0],[17,41],[55,0],[-54,-27]],[[75533,69571],[1,-27],[55,-26],[18,-40],[-73,53],[-54,-1],[53,41]],[[78699,69597],[0,-13],[-108,-15],[-19,41],[127,-13]],[[78516,69730],[37,-40],[18,27],[1,-81],[-36,-13],[-1,53],[-36,0],[-19,54],[36,0]],[[75459,69718],[36,-26],[-35,-28],[-55,27],[0,27],[54,0]],[[78568,69892],[1,-81],[-19,40],[-36,0],[1,-67],[-37,80],[72,1],[18,27]],[[78097,69901],[1,-67],[-73,40],[55,0],[17,27]],[[74823,69888],[-55,26],[0,27],[91,-13],[19,-94],[-90,13],[35,41]],[[80642,70312],[1,-81],[-72,-14],[0,41],[36,0],[-1,40],[36,14]],[[80913,70314],[19,-27],[-54,-27],[-91,13],[0,27],[91,-13],[35,27]],[[77928,70316],[37,-26],[1,-41],[54,14],[18,-40],[-91,26],[-54,0],[35,67]],[[78199,70332],[-36,13],[18,41],[18,-54]],[[80966,70422],[19,-67],[36,0],[-53,-54],[-1,67],[-54,0],[-1,27],[54,27]],[[77963,70424],[18,-13]],[[77981,70411],[-17,-41],[72,-12],[-108,-15],[-1,94],[36,-13]],[[73295,70426],[56,-67],[19,-67],[-36,0],[-20,67],[-36,26],[17,41]],[[80966,70422],[-36,0],[-1,53],[36,14],[1,-67]],[[77981,70411],[-18,13]],[[77963,70424],[36,27],[-1,41],[109,-13],[0,-40],[-108,-1],[-18,-27]],[[81071,70678],[1,-67],[-72,-28],[-17,-53],[-36,-14],[35,67],[-37,13],[36,41],[54,1],[0,26],[-91,13],[127,1]],[[74641,71135],[73,-12],[0,-27],[-126,12],[53,27]],[[72753,71590],[55,-53],[1,-54],[-37,53],[-73,27],[54,27]],[[81129,71659],[1,-67],[-37,0],[-19,67],[55,0]],[[81237,71687],[54,-13],[-54,-14],[-54,-41],[0,41],[54,27]],[[78611,71854],[-90,-15],[-18,-27],[-54,0],[-1,27],[90,27],[109,1],[-36,-13]],[[72876,71860],[36,-14],[1,-53],[-54,-14],[-2,107],[19,-26]],[[78300,72066],[1,-40],[-37,13],[18,54],[90,27],[-72,-54]],[[73140,72319],[53,67],[2,-121],[-55,54]],[[78439,72457],[19,-81],[-90,13],[17,54],[54,14]],[[74060,72501],[1,-40],[72,0],[-18,-27],[-54,13],[0,-40],[-54,-1],[-19,41],[72,54]],[[74946,72508],[74,-53],[-55,0],[-18,26],[-55,0],[-18,27],[72,0]],[[77027,72512],[0,-13],[-163,-2],[90,28],[109,1],[-36,-14]],[[73140,72319],[-55,53],[-20,134],[36,27],[-17,-94],[54,-13],[2,-107]],[[78237,72630],[1,-41],[36,1],[1,-41],[-36,0],[-38,80],[36,1]],[[73136,72574],[37,-40],[-91,12],[54,28]],[[76572,72656],[1,-40],[-36,-14],[-1,40],[36,14]],[[74111,72730],[19,-81],[-18,-13],[-1,94]],[[73509,73020],[-18,27],[90,1],[-72,-28]],[[75915,73067],[36,-13],[-17,-54],[-72,0],[-73,39],[54,1],[73,-27],[-1,54]],[[73726,73049],[-126,-15],[-1,27],[145,2],[54,27],[-18,-41],[-54,0]],[[74394,73122],[56,-80],[-73,12],[17,68]],[[74913,73502],[37,-53],[-54,-1],[-19,40],[36,14]],[[74675,73702],[55,-27],[54,1],[73,-40],[-72,-14],[-19,40],[-127,-1],[36,41]],[[74494,73714],[19,-54],[1,-81],[-18,0],[-2,135]],[[74257,73833],[1,-41],[-91,13],[18,27],[72,1]],[[76862,73868],[-36,-1],[53,41],[19,-40],[-36,0]],[[76005,74291],[19,-41],[54,1],[1,-40],[-36,-14],[-1,40],[-72,-1],[35,55]],[[75823,74383],[55,-40],[36,14],[0,-40],[-91,39],[0,27]],[[75823,74383],[-37,27],[18,40],[54,-13],[-35,-54]],[[75458,74595],[55,-40],[-127,-1],[-1,40],[73,1]],[[72725,75835],[0,-27],[73,-26],[-18,-41],[-73,40],[1,-40],[-54,13],[71,81]],[[14852,67436],[-43,-1],[20,41]],[[19059,68500],[0,23]],[[19059,68523],[36,-14]],[[17720,68552],[36,12],[126,-2]],[[21288,69342],[-1,48],[-90,-28],[-1,40],[73,1],[17,40],[37,-67],[90,18]],[[21342,69363],[-18,-7]],[[23166,71879],[-94,12],[-19,54],[90,0],[26,-53]],[[13156,62508],[31,9]],[[13192,62519],[54,39],[108,8]],[[14531,64639],[55,-53],[-91,26],[36,27]],[[12611,64795],[-36,27],[71,27],[-35,-54]],[[12771,64985],[19,-67],[-90,-1],[-19,40],[90,28]],[[12373,64995],[72,-13],[-126,-42],[18,54],[36,1]],[[12027,65139],[0,-40],[55,0],[0,-40],[-72,-14],[-1,94],[18,0]],[[14737,65245],[1,-27],[72,14],[-54,-40],[-126,-2],[71,55],[36,0]],[[14955,65193],[-72,0],[36,40],[72,14],[1,-53],[-37,-1]],[[13075,65176],[-18,-27],[-55,40],[73,-13]],[[14574,65257],[1,-27],[-108,-14],[35,40],[72,1]],[[11731,65485],[-17,-53],[-19,40],[36,13]],[[14435,65994],[37,-39],[-72,-1],[-17,-94],[-36,-1],[17,94],[71,41]],[[12064,66120],[-34,-135],[-2,108],[36,27]],[[12389,66163],[-107,-81],[17,54],[-19,40],[109,-13]],[[11918,66226],[-17,-67],[-37,53],[54,14]],[[12876,66248],[-36,-40],[-54,-1],[17,54],[73,-13]],[[13688,66323],[-17,-27],[-91,13],[90,14],[18,41],[54,0],[-54,-41]],[[11933,66387],[55,-39],[-16,-121],[-37,39],[35,55],[-54,26],[17,40]],[[13090,66439],[19,-54],[-55,-14],[0,54],[36,14]],[[13016,66492],[55,-40],[-90,-1],[-19,27],[54,14]],[[13125,66452],[-36,0],[53,81],[-17,-81]],[[14208,66610],[37,-53],[-91,12],[54,41]],[[14804,66643],[-35,-81],[-1,80],[36,1]],[[13195,66614],[-17,-40],[-56,80],[72,0]],[[13194,66654],[54,14],[-53,-54]],[[14731,66682],[1,-53],[-37,40],[-108,-2],[108,28],[36,-13]],[[13683,66659],[-1,40],[54,-13],[1,-53],[-54,-14],[0,40]],[[13285,66615],[1,-27]],[[13286,66588],[-1,27]],[[13285,66615],[72,41],[20,-121],[-54,-14],[-18,27],[-54,-14],[-56,80]],[[13195,66614],[72,14],[-1,81],[36,14],[-17,-108]],[[13575,66618],[-37,40],[53,67],[-16,-107]],[[11563,66841],[1,-27],[-73,12],[0,27],[72,-12]],[[11763,66829],[109,-26],[-145,-15],[17,95],[36,0],[-17,-54]],[[14907,66953],[1,-54],[-144,-2],[36,-39],[-72,-1],[-1,54],[91,0],[89,42]],[[14164,67040],[1,-27],[72,0],[1,-26],[-91,-1],[17,54]],[[13423,67060],[54,-27],[1,-40],[-109,39],[54,28]],[[12121,67047],[1,-67],[-38,94],[37,-27]],[[12212,66994],[-1,81],[36,0],[-35,-81]],[[13279,67004],[-19,41],[53,54],[54,14],[1,-54],[-72,-14],[-17,-41]],[[14000,67105],[-35,-14],[-91,13],[144,15],[-18,-14]],[[12355,67090],[17,54],[72,14],[-34,-108],[-72,-1],[17,41]],[[11683,67245],[109,-26],[-53,-54],[-19,40],[-73,12],[36,28]],[[14413,67311],[54,27],[0,-40],[-53,-41],[-37,13],[0,54],[36,-13]],[[13327,67341],[-35,-54],[-1,80],[36,-26]],[[9276,67329],[-108,-1],[17,27],[91,1],[0,-27]],[[12422,67386],[19,-13],[2,-121],[-37,-1],[17,81],[-36,27],[35,27]],[[11988,67382],[-16,-81],[-55,0],[-53,-41],[-19,26],[108,42],[17,40],[-72,-14],[0,40],[126,2],[-36,-14]],[[13000,67458],[37,-66],[-90,-28],[19,-40],[54,0],[-17,-67],[-54,-14],[35,68],[-54,13],[-1,53],[36,27],[-1,54],[36,0]],[[12530,67454],[18,-40],[-108,12],[35,41],[55,-13]],[[13325,67488],[1,-94],[-125,-41],[89,68],[-1,67],[36,0]],[[13198,67528],[19,-54],[-126,-42],[17,68],[72,0],[18,28]],[[12438,67547],[1,-80],[-54,-28],[-18,27],[-72,-14],[35,54],[72,1],[36,40]],[[12745,67537],[19,-40],[-36,-14],[-19,40],[36,14]],[[11553,67472],[-19,40],[35,54],[-16,-94]],[[13070,67607],[19,-54],[-36,-27],[-91,13],[108,68]],[[11640,67634],[-72,-14],[1,-27],[-74,53],[163,1],[-18,-13]],[[13502,67678],[1,-54],[55,-26],[-35,-41],[-37,27],[-91,13],[1,-41],[-72,0],[-1,53],[72,1],[-18,27],[90,14],[35,27]],[[13284,67743],[37,-26],[-16,-135],[-54,0],[17,80],[-20,81],[36,0]],[[11202,67885],[37,-40],[-17,-81],[-56,107],[36,14]],[[13245,67904],[19,-27],[-54,-27],[-1,54],[36,0]],[[13119,67889],[-16,-94],[-72,-54],[37,-40],[-17,-41],[-73,-14],[18,41],[-20,107],[71,95],[72,0]],[[11075,67910],[-36,-13],[20,-94],[-55,-1],[-1,81],[-37,26],[-72,0],[-53,-81],[-1,80],[126,28],[199,2],[-17,-54],[-73,26]],[[14502,68440],[-1,67],[54,14],[1,-40],[-54,-41]],[[16598,68580],[20,-94],[-55,0],[17,94],[18,0]],[[19059,68523],[-36,-14],[16,81],[73,-40],[-53,-27]],[[18931,68615],[-36,-27],[-2,81],[38,-54]],[[18931,68615],[17,41],[54,14],[1,-54],[-72,-1]],[[18332,68690],[19,-40],[-145,-1],[18,27],[73,-13],[35,27]],[[18693,68761],[36,-13],[1,-54],[-54,27],[17,40]],[[18403,68785],[19,-40],[-36,-27],[-72,-1],[-37,40],[54,14],[55,-26],[17,40]],[[14605,68763],[17,54],[54,27],[-35,-67],[-36,-14]],[[19648,68998],[54,1],[57,-201],[-52,-81],[-1,40],[-72,-1],[-4,229],[18,13]],[[19687,68824],[-36,-54],[73,1],[-37,53]],[[19846,69027],[18,0]],[[19864,69027],[18,0]],[[19882,69027],[1,-53],[37,-27],[-17,-54],[-55,13],[-2,121]],[[19882,69027],[-18,0]],[[19864,69027],[-18,0]],[[19846,69027],[17,54],[54,0],[-35,-54]],[[19483,69091],[-108,-15],[17,41],[109,14],[-18,-40]],[[17727,69182],[37,-13],[-17,-68],[-20,81]],[[18829,69259],[36,14],[74,-107],[-145,12],[0,41],[-55,-1],[18,54],[72,-13]],[[19844,69121],[36,27],[-55,53]],[[19825,69201],[19,-53],[-72,-1],[72,-26]],[[19844,69121],[-35,-54],[-1,54],[-35,-41],[-73,13]],[[19700,69093],[-37,67]],[[19663,69160],[-17,-95],[37,1],[-35,-68]],[[19648,68998],[-37,40],[-91,26],[18,-26],[-72,-1],[17,54]],[[19483,69091],[91,-13],[-1,67],[-36,0],[-2,107],[90,1],[37,-26],[17,54],[54,-13],[-35,-28],[-17,-67],[35,41],[55,0],[17,41],[145,-12],[-18,-27],[55,-13],[-35,-81],[-91,-1]],[[21142,69415],[0,-27],[-108,-1],[-55,27],[163,1]],[[19568,69441],[55,-53],[-35,-55],[-20,108]],[[17505,69462],[1,-54],[-72,-1],[17,54],[54,1]],[[19242,69465],[54,14],[0,-41],[-54,0],[1,-41],[-91,13],[-37,40],[-1,107],[72,-26],[-17,-40],[72,0],[1,-26]],[[21067,69576],[0,-27],[91,-13],[19,-40],[90,14],[-18,-40],[-54,-1],[-53,-40],[-2,80],[-72,13],[-36,-27],[1,-54],[-37,53],[-91,-1],[-18,41],[144,-12],[36,54]],[[18337,69496],[-19,27],[90,55],[20,-108],[-91,0],[0,26]],[[19801,69577],[17,41],[54,0],[-52,-108],[-73,0],[2,-68],[54,14],[-1,41],[54,14],[35,40],[-16,-81]],[[19875,69470],[35,41],[39,-134],[-73,-1],[-54,-27],[20,-67],[-55,0],[17,107],[-37,27],[-126,-15],[-3,148],[90,14],[-18,40]],[[19710,69603],[35,27]],[[19745,69630],[54,14]],[[19799,69644],[2,-67]],[[19875,69470],[-53,-67],[54,0],[-1,67]],[[18334,69658],[19,-54],[-108,-1],[17,27],[55,-13],[17,41]],[[16525,69668],[-54,-28],[-53,-67],[-18,40],[53,54],[72,1]],[[21517,69687],[19,-53],[-36,-1],[-19,67],[36,-13]],[[19799,69644],[0,14]],[[19799,69658],[-18,27],[-36,-55]],[[19745,69630],[-35,-27]],[[19710,69603],[-73,13],[-145,-1],[54,54],[163,-12],[17,54],[36,14]],[[19762,69725],[0,-27],[109,-26],[-72,-28]],[[19762,69725],[-19,53],[72,1],[19,-40],[-72,-14]],[[19198,69907],[19,-53],[-90,-14],[-36,13],[-2,67],[109,-13]],[[21079,69938],[19,-93],[-53,-55],[-90,-14],[35,54],[-1,67],[54,-13],[36,54]],[[20861,69963],[1,-27],[126,15],[37,-27],[-109,-1],[2,-107],[-126,-15],[-1,54],[90,-13],[-1,54],[-73,40],[54,27]],[[19595,69965],[57,-134],[-181,-28],[18,40],[-73,-14],[0,40],[71,68],[108,28]],[[16322,69934],[18,-40],[91,-26],[-17,-54],[-37,54],[-36,-1],[-55,54],[36,13]],[[20101,69970],[-18,40],[-36,-41],[54,1]],[[20101,69970],[-71,-28],[-2,67],[109,15],[37,-54],[-73,0]],[[19198,69907],[-73,67],[-1,40],[108,15],[19,-67],[73,-13],[-17,-41],[-55,0],[-36,40],[-18,-41]],[[19591,70180],[1,-41],[-53,-54],[54,-26],[-17,-27],[-127,26],[35,40],[-1,54],[108,28]],[[19031,70161],[37,-53],[-90,-1],[17,67],[36,-13]],[[19138,70270],[1,-54],[-91,39],[90,15]],[[17003,70263],[20,-107],[-71,-55],[-55,27],[90,54],[-20,81],[36,0]],[[20313,70307],[0,-40],[-90,13],[17,27],[73,0]],[[18848,70307],[1,-54],[72,1],[1,-54],[-91,26],[17,81]],[[15865,70199],[1,-41],[-55,0],[-1,67],[-109,26],[18,54],[145,-53],[-36,-27],[91,1],[-54,-27]],[[19591,70180],[36,27],[-1,54],[54,40],[-1,41],[55,-40],[-89,-55],[0,-53],[-54,-14]],[[15592,70317],[19,-94],[-54,13],[-19,54],[54,27]],[[19046,70349],[1,-53],[-55,12],[0,41],[54,0]],[[17003,70303],[-37,27],[54,14],[-17,-41]],[[20782,70379],[2,-108],[-55,0],[0,54],[35,40],[-108,-41],[54,54],[72,1]],[[15789,70413],[55,-67],[-35,-40],[-37,40],[17,67]],[[19315,70459],[37,-53],[-54,-1],[1,-40],[90,14],[-35,-67],[39,-134],[-72,-28],[-19,40],[16,135],[-91,26],[53,41],[-1,53],[36,14]],[[16981,70505],[1,-54],[54,0],[20,-67],[-72,-14],[-1,54],[-37,0],[35,81]],[[16746,70502],[36,14],[1,-54],[-73,27],[-108,-1],[-1,27],[109,14]],[[16710,70529],[36,-27]],[[15805,70534],[1,-40],[-73,26],[72,41],[0,-27]],[[18029,70582],[19,-27],[-109,-15],[-18,27],[108,15]],[[21845,70631],[1,-68],[-54,-14],[-1,81],[54,1]],[[16710,70529],[-1,27],[90,41],[1,-40],[-90,-28]],[[16057,70617],[1,-40],[-55,-1],[-1,54],[55,-13]],[[20741,70661],[-35,-54],[-20,66],[55,-12]],[[16328,70660],[18,-54],[-72,13],[-36,-27],[-72,12],[71,41],[91,15]],[[19671,70798],[-35,-27],[-91,13],[90,27],[36,-13]],[[16217,70793],[-73,-1],[54,41],[72,1],[-53,-41]],[[16107,70886],[37,-67],[-108,-14],[71,81]],[[20321,70912],[-17,-54],[-20,80],[37,-26]],[[19270,70983],[19,-27],[-52,-121],[54,0],[-17,-40],[-109,-1],[-19,53],[90,41],[-2,94],[36,1]],[[19143,71049],[18,-14],[2,-107],[-19,54],[-54,-1],[16,67],[37,1]],[[19304,71117],[73,-26],[-53,-41],[-20,67]],[[16157,71101],[37,-40],[-108,-27],[-1,40],[72,27]],[[19450,71038],[-19,81],[127,-13],[18,-40],[-90,-14],[1,-54],[-109,26],[72,14]],[[19231,71157],[0,27],[90,1],[73,-53],[-90,26],[-73,-1]],[[16916,71135],[-54,-14],[36,54],[73,-39],[-55,-1]],[[19231,71157],[-89,-41],[-2,80],[54,14],[37,-53]],[[22249,71333],[19,-27],[90,1],[19,-27],[-145,-1],[-73,53],[90,1]],[[19355,71346],[1,-80],[-73,39],[72,41]],[[17582,71343],[37,-40],[-53,-68],[-91,13],[-1,40],[73,14],[35,41]],[[20602,71385],[37,-54],[-72,0],[-19,26],[54,28]],[[21036,71389],[2,-108],[-19,67],[-109,39],[126,2]],[[21488,71393],[2,-81],[-163,-28],[18,40],[72,-12],[36,27],[-1,67],[36,-13]],[[20855,71427],[-55,0],[36,54],[54,0],[-35,-54]],[[20021,71527],[-17,-40],[-73,-1],[0,27],[90,14]],[[19675,71645],[109,-13],[0,-27],[-126,13],[17,27]],[[19675,71645],[72,41],[19,-41],[-91,0]],[[20125,71797],[54,-13],[2,-94],[55,-27],[-91,13],[-19,80],[-55,27],[54,14]],[[19419,71803],[-34,-80],[90,0],[-55,40],[54,1],[73,-40],[-1,67],[73,-13],[0,-26],[91,-26]],[[19710,71726],[37,-27],[-145,12],[-37,27],[-17,-68],[-90,13],[-1,27],[-90,-1],[-1,27],[-108,-1],[-37,26],[127,1],[71,41]],[[20431,71867],[37,-13],[-72,-41],[-19,53],[54,1]],[[21589,71850],[-36,0],[17,67],[36,1],[-17,-68]],[[18061,71912],[2,-121],[-38,107],[36,14]],[[17844,71910],[0,-41],[-108,13],[-72,-14],[35,54],[163,1],[-18,-13]],[[18061,71912],[90,14],[36,27],[-17,-67],[-109,26]],[[16777,71873],[-36,-1],[-1,54],[90,41],[-17,-67],[-36,-27]],[[19598,71926],[37,-13]],[[19635,71913],[-36,-14],[-17,-67],[-91,26],[0,-40],[-71,-41],[-1,26]],[[19419,71803],[72,68],[-19,54]],[[19472,71925],[-36,-41]],[[19436,71884],[-54,-41],[-19,54],[72,54],[54,1],[108,41]],[[19597,71993],[-36,-27],[37,-40]],[[19562,71899],[-54,13],[37,-40],[17,27]],[[23106,72026],[0,-41],[-108,-27],[-1,53],[109,15]],[[20085,72011],[-17,-81],[37,1],[1,-94],[-54,13],[-21,134],[54,27]],[[20357,71973],[1,-53],[35,40],[-36,13]],[[20357,71973],[72,28],[-35,-94],[-71,-41],[-3,147],[37,-40]],[[22056,72070],[1,-94],[-36,26],[-73,0],[0,53],[90,-26],[18,41]],[[18746,72052],[72,-12],[-54,-14],[55,-40],[-90,-1],[17,41],[-73,26],[73,0]],[[18547,72024],[55,-27],[-72,-27],[20,-94],[-54,-27],[17,67],[-38,120],[72,28],[0,-40]],[[16883,72062],[-17,-81],[-20,81],[37,0]],[[20085,72011],[-36,13],[-54,-41],[-72,0],[-1,27],[72,27],[127,15],[89,41],[-17,-54],[-54,13],[-54,-41]],[[20970,72100],[19,-67],[-54,-1],[-1,54],[36,14]],[[19342,72125],[37,-53],[72,0],[-17,-80],[-54,-14],[-19,53],[-74,80],[55,14]],[[20409,72135],[20,-107],[-37,-1],[-19,94],[36,14]],[[19635,71913],[-37,13]],[[19598,71926],[36,27],[-37,40]],[[19597,71993],[17,41],[-54,-1],[-1,81],[90,14],[73,-13],[35,27],[19,-53],[-144,-1],[1,-81],[54,-13],[1,-40],[-53,-41]],[[17026,72130],[19,-53],[-144,-15],[35,41],[90,27]],[[21439,72158],[55,-13],[-36,-41]],[[21458,72104],[74,-53],[-18,-40],[-54,13],[-75,134],[54,0]],[[20697,72178],[37,-27],[-17,-53],[-73,-1],[-19,80],[72,1]],[[16989,72211],[36,-14],[-17,-40],[-55,13],[36,41]],[[17260,72200],[-108,-15],[-1,27],[127,1],[-18,-13]],[[22342,72247],[37,-13]],[[22379,72234],[-109,-1],[54,27]],[[22324,72260],[18,-13]],[[21908,72270],[1,-67],[55,-27],[-72,-54],[-72,13],[35,40],[-37,67],[90,28]],[[22396,72288],[-17,-54]],[[22379,72234],[-37,13]],[[22342,72247],[-18,13]],[[22324,72260],[17,41],[-54,-1],[-1,41],[54,13],[55,-26],[1,-40]],[[22213,72420],[72,-12],[1,-54],[-36,-27],[-36,26],[-91,13],[-17,-41],[-109,40],[-19,26],[91,-12],[144,41]],[[22501,72477],[92,-53],[-109,26],[17,27]],[[17021,72412],[-72,-14],[0,27],[72,-13]],[[17324,72697],[1,-67],[-36,-14],[-19,40],[54,41]],[[19295,72743],[-55,26],[36,41],[144,1],[1,-54],[-36,13],[-36,-40],[-54,13]],[[17195,72817],[2,-81],[-37,13],[-37,67],[72,1]],[[22187,72877],[36,-13],[20,-81],[-37,27],[-72,-1],[-17,-54],[-2,108],[19,-40],[53,54]],[[17612,72807],[-55,0],[-1,54],[91,14],[-35,-68]],[[17591,72942],[37,-14],[-72,-27],[-37,26],[72,15]],[[17103,72950],[19,-80],[-72,-1],[53,81]],[[21170,73136],[0,-54],[-54,27],[-73,-1],[36,27],[91,1]],[[17553,73076],[2,-108],[-19,0],[-2,121],[90,68],[0,-27],[-71,-54]],[[17352,73181],[19,-40],[-72,-14],[53,54]],[[21964,73197],[19,-53],[-54,-1],[17,81],[54,14],[-36,-41]],[[17443,73169],[-37,-1],[53,95],[-16,-94]],[[20405,73438],[19,-54],[-73,0],[54,54]],[[17691,73453],[17,81],[54,0],[-71,-81]],[[23296,73626],[109,-26],[1,-40],[-55,-1],[-71,-41],[17,54],[-72,-27],[-19,80],[73,-40],[-2,68],[73,14],[-54,-41]],[[24688,73679],[55,-40],[-54,-27],[-37,67],[36,0]],[[24940,73735],[-53,-27],[-38,53],[55,1]],[[24904,73762],[36,-27]],[[24940,73735],[-36,27]],[[24904,73762],[90,27],[108,15],[0,-27],[-72,-1],[-90,-41]],[[23384,73761],[-36,0],[17,54],[36,0],[-17,-54]],[[22406,73833],[37,-54],[-145,-1],[36,41],[72,14]],[[22568,73861],[2,-107],[-72,12],[-1,54],[71,41]],[[24215,73836],[19,-54],[-54,13],[16,68],[19,-27]],[[25209,73899],[20,-107],[-126,-42],[71,68],[-1,54],[36,27]],[[19439,73859],[19,-40],[-55,-1],[36,41]],[[23473,73883],[-72,-41],[-1,67],[108,1],[-35,-27]],[[23815,73953],[-35,-41],[-109,26],[107,42],[37,-27]],[[25043,74085],[54,28],[1,-54],[-73,-1],[18,27]],[[25205,74114],[73,-13],[-17,-94],[-92,93],[36,14]],[[21063,74075],[1,-40],[-90,-1],[0,-53],[90,27],[2,-67],[-37,27],[-126,-15],[-19,54],[72,14],[-1,53],[108,1]],[[23251,74149],[2,-120],[-19,40],[-1,94],[18,-14]],[[22056,74205],[-17,-80],[-36,13],[-19,67],[72,0]],[[23069,74215],[109,-26],[-71,-54],[17,40],[-55,13],[-35,-41],[16,95],[19,-27]],[[23449,74232],[-18,-54],[-54,13],[-1,54],[73,-13]],[[25076,74260],[2,-80],[-55,26],[53,54]],[[25474,74277],[18,-26],[-108,-1],[-19,26],[109,1]],[[23232,74216],[-1,68],[36,13],[-35,-81]],[[23338,74325],[19,-27],[-72,-27],[-1,53],[54,1]],[[23266,74338],[-36,-28],[-19,41],[90,41],[-35,-54]],[[22922,74375],[-35,-108],[-54,13],[-1,67],[54,-13],[17,67],[19,-26]],[[24585,74417],[19,-40],[-90,-1],[17,40],[54,1]],[[21764,74391],[18,-27],[-35,-40],[-1,53],[-37,0],[72,54],[72,1],[-89,-41]],[[23119,74457],[19,-27],[90,1],[1,-40],[-72,-54],[-36,13],[-1,80],[-73,26],[72,1]],[[23427,74460],[-91,-14],[54,40],[72,1],[-35,-27]],[[25488,74546],[18,-40],[-72,-1],[-55,27],[109,14]],[[23352,74607],[1,-40],[-91,12],[-54,-27],[-1,54],[127,-13],[18,14]],[[25756,74696],[1,-26],[-72,-1],[-55,26],[126,1]],[[23168,74767],[55,-54],[-72,0],[-19,53],[36,1]],[[23513,74689],[0,40],[54,1],[72,41],[0,-27],[-126,-55]],[[24670,74780],[1,-67],[-55,0],[-18,40],[72,27]],[[23457,74809],[109,-25],[-126,-15],[17,40]],[[21882,74862],[55,-13],[-18,-40],[-72,12],[35,41]],[[23457,74809],[-54,-13],[-1,67],[-127,-15],[90,55],[54,-13],[2,-67],[36,-14]],[[22785,74938],[37,0],[-17,-67],[54,-27],[-17,-40],[-55,26],[-2,108]],[[23363,75010],[19,-27],[72,1],[-18,-27],[-89,-41],[-2,94],[18,0]],[[22785,74938],[-18,40],[72,14],[90,41],[1,-67],[-145,-28]],[[23579,75079],[20,-94],[-55,27],[35,67]],[[20178,75061],[20,-80],[-37,26],[17,54]],[[23269,75224],[20,-121],[-35,-40],[-55,-1],[-18,40],[72,15],[-2,107],[18,0]],[[20936,75176],[1,-27],[89,41],[-35,-54],[-72,-1],[17,41]],[[21026,75244],[36,0]],[[21062,75244],[19,-54],[-73,27],[18,27]],[[21749,75264],[55,-40],[-90,-41],[108,14],[20,-80],[-109,-1],[-55,40],[-53,-55],[-109,40],[72,0],[108,42],[53,81]],[[21242,75286],[54,-13],[37,-53],[-72,-14],[18,40],[-73,13],[36,27]],[[21062,75244],[-36,0]],[[21026,75244],[-37,-1]],[[20989,75243],[54,55],[54,13],[-35,-67]],[[21640,75303],[36,14]],[[21676,75317],[19,-67],[-36,-41],[-19,94]],[[20754,75281],[-37,40],[90,1],[-53,-41]],[[20989,75243],[-90,-14]],[[20899,75229],[-72,-14],[17,67],[54,28]],[[20898,75310],[36,0],[1,-54],[54,-13]],[[20899,75229],[-18,27]],[[20881,75256],[18,-27]],[[20553,75387],[18,-40],[-108,26],[90,14]],[[20245,75411],[1,-54],[144,2],[19,-27],[-181,-2],[17,81]],[[20155,75356],[-18,27],[71,41],[-17,-54],[-36,-14]],[[19573,75552],[-17,-40],[-55,0],[36,54],[36,-14]],[[21889,75547],[-36,-40],[-37,39]],[[21816,75546],[54,55]],[[21870,75601],[19,-54]],[[23968,75620],[73,-26],[72,1],[-17,-27],[-109,-15],[36,41],[-55,-1],[1,-53],[-36,-1],[35,81]],[[21816,75546],[-71,-40],[-17,-54],[-55,-1],[56,-67],[1,-67],[-54,0]],[[21676,75317],[-37,40],[1,-54]],[[21640,75303],[-18,0]],[[21622,75303],[-54,-27],[-37,26],[-17,-81],[-1,94],[35,41]],[[21548,75356],[35,94],[36,14],[-2,81],[73,14]],[[21690,75559],[-1,27],[90,27],[-17,-40],[54,-27]],[[21548,75356],[55,0],[34,81],[-53,-27],[-36,-54]],[[21690,75559],[18,-40],[54,14],[-18,40],[-54,-14]],[[23045,75665],[1,-67],[-72,-14],[-1,54],[54,-27],[18,54]],[[22500,75781],[-17,-94],[37,-13],[-1,54],[55,-40],[-18,-41],[-90,-14],[1,-54],[-36,13],[33,162],[36,27]],[[21904,75708],[20,-80],[-37,27],[-17,-54]],[[21870,75601],[-54,-14],[33,175],[-36,13],[-2,94],[36,0],[-17,-54],[91,-53],[36,1],[-53,-55]],[[25447,75876],[-90,-15],[0,27],[90,-12]],[[25049,75885],[36,14],[1,-54],[-37,40]],[[22240,76168],[55,-13],[-54,-54],[-54,13],[-17,-94],[-91,26],[2,-81],[-91,26],[54,28],[-1,53],[54,1],[36,41],[89,27],[18,27]],[[24210,76294],[1,-40],[-109,12],[108,28]],[[21914,76206],[-36,-14],[-91,12],[127,2]],[[22165,76356],[-19,53],[36,14],[-17,-67]],[[20661,76489],[0,-26],[109,1],[36,-27],[-90,-14],[1,-40],[-54,-14],[-163,-2],[144,69],[-19,53],[36,0]],[[22544,76399],[37,-53],[-181,25],[-37,40],[1,-53],[-127,-2],[19,-26],[-91,26]],[[22165,76356],[144,14],[-55,27],[-18,40],[-55,-1],[18,54],[-20,67],[73,1],[37,-40],[72,1],[36,27],[36,-27],[-17,-40],[109,-26],[19,-54]],[[22308,76464],[-1,14]],[[22307,76478],[1,-14]],[[22308,76464],[-36,-40],[54,14],[-18,26]],[[22344,76451],[55,-26],[-1,40],[-54,-14]],[[22271,76464],[-1,54],[-54,-1],[55,-53]],[[21227,76555],[66,3],[19,-49],[-55,-1],[-30,47]],[[20768,76584],[55,-80],[-35,-27],[-19,54],[-36,-14],[-1,54],[36,13]],[[20497,76528],[-19,54],[55,0],[-36,-54]],[[21020,76614],[110,-80],[-91,26],[-55,53],[36,1]],[[20713,76624],[18,-26],[-90,-15],[-1,41],[73,0]],[[22448,76721],[127,-12],[-35,-54],[-127,-2],[-1,68],[36,0]],[[22357,76734],[37,-54],[-36,0],[2,-121],[-19,67],[-54,-14],[16,134],[54,-12]],[[22573,76803],[19,-67],[-54,-1],[-1,54],[36,14]],[[21289,76777],[0,14]],[[21289,76791],[54,27],[18,-40],[-53,-27],[-19,26]],[[21289,76791],[0,-14]],[[21289,76777],[-108,3],[17,50],[-19,54],[36,0],[1,-80],[73,-13]],[[21430,77007],[0,-27],[73,1],[0,-27],[-72,-1],[-1,54]],[[21393,77050],[88,-19],[-15,-24],[-55,27],[-90,-1],[18,26],[54,-9]],[[22695,77073],[1,-68],[37,1],[1,-67],[-36,-1],[-1,54],[-37,0],[35,81]],[[22695,77073],[36,27],[91,-13],[-35,-67],[-37,40],[-55,13]],[[23019,77210],[37,-54],[-55,27],[1,-40],[-109,-15],[36,41],[54,0],[36,41]],[[21625,77264],[-33,0],[40,67],[-7,-67]],[[24008,77528],[55,-40],[18,27],[55,-26],[-109,-15],[-16,-80],[-73,-14],[-18,53],[54,-26],[36,54],[-19,40],[-127,-1],[-53,-41],[0,-40],[-54,-1],[-37,40],[72,28],[17,40],[127,1],[36,-13],[18,54],[72,14],[-54,-54]],[[23971,77581],[-54,0],[89,68],[0,40],[54,14],[-35,-81],[-54,-41]],[[27134,77799],[91,-13],[-36,-41],[-72,0],[17,54]],[[24003,77837],[19,-54],[-145,12],[18,27],[108,15]],[[27114,77892],[1,-67],[-108,-1],[1,-53],[-36,-41],[16,108],[126,54]],[[24363,77974],[1,-53],[-73,-14],[-36,40],[72,0],[17,68],[54,0],[-35,-41]],[[23941,78293],[54,27],[-35,-81],[-72,13],[-19,27],[-2,121],[36,27],[37,-40],[1,-54],[-55,0],[55,-40]],[[22742,78577],[55,-26],[1,-54],[-37,40],[-54,13],[35,27]],[[23937,78575],[-36,-27],[1,-81],[-54,0],[-18,-41],[-54,0],[36,40],[16,108],[109,1]],[[23937,78575],[35,67],[36,1],[-17,-67],[-54,-1]],[[22542,78683],[54,-26],[-17,-54],[-72,-41],[127,1],[-71,-54],[-91,26],[16,107],[54,41]],[[22613,78737],[-17,-67],[-54,13]],[[22542,78683],[17,40],[54,14]],[[27118,78766],[-73,-1],[18,27],[90,1],[-35,-27]],[[22613,78737],[35,81],[36,14],[11,94],[96,-26],[-72,0],[-16,-108],[-90,-55]],[[24340,79304],[1,-27],[-91,-1],[90,28]],[[22603,79328],[-35,-67],[20,-94],[-54,-54],[73,-26],[55,-54],[-72,14],[-37,39],[-50,0],[-60,80],[2,52],[54,69],[104,41]],[[22460,79220],[73,-27],[-1,27],[-72,0]],[[22603,79328],[-19,54],[36,14],[-17,-68]],[[23196,79549],[37,-13],[19,-54],[-73,13],[17,54]],[[22870,79613],[73,-40],[-181,12],[17,27],[91,1]],[[22833,79666],[-37,13],[54,41],[36,-13],[-53,-41]],[[22741,79759],[126,15],[53,54],[1,-67],[-72,-1],[-17,-40],[-91,-1],[19,-53],[-91,52],[-1,40],[73,1]],[[23298,79993],[0,-40],[-181,-2],[-18,40],[199,2]],[[22879,80137],[20,-94],[-37,13],[-14,67],[31,14]],[[24324,80258],[1,-27],[72,14],[2,-121],[-90,-1],[-1,40],[54,-12],[18,53],[-109,-1],[53,55]],[[24235,80217],[19,-54],[-73,-1],[17,94],[54,1],[-17,-40]],[[22822,80271],[55,0],[-18,-40],[-64,-14],[-9,40],[36,14]],[[23995,81544],[19,-27],[-73,0],[0,27],[72,41],[-18,-41]],[[23685,81724],[109,-34],[-36,-14],[-164,27],[91,21]],[[31469,84796],[1,-53],[-56,66],[55,-13]],[[71557,87151],[18,-27],[-72,-41],[0,40],[54,28]],[[72013,88054],[2,-94],[-36,-27],[-1,81],[35,40]],[[70959,88341],[1,-27],[-91,-1],[-55,27],[145,1]],[[72632,89014],[55,-13],[1,-94],[-56,107]],[[72216,88997],[36,27],[91,-40],[-127,-1],[0,14]],[[71466,89528],[1,-41],[126,1],[19,-13],[-163,-1],[-19,40],[36,14]],[[72363,90046],[2,-148],[-35,-68],[-36,-13],[69,229]],[[72176,90474],[19,-67],[-36,-14],[-17,-107],[-36,-27],[35,107],[-1,94],[36,14]],[[73368,90645],[0,-40],[91,1],[0,-41],[-72,0],[-37,26],[18,54]],[[72335,90704],[90,14],[-17,-27],[-73,13]],[[72533,90799],[0,-40],[-72,0],[72,40]],[[73127,90966],[19,-27],[-109,-1],[-18,27],[108,1]],[[72766,90922],[-54,0],[125,68],[1,-54],[-72,-14]],[[72335,90704],[-18,0],[-3,188],[18,0],[-2,134],[36,14],[1,-94],[-34,-121],[38,-94],[-36,-27]],[[72927,91045],[19,-27],[-17,-81],[-20,107],[18,1]],[[72691,91096],[2,-147],[-36,-28],[-1,108],[35,67]],[[74118,91296],[55,-12],[18,-41],[-54,27],[-91,-14],[72,40]],[[71786,92271],[55,-40],[-36,-27],[-90,-14],[-1,67],[53,41],[19,-27]],[[72282,92947],[-72,-1],[36,27],[72,1],[-36,-27]],[[66645,93383],[-72,-14],[18,27],[54,-13]],[[71260,94685],[37,-40],[-127,26],[90,14]],[[70553,94746],[37,-54],[-54,-40],[-109,26],[91,0],[35,68]],[[68371,95318],[-17,-40],[-19,80],[72,1],[-36,-41]],[[70486,95538],[37,0],[0,-53],[-127,52],[90,1]],[[70359,95577],[-1,54],[-54,-27],[55,-27]],[[70359,95577],[-127,-1],[36,54],[72,14],[109,1],[-73,-14],[-17,-54]],[[68780,97001],[0,-27],[-72,27],[-1,27],[127,1],[-54,-28]],[[72616,97195],[164,-66],[-91,-14],[-18,40],[-73,13],[18,27]],[[71578,98718],[73,-40],[-17,-40],[-73,53],[17,27]],[[70576,99099],[55,-27],[-72,-14],[17,41]],[[70574,99260],[1,-94],[-19,67],[-53,-54],[-1,67],[72,14]],[[70844,99370],[18,-27],[54,14],[38,-67],[-73,26],[19,-40],[-55,0],[-1,94]],[[70155,99404],[20,-80],[-55,13],[18,40],[-55,-14],[18,41],[54,0]],[[70731,99638],[20,-108],[-55,27],[-1,67],[36,14]],[[70529,99837],[-18,-40],[-90,-1],[35,41],[73,0]],[[70310,99930],[37,-40],[54,0],[-17,-40],[-90,-28],[-37,26],[-1,54],[54,28]],[[69930,99926],[-19,27],[91,14],[-18,-40],[-54,-1]],[[70545,99945],[-19,54],[55,0],[-36,-54]],[[36983,66322],[-89,-81],[-37,27],[-1,53],[-72,0],[-19,34]],[[36820,66360],[36,3]],[[36896,66362],[-4,-27],[91,-13]],[[37272,66356],[54,-4],[37,-40],[18,27],[1,-107],[37,-27],[-17,-53],[-55,26]],[[37347,66178],[-90,-1]],[[37257,66177],[-72,-27]],[[37185,66150],[-18,-41]],[[37167,66109],[37,-26],[90,0],[19,-40],[109,1],[35,41],[54,0],[1,-67],[-90,-1]],[[37422,66017],[-17,-80],[-54,-1],[-53,-67],[-127,25],[-19,67],[17,27]],[[37169,65988],[-1,54],[-90,-1],[-1,81],[-73,39],[-19,41],[-90,-28],[17,40],[72,14],[-1,68],[29,13]],[[37038,66298],[18,1]],[[37146,66311],[55,-27],[18,-40],[91,14],[-1,40],[-54,0],[-19,42]],[[36925,66349],[-15,6]],[[37396,66595],[34,25]],[[37477,66636],[7,5]],[[37502,66655],[18,15]],[[37545,66690],[11,7]],[[37579,66704],[13,4]],[[37602,66731],[25,27]],[[37627,66758],[4,-228],[54,0],[-36,-40],[-72,12],[-1,54],[-144,-15],[-36,-40]],[[37396,66501],[-5,40]],[[37378,66522],[18,-21]],[[37396,66501],[-72,-41]],[[37350,66487],[10,13]],[[37412,66616],[-14,-8]],[[37554,66827],[36,11]],[[37590,66838],[18,-13]],[[37608,66825],[36,-13],[-17,-54]],[[37627,66758],[-36,-6]],[[37662,66853],[36,1]],[[37734,66855],[18,1]],[[37788,66859],[-54,-19],[-53,-55],[-1,41],[-72,-1]],[[37608,66825],[-18,13]],[[37590,66838],[-1,7]],[[37951,66842],[-54,-1],[-1,31]],[[37860,66874],[-54,-11]],[[38166,66884],[21,-54],[-36,-14]],[[38151,66815],[-13,-25]],[[38133,66780],[-43,-18]],[[38025,66757],[-36,-9],[-26,67]],[[38110,67117],[-37,2]],[[38054,67125],[-35,10]],[[37961,67204],[3,-26],[90,14],[19,-27],[72,1],[-17,-49]],[[37986,67339],[29,33]],[[37978,67437],[-25,9]],[[37961,67486],[70,-12],[36,27],[19,-40],[-72,-28],[37,-53],[20,-121],[-97,-14]],[[37980,67326],[-1,6]],[[38217,67086],[3,-108],[72,28],[73,-26],[53,54],[55,-13],[-72,-14],[37,-40],[-163,-2],[-36,-27]],[[38239,66938],[-17,-54],[-36,-13],[-2,94],[-18,-68]],[[38166,66989],[18,14]],[[37963,67230],[-3,-12]],[[38059,67568],[2,13]],[[38052,67635],[31,0],[2,-94],[18,-26],[-58,-1]],[[38028,67696],[17,46],[37,-53],[-42,-14]],[[37979,67742],[12,-19]],[[37949,68091],[19,-27]],[[37912,68166],[0,-19]],[[37921,68131],[9,-14]],[[43495,69667],[-36,-22],[1,-81],[37,-40],[-54,-14],[-37,67],[35,54],[-55,26],[-17,-40],[19,-54],[-181,-15],[-36,13],[-2,81],[73,-13]],[[43242,69629],[-35,-54],[126,28],[-1,54],[36,7]],[[43422,69665],[18,0]],[[43296,69663],[-18,-47],[-36,13]],[[43242,69629],[18,33]],[[43079,69659],[-17,-72],[-73,27],[17,44]],[[45245,69911],[37,-22],[126,38]],[[45462,69933],[1,-69]],[[45463,69864],[-54,26],[-127,-14],[-54,-28],[0,41],[-55,15]],[[49600,57367],[-67,-1],[73,54]],[[31919,54671],[83,-26],[126,1],[145,14],[-18,-27],[-72,-14],[-217,-2],[-36,27]],[[31930,54644],[-19,16]],[[33194,56254],[2,-14]],[[33018,58106],[47,54],[1,-69]],[[32994,58113],[18,-5]],[[32377,61418],[38,0],[19,-40],[-49,0]],[[31382,47197],[-2,0]],[[31380,47197],[-52,-10]],[[31328,47187],[-18,-3]],[[31310,47184],[-18,39],[54,-13],[36,41],[0,-54]],[[32225,47352],[-86,-15]],[[32139,47337],[0,28],[86,-13]],[[31125,47437],[19,-41],[-54,-27],[-1,54],[36,14]],[[30763,47514],[1,-54],[72,1],[-18,-27],[-72,-1],[-2,94],[19,-13]],[[32495,47677],[55,-40],[1,-40],[-73,26],[-19,67],[36,-13]],[[32367,47784],[1,-54],[54,-13],[-35,-27],[0,-54],[-35,-27],[-3,174],[18,1]],[[32347,47891],[55,-53],[-54,-1],[-37,54],[36,0]],[[34220,48311],[-54,-1],[17,54],[54,1],[-17,-54]],[[35448,48425],[-55,9]],[[35393,48434],[55,-9]],[[34758,48611],[19,-54],[-90,-41],[17,81],[54,14]],[[34305,48634],[19,-67],[-54,-14],[-54,40],[-1,40],[73,-40],[17,41]],[[34451,48568],[0,-27],[-89,-28],[-19,54],[53,41],[37,-54],[-1,54],[55,-26],[-36,-14]],[[35715,48673],[55,-39],[-127,-2],[72,41]],[[34449,48716],[0,-41],[-90,-27],[-90,-1],[-37,26],[145,2],[72,41]],[[35730,48835],[20,-121],[-37,53],[-54,0],[-1,54],[72,14]],[[35550,48806],[-55,13],[90,28],[-35,-41]],[[35855,48916],[55,-53],[-108,-1],[53,54]],[[36977,48836],[-71,-40]],[[36906,48796],[-73,-5],[36,27],[16,121],[73,-13],[17,27],[2,-117]],[[37480,49067],[-54,-20]],[[37426,49047],[35,45],[-36,0],[-1,94],[19,-54],[54,14],[-19,27],[54,14],[1,-54],[-36,0],[-17,-66]],[[37044,49196],[37,-40],[-73,-1],[1,-54],[-35,-40],[-73,-1],[-1,94],[36,0],[1,-67],[54,28],[-1,67],[54,14]],[[38055,49284],[-54,-20]],[[38001,49264],[54,20]],[[38145,49318],[-36,-14]],[[38109,49304],[-1,35],[54,14],[-17,-35]],[[37222,49385],[-35,-94],[-90,-28],[-37,27],[-35,-41],[-90,-1],[-1,41],[108,1],[72,54],[1,-54],[36,14],[-2,67],[73,14]],[[38070,49460],[19,-40],[-17,-108],[-19,67],[-72,0],[53,40],[-18,27],[54,14]],[[37003,49477],[145,2],[-126,-42],[-19,40]],[[37003,49477],[-90,-14],[89,55],[1,-41]],[[33243,49511],[-108,-28],[17,54],[144,1],[-53,-27]],[[37815,49606],[0,-41],[-108,-1],[-19,27],[54,27],[73,-12]],[[37868,49660],[55,-27],[37,-53],[1,-67],[-37,40],[-91,-1],[35,108]],[[37868,49660],[-108,-15],[-1,41],[108,14],[1,-40]],[[33149,49698],[37,-40],[-73,13],[-35,-41],[-1,54],[72,14]],[[37737,49900],[2,-121],[-107,-81],[-89,-41],[-55,40],[72,14],[71,68],[54,-13],[-36,40],[-2,80],[72,41],[18,-27]],[[38243,49959],[36,-40],[-90,-1],[-1,40],[55,1]],[[37086,49921],[-54,0],[17,67],[36,-13],[1,-54]],[[37518,50060],[18,-14]],[[37536,50046],[-90,-14],[0,27],[72,1]],[[37536,50046],[-18,14]],[[37518,50060],[72,41]],[[37590,50101],[36,-27],[54,14],[19,-54],[-73,27],[-90,-15]],[[37590,50101],[-109,-1],[0,26],[90,1],[19,-26]],[[37082,50177],[37,-13],[0,-54],[-54,13],[17,54]],[[32383,50148],[37,-53],[-73,12],[36,41]],[[37425,50193],[19,-27],[-72,0],[0,-41],[-162,-1],[-1,27],[216,42]],[[31730,50263],[1,-54],[-72,0],[-1,26],[72,28]],[[35922,50354],[-36,27],[54,27],[-18,-54]],[[38001,50386],[-1,54],[72,1]],[[38072,50441],[1,-41],[-72,-14]],[[31799,50438],[91,-39],[1,-54],[-53,-27],[-128,39],[-18,26],[127,-25],[-20,80]],[[38072,50441],[-145,25],[18,41]],[[37945,50507],[-19,53],[-55,13],[-54,-27],[-18,27],[35,40],[109,1],[55,-26],[55,-94],[55,-13],[-36,-40]],[[37945,50507],[0,-27],[72,41],[-72,-14]],[[31799,50438],[-126,-14],[-37,40],[91,0],[-56,94],[90,1],[2,-81],[36,-40]],[[37073,50727],[19,-26],[-17,-81],[-108,-28],[-37,27],[36,54],[36,-27],[-1,54],[72,27]],[[37200,50742],[-18,-27],[-73,40],[91,-13]],[[37868,50761],[37,-26],[1,-67],[-109,12],[71,81]],[[38001,50386],[0,-27],[-71,-40],[-1,26],[-108,-1],[-18,-27]],[[37803,50317],[-35,-40],[-19,26]],[[37749,50303],[0,-26],[-90,-1],[37,-40],[-163,12],[-19,40],[-162,-1],[-1,26],[108,28],[127,1],[-1,27],[-72,13]],[[37513,50382],[0,-13],[-145,-2],[-53,-54],[-90,-14],[-1,27]],[[37224,50326],[-54,13],[19,-41],[-54,-13],[-20,80],[108,41],[17,68],[109,1]],[[37349,50475],[35,67],[-91,26],[-109,-1],[1,-27],[-91,13],[-1,54],[54,14],[127,1],[36,27],[1,-81],[72,28],[-20,94],[72,0],[-1,67],[73,1],[1,-54],[37,-53],[90,14],[1,-67],[36,0],[19,-67],[2,-107],[36,14],[-1,67],[36,0],[-1,54],[55,-53],[73,-13],[1,-81],[54,14],[55,-40]],[[37349,50475],[36,-27],[-17,-54],[54,1],[0,40],[72,14],[-19,40],[54,1],[19,-41]],[[37548,50449],[36,28],[1,-81],[36,-26],[-3,214],[-55,27],[-72,-1],[-1,54],[-37,40],[3,-161],[-17,-41],[-90,-27]],[[37729,50397],[109,1],[18,27],[-127,-1],[0,-27]],[[37729,50397],[-36,0]],[[37693,50397],[1,-27]],[[37694,50370],[72,-26],[-37,53]],[[37314,50367],[0,40],[-55,13],[-17,-40],[72,-13]],[[37868,50761],[-1,54],[73,-13],[-72,-41]],[[35552,50875],[19,-54],[91,1],[-90,-54],[1,-41],[54,14],[-17,-67],[-37,40],[-108,-15],[-1,41],[-54,-14],[17,67],[125,82]],[[37792,51002],[1,-40],[72,14],[-17,-81],[-72,-41],[-217,25],[17,68],[55,-54],[163,2],[35,54],[-72,-1],[-54,-40],[17,94],[72,0]],[[31376,50931],[90,-12],[-90,-28],[0,40]],[[38008,51031],[20,-107],[-72,-28],[17,121],[35,14]],[[38460,51035],[-16,-121],[-36,-14],[-1,68],[36,13],[17,54]],[[31376,50931],[-109,-1],[17,68],[90,1],[2,-68]],[[38206,51087],[2,-94],[-54,-14],[35,40],[-19,54],[36,14]],[[38133,51180],[2,-121],[-36,-14],[-1,68],[-56,53],[91,14]],[[38367,51209],[19,-40],[-72,-28],[-1,41],[54,27]],[[36250,51324],[19,-40],[-89,-95],[70,135]],[[37949,51366],[55,-39],[-54,-28],[-37,54],[36,13]],[[37659,51404],[0,-27],[-72,13],[17,41],[73,0],[-18,-27]],[[38326,51491],[-72,-1],[72,28],[0,-27]],[[36409,51568],[-18,-27],[-72,-1],[0,27],[90,1]],[[32250,51624],[19,-40],[-127,-14],[108,54]],[[36570,51663],[-37,27],[90,27],[-53,-54]],[[51226,52047],[-3,1]],[[51223,52048],[3,-1]],[[51930,52094],[38,-80],[-91,26],[-91,-1],[-54,26],[108,1],[90,28]],[[51208,52052],[-19,6]],[[51189,52058],[19,-6]],[[51062,52103],[-28,10]],[[51034,52113],[28,-10]],[[32317,51961],[54,-13],[-17,-54],[-37,40],[-108,-1],[18,27],[90,1]],[[51117,52083],[-47,17]],[[51070,52100],[47,-17]],[[51550,52131],[-72,-41],[-55,80],[162,2],[-35,-41]],[[51043,52194],[-17,-78]],[[51026,52116],[-18,7]],[[51008,52123],[-10,3]],[[50998,52126],[-9,3]],[[50989,52129],[18,64],[36,1]],[[51313,52250],[72,-13],[19,-27],[126,15],[55,-27],[-163,-1],[-54,-27],[0,53],[-55,27]],[[50717,52229],[-19,7]],[[50698,52236],[19,-7]],[[51313,52250],[-126,-28],[35,54],[-72,-1],[19,-67],[-18,0]],[[51151,52208],[-108,-14]],[[51043,52194],[17,40],[-72,13],[-19,40],[55,-26],[35,13],[0,54],[90,14],[0,-26],[91,-13],[19,-40],[54,-13]],[[51151,52208],[-1,40],[-36,0],[-17,-40],[54,0]],[[46122,52386],[-72,-11]],[[46050,52375],[71,58],[1,-47]],[[46266,52408],[-36,-6]],[[46230,52402],[-18,-2]],[[46212,52400],[-18,-3]],[[46194,52397],[36,50],[36,-39]],[[49357,52482],[-36,4]],[[49321,52486],[-11,2]],[[49310,52488],[-98,12]],[[49212,52500],[72,1],[36,27],[37,-46]],[[33376,52440],[72,-12],[-71,-41],[-37,26],[36,27]],[[51217,52612],[-54,-14],[35,40],[19,-26]],[[49191,52648],[-90,-28],[-18,27],[108,1]],[[49100,52714],[-18,-27],[-36,40],[54,-13]],[[44725,52730],[0,-41],[-72,13],[-1,27],[73,1]],[[31510,52652],[20,-80],[-37,-1],[17,81]],[[48808,52886],[55,-40],[-18,-27],[-109,53],[72,14]],[[47669,52890],[-71,-108],[-36,13],[35,67],[-72,0],[-19,26],[163,2]],[[31562,52773],[-16,-80],[-72,-28],[-20,94],[108,14]],[[31183,52757],[-72,-1],[53,41],[73,0],[-54,-40]],[[53092,52964],[-36,-54],[-109,39],[54,27],[37,-26],[54,14]],[[30893,52781],[-18,40],[72,-13],[-54,-27]],[[53940,53038],[19,-40],[-54,-41],[-1,68],[36,13]],[[30910,52862],[-72,-15],[-18,27],[90,-12]],[[45208,53016],[36,-13],[-34,-108],[-19,54],[17,67]],[[54247,53068],[19,-54],[2,-94],[-73,40],[16,94],[36,14]],[[31415,52947],[20,-121],[-72,-14],[35,40],[-1,95],[18,0]],[[39369,53005],[36,-27],[-144,-1],[17,54],[91,-26]],[[31577,52975],[91,-13],[-18,-27],[-72,13],[1,-67],[-36,-14],[-20,81],[54,27]],[[32246,52994],[37,-53],[-36,0],[-37,53],[36,0]],[[31577,52975],[-37,67],[54,0],[19,-53],[-36,-14]],[[52563,53255],[19,-81],[-73,27],[54,54]],[[45368,53179],[-17,-41],[-54,0],[-37,40],[108,1]],[[54334,53284],[-16,-95],[-108,-27],[17,40],[-72,-1],[-19,40],[73,-26],[90,14],[-1,54],[36,1]],[[31159,53092],[20,-94],[54,14],[-53,-54],[-37,40],[-19,80],[35,14]],[[53954,53294],[19,-67],[-54,-1],[-17,-54],[-54,0],[53,41],[0,40],[53,41]],[[31375,53148],[19,-40],[-35,-54],[-36,-1],[-1,67],[53,28]],[[39168,53137],[72,14],[18,-27],[-90,-27],[91,1],[-36,-41],[-108,-1],[-74,80],[-71,-81],[-127,12],[36,54]],[[38879,53121],[-20,67],[36,27],[19,-53],[109,1],[71,27],[1,-40],[72,27],[1,-40]],[[38879,53121],[0,-27],[72,28],[-37,26],[-35,-27]],[[53538,53344],[0,-40],[91,0],[-36,-40],[-54,-1],[-54,-41],[-72,0],[53,81],[72,41]],[[53954,53294],[-36,-1],[-71,-54],[-1,67],[108,-12]],[[53990,53321],[-54,-1],[35,54],[55,-13],[-36,-40]],[[38731,53335],[18,-40],[-35,-41],[-19,27],[17,80],[19,-26]],[[31806,53340],[73,-53],[-72,26],[-1,27]],[[47696,53454],[-108,-28],[-18,27],[35,41],[90,0],[19,-26],[163,1],[0,-27],[-181,12]],[[32980,53444],[55,-80],[-36,-13],[-73,53],[54,40]],[[39035,53512],[37,-26],[-127,-2],[-54,13],[17,27],[55,-13],[17,27],[73,1],[-18,-27]],[[33212,53635],[-1,40],[126,14],[-125,-54]],[[39139,53768],[-35,-54],[-36,0],[53,81],[90,14],[-72,-41]],[[36355,53797],[-54,-27],[17,40],[145,15],[-36,-27],[-72,-1]],[[37402,53874],[38,-81],[-145,13],[-36,-41],[-36,13],[17,54],[91,-13],[71,55]],[[36206,54064],[37,-53],[-36,-14],[-37,54],[36,13]],[[36115,54064],[37,-54],[-54,-14],[-2,121],[55,1],[-36,-54]],[[49637,54197],[36,-14],[-72,-27],[36,41]],[[49743,54372],[18,-27],[-90,-41],[0,41],[72,27]],[[33889,54245],[18,-40],[-90,-14],[0,40],[72,14]],[[34775,54199],[-36,-13],[-1,53],[54,28],[-17,-68]],[[38825,54236],[-20,67],[72,27],[-52,-94]],[[34104,54341],[0,-13],[-125,-55],[-1,27],[72,14],[0,40],[54,-13]],[[39056,54426],[55,-13],[-36,-41],[-72,0],[-1,40],[54,14]],[[34608,54453],[1,-54],[-90,0],[-1,26],[73,1],[17,27]],[[49794,54534],[-17,-27]],[[49777,54507],[18,-40],[-126,-28],[-37,66],[72,28],[90,1]],[[49777,54507],[-54,-28]],[[49723,54479],[54,28]],[[39129,54440],[35,67],[36,-40],[-71,-27]],[[49794,54534],[18,54],[-55,-1],[-19,81],[72,27],[20,-107],[37,-54],[-73,0]],[[49936,54723],[38,-80],[-55,-1],[-37,81],[54,0]],[[33068,54654],[55,-40],[36,14],[127,1],[18,-40],[-54,13],[-72,-14],[-91,13],[-36,40],[-145,-15],[18,27],[144,1]],[[32743,54651],[1,-40],[-145,-1],[18,27],[126,14]],[[42360,54737],[55,-26],[-72,-14],[17,40]],[[32381,54675],[109,-13],[0,-26],[-163,11],[54,28]],[[49971,54831],[-36,-54],[-18,40],[54,14]],[[47296,54727],[-1,107],[36,1],[1,-54],[-36,-54]],[[40386,54948],[1,-40],[-55,13],[-17,-54],[-36,13],[35,54],[72,14]],[[50238,55088],[-17,-80],[-36,-1],[53,81]],[[51590,55302],[1,-67],[-54,13],[-1,53],[54,1]],[[47685,55295],[1,-81],[-54,26],[19,-67],[-54,0],[16,81],[55,0],[17,41]],[[41014,55222],[18,41],[36,-27],[-54,-14]],[[52257,55442],[-17,-41],[-54,-27],[-19,40],[90,28]],[[51371,55474],[-17,-67],[-36,0],[-2,67],[55,0]],[[33416,55517],[-72,-14],[-19,27],[127,1],[-36,-14]],[[42671,55653],[1,-67],[-36,-14],[-37,81],[72,0]],[[48022,55714],[-35,-54],[-73,-14],[1,-54],[-72,-1],[54,41],[17,54],[108,28]],[[48164,55903],[-18,-54],[-55,54],[90,27],[-17,-27]],[[47854,56035],[1,-81],[-72,13],[71,68]],[[33590,55908],[1,-67],[-54,26],[53,41]],[[35470,55965],[-37,27],[90,41],[-17,-54],[-36,-14]],[[33534,56029],[37,-54],[-36,-14],[1,-53],[-36,-14],[-20,107],[54,28]],[[35215,56044],[73,-40],[-162,-1],[-72,-15],[17,27],[144,29]],[[48104,56239],[37,-67],[91,-13],[-18,-27],[-90,-41],[-1,67],[-72,13],[-1,54],[54,14]],[[41487,56221],[-19,40],[35,40],[73,1],[-54,-27],[-35,-54]],[[36278,56322],[0,-40],[-108,-42],[0,41],[53,40],[55,1]],[[42189,56401],[-17,-67],[-38,80],[55,-13]],[[49636,56547],[37,-40],[-55,13],[-53,-27],[17,41],[54,13]],[[41265,56501],[91,-13],[54,-26],[-145,12],[0,27]],[[36310,56524],[-54,-14],[-35,-54],[1,-54],[-71,-54],[-73,-1],[18,40],[90,1],[16,135],[54,27],[72,1],[-18,-27]],[[36438,56484],[-108,-54],[35,67],[72,1],[35,81],[19,-67],[-53,-28]],[[42365,56712],[54,-26],[-72,-28],[18,54]],[[43629,56790],[73,-53],[109,-12],[-17,-54],[-55,-1],[18,41],[-109,12],[-37,40],[-144,-1],[17,27],[145,1]],[[42634,56822],[19,-40],[-54,-28],[-1,54],[36,14]],[[43140,56867],[90,-13],[1,-27],[-109,-14],[18,54]],[[47660,56866],[37,-67],[-54,-14],[18,41],[-55,-1],[0,41],[53,40],[1,-40]],[[42831,56931],[37,-27],[72,1],[1,-27],[-145,12],[-108,-27],[35,67],[108,1]],[[49431,56962],[54,-26],[-72,-1],[18,27]],[[36611,56929],[1,-27],[-163,-1],[162,28]],[[46972,56954],[35,67],[72,1],[-107,-68]],[[47476,57052],[20,-80],[144,-12],[-35,-27],[-73,-1],[-36,27],[-72,-1],[35,27],[17,67]],[[46663,57005],[35,81],[19,-40],[-54,-41]],[[40533,57072],[19,-94],[-90,-28],[36,41],[-1,54],[36,27]],[[40804,57061],[1,-41],[-55,13],[18,41],[36,-13]],[[46407,57191],[73,-26],[37,-40],[72,0],[1,-27],[-145,13],[-19,26],[-109,40],[90,14]],[[47385,57079],[-90,-15],[-108,13],[-1,40],[55,-26],[126,1],[17,107],[72,1],[-54,-41],[56,-66],[-18,-54],[-108,12],[53,28]],[[41833,57164],[19,-54],[-73,40],[-72,-27],[36,40],[90,1]],[[43659,57180],[54,-13],[19,-53],[-72,-1],[-1,67]],[[44544,57242],[19,-67],[-73,26],[54,41]],[[47436,57294],[73,-13],[-36,-27],[72,1],[1,-27],[-145,12],[35,54]],[[46315,57298],[-17,-81],[-54,13],[17,67],[54,1]],[[36751,57226],[37,-53],[-72,12],[35,41]],[[39770,57253],[19,-40],[-72,-28],[-18,27],[71,41]],[[42771,57293],[19,-40],[54,0],[-90,-41],[-37,67],[54,14]],[[34364,57232],[1,-27],[-145,-2],[-36,13],[126,2],[54,14]],[[42734,57347],[-35,-68],[-19,54],[54,14]],[[44562,57269],[-19,26],[53,68],[-34,-94]],[[46584,57475],[-54,-55],[-1,54],[55,1]],[[44865,57500],[-54,-1],[37,-40],[-72,0],[17,53],[72,-12]],[[36673,57588],[-37,40],[72,14],[-35,-54]],[[48259,57852],[55,-13],[-54,-41],[-72,0],[71,54]],[[48259,57852],[-54,-1],[-1,81],[36,-13],[19,-67]],[[46159,58008],[19,-27],[91,-26],[-109,-1],[-1,54]],[[45975,58195],[109,1],[-54,-41],[127,1],[-144,-28],[54,-40],[-72,-14],[-55,67],[-36,13],[17,40],[54,1]],[[46228,58251],[72,-13],[1,-27],[-91,-14],[-73,39],[-35,-40],[17,67],[109,-12]],[[36735,58220],[-54,0],[17,53],[54,1],[-17,-54]],[[46225,58425],[37,-53],[54,27],[90,1],[-90,-41],[-72,-1],[-55,27],[36,40]],[[46514,58441],[55,-67],[-73,40],[18,27]],[[41686,58412],[38,-67],[-73,-14],[35,81]],[[36624,58394],[-37,26],[72,41],[-35,-67]],[[46241,58546],[1,-67],[-54,0],[53,67]],[[42082,58577],[35,27],[2,-94],[-91,12],[-19,94],[54,1],[19,-40]],[[46291,58829],[54,-13],[38,-80],[-55,-1],[0,54],[-55,-1],[18,41]],[[41046,58850],[1,-27],[-73,12],[0,27],[72,-12]],[[45728,58958],[-17,-40],[-109,-1],[0,27],[90,-13],[36,27]],[[40285,58977],[19,-53],[-36,-14],[-37,67],[54,0]],[[46254,58896],[-2,107],[36,14],[-34,-121]],[[46431,59099],[1,-27],[91,-40],[-55,0],[-53,-41],[17,54],[-37,26],[36,28]],[[48039,59220],[36,-13],[-17,-40],[-91,-1],[-19,40],[91,14]],[[45850,59282],[0,-54],[-72,13],[-1,27],[73,14]],[[46933,59385],[19,-67],[-72,0],[-19,53],[72,14]],[[45503,59440],[20,-94],[-36,-14],[-2,108],[18,0]],[[37133,59339],[-73,-1],[108,55],[-35,-54]],[[45447,59547],[38,-67],[-36,-14],[-2,81]],[[47545,59538],[19,-40],[-54,0],[35,40]],[[46802,59653],[1,-81],[-73,80],[72,1]],[[35954,59570],[-17,-68],[-19,54],[36,14]],[[37654,59545],[-108,-28],[18,-40],[-108,-1]],[[37456,59476],[-72,-41],[0,27]],[[37384,59462],[-72,-1],[17,27],[109,1],[-1,40],[90,1],[72,28],[0,40],[90,1],[19,-81],[-54,27]],[[45625,59723],[-34,-81],[-2,81],[36,0]],[[37561,59692],[18,-27],[91,1],[18,-27],[-108,-1],[-73,26],[54,28]],[[36692,59751],[-53,-54],[-1,54],[54,0]],[[37432,59811],[110,-79],[-126,-1],[16,80]],[[36854,59820],[36,-27],[2,-81],[-73,27],[-20,80],[55,1]],[[44935,59905],[-90,-14],[0,27],[90,-13]],[[35514,59915],[55,-53],[-181,-2],[36,54],[18,-26],[72,27]],[[37231,59944],[55,-13],[-35,-54],[54,0],[-54,-40],[-36,13],[-20,80],[36,14]],[[45368,59989],[18,14]],[[45386,60003],[72,14],[1,-40],[-72,-41],[-36,13],[17,40]],[[45386,60003],[-18,-14]],[[45368,59989],[-91,13],[18,40],[91,-39]],[[37140,60024],[54,-13],[1,-54],[-54,-14],[-1,81]],[[36886,60075],[1,-54],[72,-26],[-90,-14],[-55,40],[72,54]],[[45221,60149],[54,-13],[-53,-67],[-1,80]],[[47029,60192],[18,-27],[-91,13],[73,14]],[[47281,60208],[1,-54],[-72,13],[-19,26],[90,15]],[[46775,60244],[55,-67],[-73,26],[18,41]],[[43610,60256],[55,-67],[-109,13],[-18,40],[72,14]],[[45238,60190],[37,-40],[-72,13],[35,40],[-1,54],[36,14],[-35,-81]],[[43699,60310],[1,-26],[72,14],[-54,-41],[-54,13],[35,40]],[[47297,60342],[37,-53],[-72,26],[0,-27],[-72,-14],[-1,67],[37,-26],[71,27]],[[37949,60300],[-18,-27],[-54,26],[-54,-68],[-90,-14],[0,40],[72,1],[53,68],[126,14],[-35,-40]],[[49446,60549],[18,-13],[-71,-41],[-1,54],[54,0]],[[36986,60546],[1,-27],[72,1],[-89,-41],[-91,-1],[0,27],[90,1],[17,40]],[[36551,60609],[-1,94],[54,14],[-36,-40],[-17,-68]],[[36839,60693],[73,0],[18,-26],[-145,12],[36,40],[18,-26]],[[44957,60792],[19,-27],[54,14],[73,-26],[-145,-2],[-1,41]],[[41684,60803],[37,-40],[72,1],[-35,-41],[-55,13],[-55,53],[36,14]],[[46168,60883],[0,-40],[90,14],[1,-27],[-109,-1],[18,54]],[[36854,60894],[-162,-15],[-54,-40],[-108,-1],[-1,26],[127,2],[71,41],[145,1],[-18,-14]],[[46545,61061],[-17,-94],[-19,80],[36,14]],[[45315,61077],[54,-26],[74,-67],[-127,-1],[-1,54],[-54,13],[54,27]],[[45531,61133],[0,-27],[90,14],[-54,-27],[-35,-54],[-55,26],[-1,67],[55,1]],[[49363,61247],[0,-40],[55,-27],[-91,13],[0,54],[36,0]],[[36560,61201],[37,-40],[-145,-15],[36,41],[72,14]],[[32618,61179],[1,-68],[-90,13],[54,14],[35,41]],[[44624,61299],[19,-40],[-55,0],[17,80],[19,-40]],[[45491,61374],[1,-107],[-36,-1],[-1,67],[36,41]],[[32725,61287],[55,-80],[-90,-1],[-1,67],[36,14]],[[36504,61321],[36,-13],[20,-81],[-91,0],[-1,40],[55,0],[-19,54]],[[45508,61401],[-72,26],[-1,27],[126,15],[-16,-94],[-37,26]],[[42957,61513],[-35,-68],[-2,68],[37,0]],[[32505,61446],[37,-26],[-73,-1],[36,27]],[[42776,61498],[17,54],[109,1],[0,-27],[-108,-1],[-18,-27]],[[36627,61497],[-35,-41],[1,-54],[-36,-13],[16,134],[18,0]],[[36591,61523],[36,-26]],[[32739,61502],[56,-67],[-72,-14],[16,81]],[[35469,61553],[-53,-54],[-73,0],[72,54],[54,0]],[[36627,61497],[-36,26]],[[36591,61523],[89,68],[37,-13],[-90,-81]],[[35469,61553],[-1,54],[37,-13],[53,27],[-17,-40],[-72,-28]],[[33190,61573],[55,-13],[-72,-27],[17,40]],[[45103,61854],[1,-27],[72,14],[0,-26],[-90,-41],[-19,67],[36,13]],[[34506,61813],[-35,-67],[-53,-27],[-2,80],[90,14]],[[36784,61861],[19,-54],[-55,54],[36,0]],[[33203,61882],[-18,27],[35,81],[-17,-108]],[[36167,62030],[91,-40],[-109,-1],[18,41]],[[36854,61996],[-18,13],[17,81],[36,0],[-35,-94]],[[43343,62201],[37,-53],[-35,-41],[-36,14],[-2,67],[36,13]],[[42385,62179],[55,-12],[-53,-68],[-18,-54],[-54,0],[16,121],[54,13]],[[43741,62218],[55,-39],[-72,-41],[17,80]],[[47646,62280],[91,-26],[-126,-2],[35,28]],[[43287,62308],[20,-93],[-54,-1],[34,94]],[[42474,62315],[36,-27],[-108,-1],[-36,-27],[-37,40],[145,15]],[[43448,62431],[19,-40],[-36,-28],[-37,67],[54,1]],[[36342,62381],[0,-41],[-72,13],[72,28]],[[45075,62499],[35,40]],[[45110,62539],[2,-94],[54,14],[1,-80],[-90,-41],[18,54],[-37,53],[17,54]],[[43230,62536],[90,-12],[37,-40],[-109,26],[-36,-14],[-19,53],[72,41],[-35,-54]],[[45110,62539],[-36,0]],[[45074,62539],[1,-40]],[[45075,62499],[-55,13],[-1,80],[36,41],[72,-26],[-17,-68]],[[36193,62635],[19,-40],[-91,12],[-18,-27],[-54,13],[36,27],[108,15]],[[43460,62794],[91,-13],[-126,-28],[35,41]],[[36121,62634],[-20,80],[54,28],[90,1],[-35,-41],[-72,-14],[-17,-54]],[[44997,62821],[20,-94],[-72,-1],[52,95]],[[46986,62878],[-17,-67],[-37,13],[18,54],[36,0]],[[44941,62968],[54,-13],[-36,-27],[1,-54],[-36,0],[-1,94],[18,0]],[[36912,62883],[-18,27],[54,14],[-36,-41]],[[45084,63036],[19,-40],[-54,-14],[35,54]],[[36278,62985],[0,-41],[-72,27],[72,14]],[[46874,63079],[1,-40],[-55,-1],[36,68],[18,-27]],[[45118,63211],[1,-107],[-36,13],[-1,54],[36,40]],[[46583,63211],[18,-27],[-35,-68],[17,95]],[[33798,63097],[1,-67],[-35,-28],[16,108],[18,-13]],[[45190,63225],[0,-27],[127,2],[-72,-41],[-72,12],[17,54]],[[44989,63331],[20,-107],[-91,12],[-1,81],[72,14]],[[37141,63288],[-36,-27],[-72,-1],[17,41],[163,1],[-72,-14]],[[44462,63514],[1,-80],[-72,-14],[-37,53],[54,1],[54,40]],[[37227,63531],[19,-54],[-36,-14],[-37,67],[54,1]],[[44189,63619],[73,-26],[0,-40],[-90,-1],[17,67]],[[37064,63596],[72,14],[-54,-54],[-90,13],[-36,-27],[1,-68],[-36,-13],[-1,94],[71,54],[73,-13]],[[35093,63578],[54,1],[0,-40],[-90,12],[36,27]],[[36865,63541],[2,-121],[-38,134],[35,67],[55,-13],[-54,-67]],[[47461,63715],[0,-40],[-72,13],[-1,27],[72,27],[73,1],[-72,-28]],[[44295,63755],[37,-54],[-36,-27],[-1,81]],[[36212,63709],[0,-40],[-71,-54],[17,81],[54,13]],[[33969,63703],[1,-67],[37,-40],[-54,13],[-2,107],[18,-13]],[[37368,63787],[-54,-54],[-54,-1],[17,81],[19,-27],[89,28],[-17,-27]],[[37496,63721],[-19,54],[53,40],[1,-53],[-35,-41]],[[37241,63826],[0,-40],[-71,-54],[-36,-1],[70,95],[37,0]],[[33895,63809],[1,-53],[-37,53],[36,0]],[[37421,63882],[36,-14],[-17,-67],[-36,0],[-20,80],[37,1]],[[45703,63955],[-17,-67],[-91,26],[17,40],[37,-53],[54,54]],[[44201,63955],[55,1],[-18,-54],[-90,-14],[53,67]],[[44199,64103],[55,-26],[-36,-54],[-36,13],[-19,53],[36,14]],[[45193,64125],[19,-40],[-127,13],[0,26],[108,1]],[[45591,64129],[73,-53],[-90,-28],[36,54],[-19,27]],[[41504,64106],[-54,0],[35,67],[19,-67]],[[44847,64283],[55,-53],[-54,-14],[-35,-40],[17,67],[-55,40],[72,0]],[[44522,64267],[36,14],[1,-54],[36,-26],[73,0],[36,-26]],[[44704,64175],[54,14],[2,-108]],[[44760,64081],[19,-67],[73,-26],[0,-27],[-126,12],[17,68],[-73,-1],[-37,40],[0,54],[-37,13],[18,40],[-109,-1],[19,-67],[-108,-1],[-1,27]],[[44415,64145],[-37,107],[35,41],[72,14],[37,-40]],[[44704,64175],[-35,-54],[54,-13],[-19,67]],[[44760,64081],[-18,-13]],[[44742,64068],[18,13]],[[44415,64145],[73,1],[-73,26],[0,-27]],[[37143,64242],[36,27],[2,-121],[-19,54],[-54,13],[35,27]],[[44847,64283],[0,27],[-73,13],[145,15],[19,-54],[-91,-1]],[[44702,64349],[-36,-13],[17,67],[73,-40],[-54,-14]],[[44990,64392],[-54,27],[90,0],[-36,-27]],[[41662,64430],[73,-26],[-72,-55],[-90,-1],[17,68],[72,14]],[[44663,64497],[-91,12],[127,15],[-36,-27]],[[44844,64485],[-36,0],[-1,53],[90,1],[-53,-54]],[[37230,64498],[73,-40],[0,-27],[-72,0],[2,-108],[-38,54],[-2,134],[37,-13]],[[44046,64599],[110,-40],[0,-40],[-90,-1],[-17,-54],[-55,40],[52,95]],[[44806,64579],[-72,-28],[0,54],[126,14],[-54,-40]],[[37120,64577],[-1,41],[54,0],[2,-80],[-55,39]],[[44117,64707],[0,-27],[-90,-28],[-36,40],[126,15]],[[37570,64729],[0,-54],[37,-13],[72,28],[-17,-54],[-127,12],[-18,-13],[-2,94],[55,0]],[[45543,64867],[19,-53],[-54,-1],[-19,40],[54,14]],[[44548,64912],[19,-94],[56,-53],[-17,-121],[55,1],[1,-68],[-92,53],[17,94],[-55,27],[-17,-54],[19,-40],[-54,-14],[17,54],[-1,94],[36,-13],[17,67],[-55,67],[54,0]],[[44060,64908],[0,-54],[55,-26],[-90,-1],[16,108],[90,0],[-71,-27]],[[37496,64796],[-17,-68],[-55,27],[-54,-14],[0,54],[35,40],[109,1],[71,54],[1,-80],[-90,-14]],[[44728,64981],[0,-40],[-72,-1],[-1,40],[73,1]],[[37422,64902],[109,-25],[-163,-15],[54,40]],[[44003,65082],[-18,-40],[-127,-2],[36,28],[109,14]],[[44834,65116],[-17,-94],[20,-80],[-73,26],[35,67],[-1,81],[36,0]],[[37274,65103],[20,-81],[-74,80],[54,1]],[[37510,65078],[-37,0],[2,-68],[-36,-13],[-1,67],[-109,-1],[-19,67],[90,-13],[19,-27],[91,-12]],[[43476,65212],[-18,-27],[-72,-14],[36,40],[54,1]],[[40547,65132],[-17,-54],[-72,-27],[53,67],[-72,-27],[18,40],[90,14],[53,55],[-17,-54],[-36,-14]],[[44977,65238],[36,-26],[-72,-14],[2,-108],[-37,13],[17,108],[54,27]],[[37127,65222],[56,-53],[1,-67],[-36,-1],[-20,67],[-36,40],[35,14]],[[37904,65323],[18,-27],[145,-25],[1,-27],[-73,-1],[18,27],[-127,13],[18,40]],[[37234,65344],[1,-40],[54,-13],[-17,-54],[20,-94],[-54,-27],[17,40],[-54,0],[35,67],[-37,54],[-126,-28],[-1,26],[-72,0],[90,54],[18,-26],[108,14],[18,27]],[[37396,65386],[1,-54],[-91,26],[0,27],[90,1]],[[37904,65323],[-55,0],[0,40],[-72,-14],[17,40],[90,1],[20,-67]],[[43798,65429],[54,14],[19,-80],[-72,26],[-1,40]],[[44503,65449],[1,-54],[54,-13],[1,-40],[-91,53],[35,54]],[[43798,65429],[-36,-40],[-36,13],[17,67]],[[43743,65469],[55,-40]],[[37106,65410],[1,-67],[-90,-1],[72,28],[17,40]],[[37740,65375],[-19,41],[54,14],[-35,-55]],[[43743,65469],[-38,94],[54,14],[19,-54],[-35,-54]],[[44934,65641],[-55,26],[91,15],[-36,-41]],[[32329,65542],[2,-68],[-54,-13],[16,94],[54,27],[-18,-40]],[[43721,65724],[1,-80],[-36,-14],[-1,67],[36,27]],[[37880,65686],[0,-54],[73,-26],[-126,-15],[-1,81],[54,14]],[[42616,65795],[37,-13],[-18,-40],[-54,39],[35,14]],[[43629,65791],[-1,67],[36,0],[-35,-67]],[[42561,65875],[36,-13],[19,-53],[-54,-1],[-37,53],[36,14]],[[37877,65874],[55,-54],[1,-67],[-90,-27],[-2,80],[-73,67],[109,1]],[[44497,65825],[-18,-27]],[[44479,65798],[18,27]],[[44479,65798],[-17,-54],[36,1],[-19,53]],[[44497,65825],[36,14],[-1,54],[36,0],[2,-81],[36,1],[1,-67],[-55,13]],[[44552,65759],[1,-68],[-53,-40],[1,-94],[-126,-2],[-72,-14],[16,81],[-90,-1],[35,54],[19,-40],[72,28],[91,-26],[-19,53],[-54,0],[53,41],[-19,80]],[[44407,65811],[-73,-1],[53,81],[-72,0],[72,27],[17,41],[55,-13],[37,-54],[1,-67]],[[44189,65876],[18,0]],[[44207,65876],[0,14]],[[44207,65890],[-18,-14]],[[44189,65876],[-55,0],[-1,80],[72,28],[72,0],[-16,-94],[36,1],[-35,-54],[-91,-1],[18,40]],[[44258,66092],[-18,-54],[-37,67],[55,-13]],[[44312,66052],[-1,81],[36,13],[1,-67],[-36,-27]],[[43930,66196],[38,-93],[-73,26],[-1,54],[36,13]],[[44201,66252],[-17,-80],[-55,13],[18,54]],[[44147,66239],[-1,26]],[[44146,66265],[55,-13]],[[43531,66287],[37,-54],[-17,-40],[54,14],[18,-40],[-108,12],[19,-80],[-37,40],[-2,134],[36,14]],[[44036,66345],[19,-54],[-17,-40],[-74,80],[72,14]],[[44000,66385],[0,-27],[-109,26],[109,1]],[[44146,66265],[-54,27],[-1,40],[71,54],[37,-53],[-35,-14],[-18,-54]],[[37422,66017],[-18,0]],[[37404,66017],[18,0]],[[37404,66017],[-18,-27]],[[37386,65990],[18,27]],[[37169,65988],[1,-53],[37,-27],[108,-12],[-19,67],[-127,25]],[[37093,66243],[54,-27],[18,54],[-72,-27]],[[43889,66505],[20,-80],[-55,-1],[-1,67],[36,14]],[[44631,66512],[0,-41],[-90,-14],[-18,27],[90,0],[18,28]],[[44703,66499],[37,-40],[1,-54],[-73,26],[-19,54],[54,14]],[[38663,66472],[19,-54],[-54,-14],[-37,27],[72,41]],[[44307,66388],[163,-12],[-90,-28],[-35,-81],[2,-80],[-127,12],[-19,53]],[[44201,66252],[-19,41],[54,14],[1,-54],[36,0],[-1,81],[-36,-14],[-3,161],[91,1],[18,-40],[109,14],[-55,27],[-1,40],[91,-40],[-53,-67],[-54,13],[-72,-41]],[[44289,66361],[2,-108],[36,27],[-38,81]],[[45082,66569],[2,-121],[-19,27],[17,94]],[[43888,66599],[1,-67],[-36,-14],[-1,81],[36,0]],[[44701,66620],[55,0],[-18,-40],[-54,-1],[17,41]],[[41264,66643],[73,-40],[-108,13],[35,27]],[[41518,66645],[-17,-94],[-19,27],[-72,-1],[18,27],[72,14],[18,27]],[[37864,66653],[19,-67],[-180,-29],[17,41],[126,14],[18,41]],[[45241,66772],[1,-40],[72,14],[-53,-54],[-55,13],[-37,67],[72,0]],[[37610,66691],[-36,-41],[37,-13],[-1,54]],[[44483,66712],[1,-54],[108,-12],[-125,-55],[-2,80],[-36,0],[1,-54],[-181,-1],[-18,26],[72,-12],[72,27],[70,148],[72,14],[2,-80],[-36,-27]],[[44010,66855],[37,-40],[-54,-14],[-19,54],[36,0]],[[44173,66884],[1,-81],[-36,0],[-2,80],[37,1]],[[44860,66849],[-36,27],[90,28],[-54,-55]],[[43377,66850],[1,-41],[-55,13],[-1,67],[36,14],[19,-53]],[[43377,66850],[-1,67],[54,14],[1,-67],[-54,-14]],[[38981,66918],[1,-54],[-73,0],[0,53],[72,1]],[[44407,66939],[1,-67],[-36,0],[-20,80],[90,28],[-35,-41]],[[43700,67014],[36,27],[-17,-67],[-108,-15],[-55,13],[-17,-40],[-72,-28],[-1,67],[72,14],[35,54],[127,-25]],[[40932,67056],[37,-53],[-72,-1],[-1,54],[36,0]],[[44838,67091],[-71,-81],[-36,40],[54,0],[53,41]],[[43861,67109],[20,-67],[-54,-27],[-2,94],[36,0]],[[43318,67145],[1,-67],[-72,12],[-1,54],[72,1]],[[39142,67000],[-54,0],[-1,40],[-54,-1],[1,-53],[-54,-1],[-37,67],[35,27],[55,-13]],[[39033,67066],[17,54],[55,-26],[0,-41],[145,2],[54,40],[-17,-80],[-36,-41],[-199,-2],[90,28]],[[43480,67186],[1,-40],[-72,-27],[-1,40],[72,27]],[[38273,67086],[-37,13],[72,55],[36,0],[-71,-68]],[[40912,67190],[19,-53],[-55,26],[-1,54],[37,-27]],[[43696,67269],[20,-107],[-36,-14],[-2,94],[18,27]],[[44564,67290],[37,-80],[-54,13],[1,-81],[-36,0],[17,94],[35,54]],[[43569,67268],[37,-27],[-36,-27],[2,-94],[54,1],[-35,-41],[-55,26],[-2,108],[-19,53],[54,1]],[[44836,67266],[-109,-15],[108,41],[1,-26]],[[44183,67367],[38,-120],[-17,-54],[-36,-14],[-55,53],[-72,-14],[34,95],[55,-54],[35,81],[-54,13],[72,14]],[[43495,67428],[19,-80],[-55,13],[-1,67],[37,0]],[[44850,67467],[0,41],[90,14],[-90,-55]],[[44978,67441],[16,81],[37,-26],[-16,-121],[-55,26],[18,40]],[[43947,67405],[-36,-13],[1,-54],[-90,-41],[0,40],[-54,-14],[-1,41],[109,-26],[-38,93],[-1,68],[72,14],[1,-54],[90,1],[-18,40],[17,54],[181,1],[-36,-40],[73,0],[37,-66],[145,-13],[0,-26],[-144,-2],[-73,-14],[-36,40],[-1,54],[-109,-1],[1,-40],[-90,-42]],[[43294,67507],[-36,0],[108,68],[-36,-68],[-36,0]],[[39875,67557],[-16,-107],[72,-27],[0,27],[108,1],[19,-26],[-108,-15],[1,-80],[-55,66],[-109,13],[17,81],[54,0],[-19,67],[36,0]],[[45246,67632],[0,-40],[-109,52],[127,2],[-18,-14]],[[43472,67683],[-53,-40],[-109,26],[162,14]],[[43563,67698],[18,-14],[1,-94],[-35,-40],[-3,147],[19,1]],[[43091,67747],[-36,27],[72,14],[-36,-41]],[[38352,67785],[55,-39],[-163,12],[-54,-28],[-1,41],[163,14]],[[43868,67848],[-54,-14],[-20,67],[91,-12],[-17,-41]],[[43468,67965],[37,-53],[-73,-1],[0,54],[36,0]],[[39940,67988],[19,-67],[-33,-162],[-36,-27],[2,-107],[-55,53],[17,67],[36,1],[17,80],[-2,94],[36,1],[-1,67]],[[43069,68002],[2,-94],[19,-40],[-55,13],[-1,54],[-36,13],[35,81],[72,14],[-36,-41]],[[43376,68045],[37,-40],[1,-67],[-36,-27],[-72,-1],[72,41],[-19,54],[-55,-1],[-71,-41],[35,68],[108,14]],[[38547,68016],[-54,-1],[-1,40],[127,2],[-72,-41]],[[39904,67987],[-19,54],[18,40],[54,14],[-17,-94],[-36,-14]],[[45834,68201],[55,-66],[-72,-41],[17,107]],[[43373,68247],[55,-67],[-90,-28],[-1,54],[36,41]],[[44349,68255],[55,-13],[-18,-27],[-72,27],[-1,40],[72,1],[-36,-28]],[[38670,68245],[-53,-94],[-55,39],[108,55]],[[43500,68234],[-1,68],[90,-13],[-35,-68],[72,28],[1,-54],[54,14],[73,-26],[-36,-27],[-127,-1],[-19,53],[-17,-40],[-90,-15],[35,81]],[[43840,68412],[-16,-81],[-73,13],[54,41],[-2,80],[109,15],[-72,-68]],[[39951,68471],[18,-40],[-90,13],[72,27]],[[45919,68511],[38,-94],[-72,-14],[-1,41],[-55,26],[72,54],[18,-13]],[[38865,68502],[53,68],[1,-54],[-54,-14]],[[43350,68555],[-73,0],[90,54],[-17,-54]],[[39951,68471],[-2,81],[126,41],[-53,-67],[-54,-1],[-17,-54]],[[44704,68675],[-17,-67],[-19,67],[36,0]],[[43529,68678],[19,-80],[-72,-1],[53,81]],[[43837,68640],[-37,27],[90,28],[-53,-55]],[[43728,68680],[54,-13],[-72,-28],[18,41]],[[40380,68731],[1,-41],[-71,-54],[-199,-15],[-55,26],[109,14],[126,2],[89,68]],[[43708,68747],[-17,-27],[-91,12],[18,27],[90,-12]],[[40290,68743],[0,-40],[-54,-1],[-19,41],[73,0]],[[43780,68801],[-54,0],[35,54],[36,0],[-17,-54]],[[38950,68825],[1,-54],[-90,-27],[35,81],[54,0]],[[40107,68876],[92,-93],[-90,-15],[-1,41],[-109,39],[72,1],[36,27]],[[43452,68919],[-35,-54],[1,-54],[-54,0],[34,94],[54,14]],[[40380,68731],[-54,39],[-2,67],[-54,13],[-72,-27],[-1,40],[73,1],[-19,40],[146,-52],[2,-121],[-19,0]],[[43598,68867],[18,27],[-20,67],[37,0],[2,-134],[-54,-1],[-18,-40],[-90,-1],[-37,40],[35,54],[127,-12]],[[43759,68962],[73,-40],[-145,13],[72,27]],[[40432,68892],[-91,13],[109,28],[-18,-41]],[[45841,68846],[37,-26],[-90,-28],[-20,107],[-36,0],[-1,54],[72,27],[-1,54],[72,41],[0,-40],[-53,-28],[90,-12],[36,27],[-17,-68],[-36,-13],[19,-40],[-91,12],[19,-67]],[[45858,68927],[35,54],[-54,0],[-17,-54],[36,0]],[[45476,69098],[0,-54],[91,-26],[-108,-1],[-19,67],[36,14]],[[43178,69105],[1,-41],[54,-26],[-90,-1],[-1,67],[36,1]],[[42942,69183],[19,-94],[-36,13],[-19,54],[36,27]],[[43178,69105],[53,67],[-54,27],[108,14],[-53,-94],[-54,-14]],[[45510,69206],[1,-67],[-36,13],[35,54]],[[43465,69242],[73,-27],[-108,-54],[-18,40],[54,0],[-1,41]],[[42705,69275],[1,-27],[-127,-1],[126,28]],[[42850,69276],[-36,0],[17,54],[36,14],[-17,-68]],[[43589,69404],[55,-13],[-35,-81],[-20,94]],[[42449,69474],[1,-80],[-55,13],[17,67],[37,0]],[[43118,69494],[0,-54],[37,-27],[-72,-14],[-163,-1],[18,40],[108,15],[72,41]],[[43427,69349],[-72,-14],[37,-40],[35,54]],[[43427,69349],[37,-40],[36,27],[37,-40],[-181,-15],[-53,-41],[-3,148],[18,40],[-54,-27],[-55,13],[-17,-67],[-1,94],[54,-13],[54,54],[72,1],[-17,-68],[54,28],[72,-13],[-53,-81]],[[43624,69485],[-72,-1],[35,68],[36,0],[1,-67]],[[42646,69584],[36,-27],[-90,-1],[-18,-27],[-54,13],[35,41],[91,1]],[[45414,69528],[-54,-1],[17,54],[36,0],[1,-53]],[[42772,69612],[1,-54],[-36,-14],[-19,67],[54,1]],[[45539,69636],[19,-27],[-73,0],[-36,26],[90,1]],[[45483,69757],[1,-81],[-72,-1],[71,82]],[[45410,69823],[-18,-27],[-55,26],[73,1]],[[45483,69757],[-54,-14],[-1,53],[72,28],[-90,-1]],[[45410,69823],[53,41]],[[45463,69864],[36,0],[20,-80],[-36,-27]],[[56031,52411],[17,-56]],[[56058,52277],[-5,-13]],[[56050,52257],[1,-60],[-32,-14]],[[56585,52691],[-5,-6]],[[56986,53172],[8,-10]],[[56995,53116],[-18,-6]],[[57243,53405],[-27,-3]],[[57797,53448],[43,-40],[-91,-1],[-55,107],[-37,13],[-72,-41],[36,54],[92,1]],[[57732,53514],[3,-27]],[[57748,53477],[24,-16]],[[57785,53452],[6,-4]],[[57978,53829],[-12,-71]],[[57961,53737],[-9,-46]],[[58548,54353],[-36,-3]],[[58422,54335],[-21,-9]],[[58350,54301],[-3,-2]],[[58332,54290],[-41,-86]],[[58275,54137],[-4,-14]],[[58834,54625],[15,14]],[[58831,54719],[74,-26],[19,-53],[-54,-55],[-109,17]],[[58819,54612],[14,13]],[[58727,54624],[-56,0],[17,27],[-90,13],[-19,26],[54,6]],[[58795,54800],[-9,13]],[[58777,54826],[-1,2]],[[58758,54856],[-8,10]],[[58757,54922],[36,-28]],[[58793,54894],[17,87]],[[58819,54988],[11,-121],[36,-26],[2,-95],[-53,13]],[[58774,54946],[-9,-12]],[[59930,55040],[-17,-43],[-55,0],[18,41]],[[59080,55064],[-31,-7]],[[58990,55052],[-19,-1]],[[58935,55055],[-19,1]],[[58899,55044],[-22,-15]],[[59549,55145],[-127,-4],[36,14],[-73,26],[-18,27]],[[59403,55209],[9,-1]],[[59476,55185],[5,-3]],[[59494,55174],[10,-6]],[[60085,55200],[24,-67],[-36,0],[2,-94],[-18,0],[-2,109]],[[59349,55201],[-19,-7]],[[61643,55332],[-36,12]],[[61602,55348],[-115,25]],[[60166,55456],[28,55]],[[60207,55524],[6,-94],[-48,13]],[[61227,55411],[9,14]],[[61244,55438],[10,14]],[[61261,55463],[-1,65]],[[61284,55519],[-5,-34]],[[60954,55467],[-36,10]],[[61224,55530],[-99,-39]],[[62272,55571],[-18,-8]],[[74511,32791],[-109,-1],[1,-40],[-54,-14],[-1,40],[36,28],[145,1],[-18,-14]],[[63990,33120],[-109,-1],[54,55],[126,1],[-54,-14],[-17,-41]],[[60736,33227],[19,-94],[-72,0],[-1,80],[54,14]],[[59266,33604],[-53,-54],[-109,26],[108,1],[54,27]],[[58977,33602],[-36,-14],[17,68],[36,0],[-17,-54]],[[58469,33732],[91,-13],[36,-26],[-126,-1],[-1,40]],[[57999,33782],[0,-27],[-163,-2],[54,28],[109,1]],[[73573,33912],[-18,-27],[-163,-1],[0,13],[163,1],[18,14]],[[73226,34164],[0,-26],[-72,-1],[-37,27],[-36,-14],[1,-40],[-36,-14],[35,94],[54,1],[18,-41],[73,14]],[[59078,34113],[91,-93],[73,-13],[-18,-27],[-72,0],[-37,66],[-72,-14],[-1,54],[36,27]],[[82060,34304],[19,-40],[-73,-1],[18,40],[36,1]],[[59040,34207],[37,-80],[-36,-1],[-37,81],[36,0]],[[58928,34461],[2,-147],[-18,26],[-2,121],[18,0]],[[61439,34483],[36,-14],[1,-53],[-36,-14],[-1,81]],[[58690,34674],[109,-39],[-145,-1],[36,40]],[[76539,34957],[54,-13],[19,-40],[-55,27],[-72,-1],[54,27]],[[76322,34969],[-19,27],[36,40],[54,14],[-17,-54],[-54,-27]],[[75631,35272],[34,95],[36,14],[-16,-95],[-54,-14]],[[69971,35481],[1,-27],[-109,-14],[54,41],[54,0]],[[58583,35735],[108,1],[19,-27],[-163,-2],[-1,94],[54,14]],[[58600,35815],[-36,-27],[19,-53]],[[59630,35824],[-35,-81],[-91,13],[0,40],[90,1],[36,27]],[[58635,35883],[1,-54],[-36,-14]],[[58600,35815],[-1,27],[-72,0],[1,-54],[-37,53],[144,42]],[[65030,36004],[91,-53],[-72,-1],[37,-53],[-55,13],[-1,94]],[[58635,35883],[35,54],[54,14],[145,-12],[18,27],[72,0],[-17,-54],[-91,-14],[-17,-40],[-163,-2],[-36,27]],[[69383,36134],[19,-80],[-71,-27],[-1,53],[53,54]],[[62190,36168],[-35,-67],[-144,-15],[18,27]],[[62029,36113],[-1,27]],[[62028,36140],[-90,-1],[17,27],[163,2],[36,27],[90,1],[-54,-28]],[[56515,36254],[19,-40],[-91,-1],[72,41]],[[71837,36397],[54,-13],[-35,-28],[-55,0],[36,41]],[[71908,36464],[0,41],[126,1],[-35,-54],[-91,12]],[[72500,36738],[20,-94],[-36,-27],[-20,107],[36,14]],[[71344,36742],[1,-94],[-54,26],[-1,54],[54,14]],[[69952,36744],[19,-54],[-107,-81],[-19,67],[54,-13],[53,81]],[[69952,36744],[17,107],[1,-94],[-18,-13]],[[72985,36970],[90,-12],[0,40],[-36,-27],[-18,27],[-36,-28]],[[72985,36970],[-1,41],[163,1],[36,-13],[19,-67],[-72,13],[-109,-1],[-36,26]],[[56360,36898],[36,0],[19,-53],[-54,-14],[-53,-54],[-18,26],[70,95]],[[72026,37056],[37,-40],[-35,-94],[-19,54],[-36,-27],[-54,26],[-1,27],[108,54]],[[56250,37004],[-144,-1],[-19,27]],[[56087,37030],[163,-26]],[[57533,37056],[18,-54],[55,-26],[-72,-1],[-35,-67],[16,94],[-90,12],[-1,27],[109,15]],[[56087,37030],[-26,0]],[[56061,37030],[-14,26]],[[56047,37056],[40,-26]],[[56360,36898],[-18,0],[-1,94],[-91,12]],[[56250,37004],[18,54],[109,-52],[-17,-108]],[[62277,37606],[-71,-81],[-37,27],[36,40],[72,14]],[[62201,37834],[1,-40],[90,1],[-72,-28],[2,-107],[-37,53],[-2,121],[18,0]],[[62235,37955],[19,-67],[-54,0],[-1,67],[36,0]],[[70494,37998],[-36,-28],[-90,-14],[-1,27],[55,1],[17,27],[55,-13]],[[70494,37998],[72,14],[18,-27],[-90,-28],[0,41]],[[59629,38215],[54,-13],[1,-67],[-72,27],[17,53]],[[59970,38353],[55,-40],[-72,-14],[17,54]],[[72420,38497],[36,-13],[2,-94],[-18,0],[-2,81],[-54,-1],[-18,27],[54,0]],[[60150,38408],[37,-53],[-35,-81],[-55,39],[55,1],[-38,94],[36,0]],[[60475,38464],[18,-53],[-72,-1],[19,-26],[90,14],[-54,-54],[-108,12],[-1,81],[108,27]],[[59915,38406],[-35,-27],[19,-94],[-36,-27],[-2,121],[-180,-15],[37,-27],[1,-67],[-55,13],[-36,-27],[0,53],[-37,27],[72,1],[-1,107],[35,41],[-16,-94],[90,0],[90,41],[108,15],[36,27],[18,-40],[-72,-1],[-36,-27]],[[70937,38579],[18,-40],[-72,13],[-1,27],[55,0]],[[60150,38408],[90,54],[35,54],[55,-39],[-53,-68],[-55,40],[-72,-41]],[[60437,38585],[0,-27],[90,1],[1,-27],[-73,13],[-17,-54],[-54,13],[-19,54],[72,27]],[[71206,38702],[1,-40],[-73,13],[-34,-121],[-73,-1],[36,27],[17,81],[36,40],[90,1]],[[62241,38761],[37,-80],[-54,27],[-19,53],[36,0]],[[59693,38753],[19,-26],[-73,-1],[1,-40],[-90,-1],[-1,27],[73,-13],[17,54],[54,0]],[[58969,38801],[1,-27],[-72,-1],[71,28]],[[60451,38840],[19,-67],[-36,-13],[-1,53],[-36,-13],[-37,40],[91,0]],[[62240,38856],[36,0]],[[62276,38856],[18,-27],[-90,-14],[-19,40],[55,1]],[[59892,38715],[-36,-1],[17,95],[72,41],[0,-41],[-54,-14],[56,-107],[-90,0],[35,27]],[[65510,38896],[55,-26],[-72,-41],[17,67]],[[58969,38801],[0,40]],[[58969,38841],[18,-26],[126,68],[36,-40],[-90,-1],[-35,-54],[-55,13]],[[58969,38841],[-1,27],[-108,13],[126,1],[-17,-41]],[[62131,38881],[36,-26],[-72,-14],[17,67],[54,14],[-35,-41]],[[60504,38908],[-90,-54],[0,40],[90,14]],[[60631,38896],[-72,-14],[-1,40],[73,-26]],[[62058,38894],[1,-27],[-73,0],[72,27]],[[57034,38905],[-108,-41],[-18,40],[126,1]],[[62276,38856],[-36,0]],[[62240,38856],[-1,40],[-54,-14],[36,41],[-73,39],[144,1],[-16,-107]],[[59166,38977],[0,-40],[-54,-1],[-54,-40],[-1,80],[55,-26],[54,27]],[[59744,38996],[90,-27],[-35,-54],[-72,-14],[-37,54],[54,41]],[[60972,39046],[18,-40],[-71,-41],[17,68],[36,13]],[[56672,38956],[-108,-28],[-73,40],[-37,67],[54,14],[19,-67],[163,1],[35,27],[19,-40],[-72,-14]],[[60032,39065],[-18,-13]],[[60014,39052],[18,13]],[[60014,39052],[-36,-1],[0,-53],[36,54]],[[60032,39065],[0,-54],[55,1],[-90,-55],[-54,0],[16,108],[36,27],[37,-27]],[[67259,39153],[37,-27],[-17,-67],[-73,13],[53,81]],[[60446,39122],[19,-40],[-144,-1],[90,14],[35,27]],[[59488,39141],[1,-40],[54,14],[-36,-41],[-72,13],[53,54]],[[61024,39154],[55,-13],[-35,-67],[-19,40],[-55,26],[54,14]],[[57716,39207],[19,-67],[37,-27],[-91,-1],[55,-26],[-17,-67],[-36,-14],[-1,81],[-72,-1],[-1,27],[108,41],[-1,54]],[[62055,39136],[-36,-27],[-72,-1],[35,27],[0,54],[108,1],[-1,54],[72,0],[-53,-27],[19,-94],[-54,-27],[-18,40]],[[59594,39317],[19,-54],[-54,-14],[73,-53],[-72,0],[-55,26]],[[59505,39222],[1,-27],[-109,13],[-1,40],[90,14],[18,54]],[[59504,39316],[72,27],[18,-26]],[[59684,39344],[55,-39],[-72,-1],[17,40]],[[61597,39535],[19,-53],[-73,-1],[54,54]],[[61703,39644],[1,-27],[-127,-1],[126,28]],[[66198,39990],[0,54],[54,1],[-17,-81],[-54,-14],[17,40]],[[58516,40046],[37,-26],[-54,-41],[-18,40],[35,27]],[[78248,40345],[-17,-67],[-36,-14],[-19,67],[72,14]],[[61090,40767],[36,-13],[-16,-108],[-18,0],[-2,121]],[[61758,40826],[37,-53],[54,-13],[19,-81],[-54,27],[17,40],[-91,26],[18,54]],[[59099,40965],[1,-54],[-37,13],[36,41]],[[55290,40932],[-4,8]],[[55286,40940],[-4,6]],[[55282,40946],[-15,23]],[[55267,40969],[-2,4]],[[55265,40973],[-8,13]],[[55257,40986],[46,0],[-13,-54]],[[59622,41037],[19,-81],[-109,40],[54,0],[36,41]],[[59441,41035],[19,-40],[-73,-1],[-35,-54],[-72,0],[1,-94],[-36,13],[-19,80],[17,27],[109,1],[17,54],[72,14]],[[55789,41098],[-1,94],[36,0],[-35,-94]],[[59185,41234],[-109,13],[0,40],[144,1],[-17,-27],[54,-26],[-72,-1]],[[59237,41369],[-17,-54],[-54,0],[35,40],[-19,41],[73,0],[-18,-27]],[[59815,41414],[55,-53],[-54,-27],[-37,67],[36,13]],[[76382,41862],[73,-13],[-18,-41],[-73,27],[-17,-27],[-54,-1],[89,55]],[[76652,41971],[-54,-27],[17,54],[36,-13],[18,40],[36,1],[-53,-55]],[[66941,42267],[1,-54],[-54,-13],[-37,26],[90,41]],[[57778,42230],[-108,-14],[17,27],[91,-13]],[[58447,42222],[-17,-54],[-19,54],[72,27],[-1,27],[72,1],[-17,-27],[-90,-28]],[[58607,42371],[109,1],[-90,-27],[-36,-41],[17,67]],[[79987,42523],[1,-67],[-36,26],[-1,40],[36,1]],[[58607,42371],[-73,27],[145,1],[-72,-28]],[[78955,42635],[19,-53],[-90,-15],[0,27],[72,1],[-1,40]],[[79751,42601],[0,27],[54,14],[1,-67],[-109,-1],[37,-13],[1,-54],[-36,-14],[17,54],[-36,0],[-1,54],[72,0]],[[79913,42656],[37,-26],[-73,-1],[36,27]],[[59707,42542],[1,-67],[-72,-1],[35,68],[36,0]],[[59075,42523],[-72,-27],[-109,12],[72,41],[0,-27],[109,1]],[[63247,42693],[37,-40],[-72,-1],[-37,40],[72,1]],[[54773,42513],[-54,0],[-19,94],[53,27],[1,-54],[109,-39],[1,-40],[-91,12]],[[58833,42991],[54,-40]],[[58887,42951],[145,-12],[0,14],[126,14],[38,-80],[-91,-1],[-18,27],[-145,-15],[-72,13],[-19,40],[-54,13],[36,27]],[[58705,43030],[38,-66],[-55,-1],[-37,67],[54,0]],[[60169,43070],[1,-54],[-54,-41],[-1,54],[37,-13],[17,54]],[[59241,43478],[-145,-1],[54,27],[108,1],[-17,-27]],[[59275,43586],[19,-13],[-17,-81],[-19,54],[17,40]],[[63701,43745],[-90,-41],[18,53],[72,-12]],[[65447,44270],[18,-54],[-54,13],[36,41]],[[54077,44267],[-18,40],[71,28],[2,-108],[-90,-1],[35,41]],[[53561,44330],[-9,24]],[[53552,44354],[9,-24]],[[67341,44501],[19,-54],[-36,-14],[-19,54],[36,14]],[[54021,44401],[1,-40],[72,14],[-18,-27],[-90,-15],[-19,41],[54,27]],[[61715,44803],[72,-13],[-71,-41],[-1,54]],[[89257,45271],[-37,0],[0,54],[72,-13],[-35,-41]],[[88147,45719],[37,-13],[-54,-41],[17,54]],[[53604,45638],[34,-45]],[[53638,45593],[-15,-40],[-19,85]],[[57629,46031],[-17,-54],[54,-13],[-35,-81],[-1,67],[-54,-1],[17,68],[36,14]],[[60050,46092],[1,-68],[-73,40],[72,28]],[[82045,46436],[-18,-14]],[[82027,46422],[18,14]],[[82045,46436],[18,-40],[-90,12],[-72,-14],[-37,27],[90,0],[36,28],[55,-13]],[[61618,46387],[-90,-14],[-36,13],[35,40],[19,-40],[162,42],[-18,-27],[-72,-14]],[[61000,46637],[-108,-28],[35,27],[73,1]],[[82654,46803],[36,-26],[-54,-14],[-72,13],[17,40],[73,-13]],[[56624,46734],[20,-134],[-54,-28],[17,41],[-19,80],[36,41]],[[56982,46952],[20,-121],[-73,40],[36,14],[17,67]],[[61555,46991],[-73,-1],[72,55],[1,-54]],[[68097,47086],[-19,41],[91,14],[-18,-41],[-54,-14]],[[73736,47201],[90,-13],[-35,-41],[-37,27],[-90,-1],[72,28]],[[68420,47250],[0,-27],[-108,26],[108,1]],[[68728,47199],[-19,40],[55,1],[35,40],[1,-53],[-72,-1],[0,-27]],[[57318,47412],[73,-13],[-54,-41],[-72,-1],[53,55]],[[57589,47427],[54,-13],[1,-53],[-54,-1],[18,41],[-54,-28],[-73,0],[0,27],[72,0],[36,27]],[[59758,47432],[19,-40],[-36,-13],[17,53]],[[57607,47441],[-19,40],[72,28],[-53,-68]],[[53376,47485],[19,-40],[72,-13],[1,-53],[-54,-1],[17,54],[-72,-1],[-37,54],[54,0]],[[57928,47699],[1,-40],[-54,-14],[53,54]],[[65519,47844],[0,-27],[-127,26],[127,1]],[[54365,47816],[55,-26],[-127,-1],[72,27]],[[65553,47938],[1,-40],[-73,13],[72,27]],[[67306,47993],[1,-67],[-73,26],[72,41]],[[59316,47966],[19,-40],[90,14],[0,-27],[-108,-14],[-36,26],[35,41]],[[57634,48046],[19,-67],[-72,-28],[35,41],[-18,53],[36,1]],[[57326,48057],[55,-40],[-72,-14],[17,54]],[[66706,48190],[21,-134],[-55,-1],[-1,67],[35,68]],[[66326,48227],[1,-40],[127,-26],[-54,-27],[-55,26],[-53,-27],[-2,80],[36,14]],[[66307,48321],[-17,-94],[-19,67],[36,27]],[[65655,48356],[19,-41],[-72,0],[53,41]],[[57682,48422],[18,27],[72,1],[-17,-41],[-55,0],[19,-54],[-36,14],[-1,53]],[[55493,48524],[19,-40],[-72,-14],[-19,54],[72,0]],[[57682,48422],[-37,54],[-73,39],[108,15],[2,-108]],[[57462,48635],[1,-94],[55,-26],[-72,-1],[-37,27],[36,27],[17,67]],[[58059,48614],[-54,-1],[53,54],[1,-53]],[[57225,48727],[1,-67],[-35,-14],[-1,54],[35,27]],[[76042,48912],[-19,41],[109,0],[0,-26],[-90,-15]],[[57891,48935],[1,-54],[-37,26],[-54,-13],[0,40],[90,1]],[[68248,49049],[1,-27],[-91,0],[-35,-41],[-1,67],[126,1]],[[68030,49114],[55,-13],[0,-40],[-54,-14],[1,-40],[-72,-27],[70,134]],[[57545,49079],[-35,-81],[-144,-14],[1,-54],[-36,-14],[-1,68],[54,40],[90,-12],[71,67]],[[74426,49410],[55,-67],[-72,-1],[17,68]],[[74607,49398],[-36,-41],[-72,13],[143,68],[-35,-40]],[[52174,49235],[73,-27],[-109,-1],[36,28]],[[64770,49517],[1,-54],[-145,12],[72,41],[72,1]],[[64951,49518],[0,-26],[73,-13],[0,-54],[-54,0],[36,40],[-127,-1],[18,41],[54,13]],[[64877,49585],[37,-53],[-54,-14],[17,67]],[[55497,49451],[-1,41],[72,0],[1,-27],[-72,-14]],[[64605,49636],[36,14]],[[64641,49650],[19,-40],[-36,-27],[73,1],[-54,-55],[0,41],[-54,-14],[16,80]],[[64641,49650],[-36,-14]],[[64605,49636],[-36,0],[-1,67],[90,15],[-17,-68]],[[65960,49729],[37,-54],[1,-81],[-54,0],[-2,107],[-54,27],[72,1]],[[64785,49732],[-19,40],[72,1],[-53,-41]],[[64657,49825],[0,-27]],[[64657,49798],[-108,-1],[17,27],[91,1]],[[64783,49853],[-72,-14],[1,-54],[-72,-14],[17,27]],[[64657,49798],[0,27]],[[64657,49825],[17,27],[109,1]],[[64783,49853],[90,28],[126,1],[-53,-28],[-55,13],[-18,-27],[-90,13]],[[62808,50118],[73,-53],[-90,-14],[17,67]],[[63061,50147],[19,-94],[-73,40],[54,54]],[[64001,50155],[-17,-67],[-19,54],[36,13]],[[64164,50130],[-72,-14],[18,27],[54,-13]],[[62699,50158],[1,-41],[-73,0],[-36,40],[108,1]],[[63639,50179],[1,-40],[-91,13],[-54,-14],[-1,40],[55,-13],[90,14]],[[61813,50164],[-18,26],[90,15],[-72,-41]],[[62517,50250],[1,-40],[-54,-14],[17,54],[36,0]],[[61739,50311],[72,14]],[[61811,50325],[-90,-68],[18,54]],[[63492,50353],[0,-54],[37,-40],[-54,-1],[17,95]],[[61811,50325],[-1,54],[-90,-15],[19,-53]],[[61739,50311],[-72,-14],[0,-27],[-72,-1],[-1,67],[108,-12],[-37,67],[89,68],[73,-40],[20,-80],[-36,-14]],[[63398,50540],[2,-94],[-37,13],[-1,81],[36,0]],[[61628,50444],[-1,67],[36,28],[36,-27],[-54,-14],[-17,-54]],[[65152,50568],[0,-40],[-108,12],[35,27],[73,1]],[[57468,50597],[1,-94],[-36,-1],[17,54],[-36,13],[54,28]],[[63289,50606],[-17,-54]],[[63272,50552],[-38,94],[-54,-1],[-1,68],[37,-40],[72,0],[0,-40],[91,-40],[145,2],[20,-108],[-73,13],[-19,81],[-90,-1],[-73,26]],[[62960,50818],[37,-40],[-108,-1],[-1,27],[72,14]],[[52674,50797],[-35,-81],[-36,-13],[-19,40],[90,54]],[[58476,50847],[73,-13],[0,-26],[-126,-2],[53,41]],[[52406,50835],[-4,5]],[[52402,50840],[35,63],[1,-67],[-32,-1]],[[52853,50906],[-19,27],[180,42],[127,1],[-108,-14],[-54,-28],[-72,0],[-54,-28]],[[57949,51044],[55,-40],[-91,-14],[-37,54],[73,0]],[[62721,51085],[1,-54],[-53,-81],[-19,40],[-54,-14],[35,108],[90,1]],[[57839,51097],[91,-13],[-54,-27],[-72,-1],[35,41]],[[58472,51129],[36,-13],[-35,-40],[-1,53]],[[62630,51124],[-36,-27],[0,54],[54,14],[37,-67],[-55,26]],[[53989,51091],[-108,-15],[-19,27],[181,2],[-54,-14]],[[53446,51086],[-108,-28],[-18,14],[90,27],[36,-13]],[[62592,51232],[37,-14],[-71,-94],[16,107],[18,1]],[[53771,51143],[-54,-28],[-73,40],[181,15],[-54,-27]],[[63748,51295],[-107,-95],[17,67],[90,28]],[[58506,51264],[0,-27],[90,14],[1,-27],[-91,0],[0,40]],[[64254,51313],[-17,-67],[-19,53],[36,14]],[[57728,51311],[19,-54],[-109,0],[0,40],[90,14]],[[62590,51393],[0,-41],[55,-12],[-127,-2],[72,55]],[[54618,51338],[18,-40],[-72,-1],[-19,40],[73,1]],[[54382,51403],[19,-94],[-36,0],[-1,94],[18,0]],[[62589,51447],[-35,-55],[-73,0],[0,54],[108,1]],[[57780,51419],[20,-94],[-36,-14],[-37,54],[36,0],[17,54]],[[55356,51519],[20,-94],[-37,13],[17,81]],[[57814,51580],[0,27],[126,1],[-36,-13],[55,-67],[-90,-1],[17,54],[-36,0],[1,-54],[-36,-41],[-126,-1],[-37,54],[72,0],[0,27],[90,14]],[[62459,51647],[73,-13],[1,-54],[72,-26],[-72,0],[-37,39],[-90,27],[53,27]],[[52191,51626],[18,-40],[-108,-1],[90,41]],[[52479,51655],[73,-12],[1,-68],[-127,-1],[-55,54],[36,27],[72,0]],[[64700,51733],[-54,-14],[-19,27],[73,-13]],[[65223,51805],[19,-40],[-36,-28],[1,-53],[-55,13],[71,108]],[[55100,51732],[1,-94],[-36,-27],[-1,94],[36,27]],[[52677,51724],[1,-53],[-109,25],[91,1],[17,27]],[[57721,51768],[0,-41],[-72,27],[72,14]],[[63812,51833],[1,-67],[-72,26],[-1,27],[72,14]],[[65223,51805],[-18,26],[36,1],[17,27],[91,0],[0,-26],[-126,-15],[0,-13]],[[60884,51835],[0,-27],[90,1],[-17,-41],[-37,27],[-126,-28],[90,68]],[[57774,51795],[-36,27],[72,0],[-36,-27]],[[55189,51773],[-18,53],[72,1],[-54,-54]],[[55061,51866],[19,-54],[-90,-14],[-35,-67],[-1,80],[107,55]],[[56815,51881],[72,-13],[-72,-14],[-16,-94],[-2,121],[18,0]],[[65221,51952],[0,-26],[91,0],[18,-40],[-72,0],[-91,26],[54,40]],[[66215,51988],[-145,12],[163,1],[-18,-13]],[[53669,51894],[0,-27],[-72,0],[-19,26],[91,1]],[[55006,51932],[-19,41],[91,0],[-72,-41]],[[56795,51988],[37,-53],[-90,12],[19,-107],[-73,53],[17,54],[-36,13],[17,54],[19,-40],[54,0],[17,54]],[[56776,52028],[19,-40]],[[56812,52042],[38,-67],[-55,13]],[[56795,51988],[-19,40]],[[56776,52028],[36,14]],[[57609,51982],[-37,13],[1,-67],[36,54]],[[57609,51982],[36,0],[-16,-134],[-36,-1],[17,68],[-36,-14],[1,-54],[-54,0],[16,80],[-1,94],[90,1],[-17,-40]],[[55637,52059],[1,-54],[-163,26],[144,14],[18,14]],[[56812,52042],[0,54],[35,40],[19,-67],[-54,-27]],[[62161,52209],[37,-40],[-90,-1],[-1,40],[54,1]],[[57371,52181],[-17,-94],[-36,0],[-1,53],[54,41]],[[75973,52311],[-53,-41],[-55,0],[0,26],[54,1],[-18,40],[126,1],[-54,-27]],[[62269,52236],[2,-67],[-37,0],[-1,81],[36,-14]],[[62088,52275],[-54,0],[-1,67],[54,14],[1,-81]],[[56392,52321],[55,-40],[72,0],[-17,-27],[-73,0],[74,-53],[56,-121],[36,-40],[73,14],[18,-26],[-108,-15],[-19,54],[-54,-1],[-1,54],[-55,13],[-1,81],[-54,13],[-1,40],[-54,-1],[0,-40],[-72,-1],[90,55],[35,41]],[[75807,52551],[1,-40],[54,-13],[-181,-1],[126,54]],[[56337,52414],[18,-27],[54,14],[1,-40],[-72,-14],[-1,40],[-72,0],[-19,26],[91,1]],[[57421,52450],[73,-53],[-17,-54],[-37,54],[-73,26],[54,27]],[[75680,52577],[91,-13],[-18,-27],[-145,13],[-18,26],[90,1]],[[75824,52645],[72,-26],[-126,-1],[54,27]],[[76003,52752],[26,-11]],[[76029,52741],[-80,-14],[15,41]],[[75964,52768],[33,-14]],[[75997,52754],[6,-2]],[[57182,52663],[1,-67],[37,-27],[2,-120],[-18,-41],[73,14],[54,-13],[-54,-41],[-72,27],[-17,-68],[-37,14],[36,40],[-19,54],[35,54],[-37,67],[-2,107],[18,0]],[[72079,52789],[0,-40],[-144,-15],[0,27],[126,1],[18,27]],[[53908,52756],[37,-27],[-108,-27],[71,54]],[[62942,53183],[36,-14],[-17,-40],[-73,26],[18,41],[36,-13]],[[62976,53317],[-35,-94],[-126,-42],[17,108],[36,0],[1,-67],[107,95]],[[57189,53375],[109,15],[-18,-41],[-72,-27],[-108,-15],[-1,41],[90,27]],[[66061,53746],[19,-53],[-72,-1],[53,54]],[[58299,54110],[2,-121],[-73,27],[54,27],[17,67]],[[58793,54894],[19,-41]],[[58812,54853],[-19,41]],[[76003,52752],[-6,2]],[[75964,52768],[57,13],[8,-40]],[[86776,50531],[-55,0],[18,27],[72,14],[0,27],[54,14],[-36,-54],[-53,-28]],[[87762,51063],[1,-40],[-35,-54],[-91,-1],[-18,-27],[-18,54],[108,1],[53,67]],[[87491,51088],[1,-67],[-109,12],[36,41],[72,14]],[[87687,51291],[-19,67],[35,41],[36,0],[1,-40],[-54,-14],[1,-54]],[[87845,51575],[19,-54],[-91,40],[72,14]],[[88185,51806],[2,-108],[-55,27],[53,81]],[[86016,51815],[19,-67],[-55,13],[-19,54],[55,0]],[[88453,52036],[36,14],[19,-40],[36,14],[1,-68],[-36,-13],[-19,53],[-72,0],[-1,67],[36,-27]],[[85643,52564],[1,-40],[54,1],[-18,-41],[-90,-1],[-1,54],[54,27]],[[85189,52668],[55,-26],[-36,-27],[-18,26],[-54,0],[-19,27],[72,0]],[[85353,52616],[-1,54],[36,13],[1,-67],[-36,0]],[[85079,52775],[73,-40],[-36,-14],[1,-40],[-36,13],[-1,54],[-73,-1],[72,28]],[[84807,52880],[72,-13],[1,-27],[-55,13],[-36,-27],[-18,27],[36,27]],[[78478,52909],[109,-53],[-17,-80],[-91,26],[-55,40],[18,53],[36,14]],[[87844,52931],[-19,41],[108,41],[-18,-41],[-54,0],[-17,-41]],[[76560,52961],[19,-27],[-73,-1],[-17,-40],[-72,-14],[-19,26],[55,1],[17,40],[90,15]],[[82489,53103],[-72,0],[35,40],[72,1],[-35,-41]],[[88761,53261],[1,-67],[-54,-14],[-19,27],[55,0],[-1,27],[-54,0],[72,27]],[[87134,53221],[-54,27],[54,0],[0,-27]],[[76629,53190],[18,-14],[2,-80],[-55,53],[-1,40],[72,41],[-36,-40]],[[88722,53436],[1,-54],[54,0],[19,-40],[-91,13],[0,40],[-90,-14],[-55,40],[108,1],[54,14]],[[80253,53891],[37,-27],[108,1],[37,-26],[-200,25],[18,27]],[[80107,53970],[-71,-81],[0,41],[-55,26],[-72,-1],[17,41],[37,-13],[144,-13]],[[80107,53970],[0,54],[90,-13],[-35,-40],[72,14],[-1,27],[55,0],[-1,27],[-72,-1],[-1,27],[91,-12],[1,-54],[-54,-27],[-108,-15],[-37,13]],[[86985,56042],[0,-41],[-72,13],[72,28]],[[83438,56161],[1,-27],[72,0],[-54,-27],[-36,13],[17,41]],[[83673,56203],[1,-54],[-37,0],[20,-67],[-55,53],[-73,13],[108,14],[-18,40],[54,1]],[[93600,56229],[-35,-14],[-19,40],[54,1],[0,-27]],[[82327,56716],[1,-40],[-36,-1],[0,-40],[-36,0],[35,67],[36,14]],[[89642,57366],[-54,-14],[-1,41],[72,0],[-17,-27]],[[94498,57929],[1,-27],[54,14],[18,-40],[-72,-28],[-36,27],[35,54]],[[85994,58224],[1,-68],[-36,27],[-1,40],[36,1]],[[89459,58722],[36,13],[1,-40],[-73,13],[36,14]],[[95477,59065],[18,-40],[-90,-1],[36,41],[36,0]],[[96567,59974],[0,-27],[-72,27],[72,0]],[[92217,60598],[73,-26],[0,-27],[-54,13],[-36,-27],[-19,53],[36,14]],[[85743,60573],[0,-27],[54,-13],[-17,-27],[-54,-1],[17,27],[-73,27],[73,14]],[[92469,60681],[55,-13],[0,-41],[-54,-14],[-1,68]],[[85922,60695],[0,-27],[-90,-1],[-19,27],[109,1]],[[92703,60790],[-55,-1],[-17,-53],[-19,53],[36,41],[36,-13]],[[92684,60817],[36,27],[72,14],[1,-41],[-72,-54],[-18,27]],[[89103,60855],[-2,81],[37,0],[0,-54],[-35,-27]],[[97293,61041],[37,-40],[-73,13],[36,27]],[[94488,61153],[55,-53],[-36,-14],[-55,54],[36,13]],[[93366,61185],[55,-27],[1,-53],[-56,80]],[[96422,61223],[-35,-41],[1,-67],[-38,107],[72,1]],[[97217,61336],[36,-26],[-72,-28],[36,54]],[[97163,61322],[-91,-14],[18,27],[90,14],[-17,-27]],[[97215,61471],[72,-13],[37,-27],[-127,-1],[-18,40],[36,1]],[[86142,61718],[-54,-1],[35,41],[72,41],[0,-27],[-54,-27],[1,-27]],[[82247,62103],[-17,-68],[-19,67],[36,1]],[[81740,62193],[37,-67],[36,-27],[-109,26],[36,68]],[[80708,62211],[1,-40],[-72,-28],[-1,67],[72,1]],[[84540,62404],[-17,-95],[-54,0],[36,41],[-1,53],[36,1]],[[97149,63539],[-1,67],[72,1],[-71,-68]],[[87267,63957],[72,-13],[19,-40],[-91,13],[0,40]],[[94117,64281],[2,-81],[-37,14],[-19,55],[54,12]],[[557,18311],[-55,17],[0,40],[102,-39]],[[20489,25055],[2,0]],[[20543,25069],[54,15]],[[40029,32914],[37,14]],[[40070,32929],[17,66],[36,0],[-17,-53]],[[42155,33658],[-2,54],[86,-26]],[[42197,33672],[-7,-2]],[[42620,33864],[-72,53],[108,14],[-35,-67]],[[42818,33972],[1,1]],[[42854,33992],[-37,35],[36,27],[19,-52]],[[24104,47941],[0,-17],[-108,-1],[-55,26],[133,1]],[[23637,48080],[-60,20]],[[23558,48107],[-144,-2],[64,28]],[[23504,48124],[14,-4]],[[23232,48214],[1,-57],[-54,-14],[35,77]],[[16783,48890],[3,-40],[-90,23]],[[31382,47197],[-2,0]],[[31328,47187],[-18,-3]],[[32225,47352],[-13,-27],[-73,12]],[[35448,48425],[1,-63],[-109,-1],[72,41],[-19,32]],[[36977,48836],[1,-44],[37,-26],[-54,-55],[-36,27],[-19,58]],[[37480,49067],[0,-42],[-108,-28],[54,50]],[[38055,49284],[54,-12],[-35,-40],[-73,32]],[[38145,49318],[-36,-14]],[[51226,52047],[-54,-40],[17,51]],[[51208,52052],[15,-4]],[[51062,52103],[8,-3]],[[51117,52083],[-36,-37],[-54,0],[54,41],[-55,26]],[[51026,52113],[8,0]],[[51026,52116],[0,-3]],[[51026,52113],[-18,10]],[[50998,52126],[-9,3]],[[50717,52229],[54,-24],[19,-40],[-91,12],[-1,59]],[[46122,52386],[-17,-34]],[[46105,52352],[0,-27]],[[46105,52325],[-54,-14],[-1,64]],[[46266,52408],[73,-27],[36,27],[1,-54],[-127,13],[-55,30]],[[46212,52400],[18,2]],[[49357,52482],[-36,4]],[[49310,52488],[-98,-15],[0,27]],[[56061,37030],[-82,-1],[-55,26],[17,54],[55,-53],[51,0]],[[55290,40932],[-4,8]],[[55282,40946],[-15,23]],[[55265,40973],[-52,-14],[-35,-41]],[[55178,40918],[-54,-27],[-19,40],[-36,-14],[-20,107],[37,-40],[109,-12],[62,14]],[[53561,44330],[-44,-41],[-1,54],[36,11]],[[53604,45638],[73,-31],[-39,-14]],[[52406,50835],[-4,5]],[[734,18478],[2,-94],[-73,39],[17,54],[54,1]],[[1002,18682],[37,-54],[-54,0],[17,54]],[[511,18865],[37,-53],[-108,12],[-1,40],[72,1]],[[1068,19018],[-36,-14],[89,82],[-53,-68]],[[651,19108],[38,-67],[-54,0],[17,40],[-90,0],[54,-27],[19,-40],[-72,-27],[-144,-2],[-109,13],[-17,-27],[-55,53],[216,2],[55,-13],[35,27]],[[544,19040],[-1,54],[54,0],[0,54],[35,14],[19,-54]],[[651,19108],[-1,67],[55,-13],[-54,-54]],[[539,19336],[0,26],[108,1],[1,-53],[-37,26],[-16,-67],[-73,26],[17,41]],[[1098,19381],[-53,-54],[-108,-15],[-1,41],[73,-13],[-37,40],[126,1]],[[424,19724],[19,-27],[1,-94],[-91,53],[-17,-54],[-36,0],[19,-54],[-72,0],[34,121],[90,1],[53,54]],[[1072,19864],[-36,-27],[-36,27],[72,0]],[[222,19910],[-89,-41],[17,54],[90,28],[-18,-41]],[[222,19910],[91,-12]],[[313,19898],[-19,53],[72,1],[1,-41],[72,1],[55,-66],[-17,-41],[-90,-14],[-1,53],[-55,27],[-17,-41],[36,-13],[-71,-27],[16,94],[-72,-1],[-1,27]],[[313,19898],[18,0]],[[331,19898],[-18,0]],[[331,19898],[18,0]],[[349,19898],[-18,0]],[[492,19993],[19,-40],[-36,-27],[-37,67],[54,0]],[[93,20110],[19,-80],[-72,-1],[17,68],[36,13]],[[400,20113],[90,-39],[72,14],[-1,67],[73,-13],[-17,-67],[-54,-41],[-108,13],[-1,26],[-90,0],[-19,53],[55,-13]],[[17,20298],[37,-67],[-54,13],[17,54]],[[1281,20336],[-18,-40],[-72,-1],[-19,40],[109,1]],[[1620,20528],[54,27],[-17,-54],[-90,-1],[53,28]],[[608,20599],[1,-41],[-55,13],[17,54],[37,-26]],[[408,20664],[1,-54],[-73,67],[72,-13]],[[929,20830],[-54,0],[17,40],[54,14],[-17,-54]],[[994,21274],[-36,-14],[37,-40],[-53,-67],[-38,66],[17,54],[54,55],[19,-54]],[[994,21274],[34,81],[2,-67],[-36,-14]],[[1108,21987],[19,-54],[-72,-14],[-1,54],[54,14]],[[1170,22565],[37,-40],[-72,-27],[-36,13],[17,40],[54,14]],[[17289,24179],[0,-40],[-54,13],[-17,-67],[-1,94],[72,0]],[[15536,24244],[-1,54],[36,0],[-35,-54]],[[16250,24734],[19,-53],[-54,-1],[-1,54],[36,0]],[[18237,24725],[-36,0],[17,67],[54,14],[-35,-81]],[[18741,24838],[1,-54],[-72,-41],[-36,13],[107,82]],[[20990,25342],[1,-67],[72,14],[55,-27],[-108,-14],[-55,26],[-1,54],[36,14]],[[19382,25367],[109,-26],[-126,-1],[-109,26],[126,1]],[[20503,25324],[-36,13],[107,41],[1,-54],[-72,0]],[[20881,25408],[19,-54],[-36,-13],[1,-68],[-37,27],[-107,-41],[-1,53],[144,42],[17,54]],[[20213,25402],[-19,26],[72,28],[1,-40],[-54,-14]],[[16564,25409],[-17,-41],[-56,53],[18,41],[36,-27],[72,14],[54,41],[1,-40],[-108,-41]],[[20319,25524],[19,-54],[-73,13],[54,41]],[[21023,25543],[73,-53],[-108,-1],[35,54]],[[16146,25539],[38,-67],[-37,0],[-1,67]],[[19958,25493],[-36,-13],[17,94],[36,0],[-17,-81]],[[20101,25616],[0,-27],[90,14],[1,-27],[-91,-1],[-35,-54],[-1,67],[36,28]],[[21580,25750],[54,-13],[-36,-41],[-55,54],[37,0]],[[21777,25806],[37,-54],[-109,53],[72,1]],[[21415,25883],[1,-67],[-36,-28],[-1,68],[36,27]],[[21125,25934],[19,-40],[72,-13],[-108,-14],[-1,40],[-54,26],[72,1]],[[19536,25906],[36,27],[-17,-81],[-19,54]],[[21323,25989],[0,-40],[-53,-27],[17,54],[-72,-1],[-1,27],[109,-13]],[[21539,26005],[38,-80],[-90,-41],[35,54],[-54,26],[71,41]],[[21323,25989],[-19,41],[54,40],[19,-67],[-54,-14]],[[21086,26095],[1,-41],[-54,0],[53,41]],[[20597,26157],[2,-80],[-37,13],[35,67]],[[21302,26164],[-36,-14],[-1,54],[54,0],[-17,-40]],[[20759,26240],[0,-41],[91,-39],[1,-27],[-109,26],[-37,26],[54,55]],[[20524,26224],[-72,-14],[-36,26],[108,-12]],[[20144,26261],[-35,-54],[-37,40],[36,40],[72,14],[18,-26],[-54,-14]],[[20270,26289],[-37,40],[90,14],[-53,-54]],[[20774,26428],[1,-108],[-19,108],[18,0]],[[21833,26840],[19,-67],[-54,-27],[-1,81],[36,13]],[[20334,26800],[-19,67],[54,14],[-35,-81]],[[20785,26804],[-54,-1],[71,68],[72,41],[-17,-54],[-72,-54]],[[20278,26907],[-107,-82],[-55,27],[36,40],[126,15]],[[21957,26976],[19,-67],[-72,-1],[-1,54],[54,14]],[[20076,27080],[19,-41],[-108,-14],[-37,27],[91,-13],[35,41]],[[19787,27117],[-72,-14],[17,67],[72,-12],[-17,-41]],[[20093,27174],[55,-27],[-163,-1],[18,27],[90,1]],[[23993,27250],[55,-13],[-36,-28],[-108,-1],[17,41],[72,1]],[[23739,27341],[-17,-67],[-36,0],[1,-54],[-54,-1],[-18,-53],[-53,-41],[-1,53],[36,28],[-1,67],[72,-13],[-1,54],[72,27]],[[19565,27438],[54,-27],[-198,-2],[144,29]],[[20197,27457],[19,-54],[-91,13],[0,27],[72,14]],[[25560,27559],[-36,-27],[-1,54],[72,0],[-35,-27]],[[18748,27672],[-36,0],[35,54],[73,-27],[-72,-27]],[[10259,27647],[-55,13],[72,41],[-17,-54]],[[24201,27816],[-55,26],[109,1],[0,-40],[-54,13]],[[19343,27731],[17,94],[36,-13],[-53,-81]],[[20154,27846],[55,-53],[-90,-28],[17,54],[-54,13],[72,14]],[[23928,27907],[20,-67],[-91,-14],[19,-54],[-36,0],[-1,81],[72,14],[17,40]],[[19611,27895],[19,-40],[-54,-28],[-54,13],[89,55]],[[10653,27852],[1,-53],[54,-27],[-90,13],[-1,67],[36,0]],[[20351,27955],[1,-80],[-36,26],[-72,-14],[-1,40],[90,1],[18,27]],[[10345,27903],[1,-40],[-127,12],[126,28]],[[10489,27904],[20,-107],[-72,0],[2,-108],[18,0],[-53,-108],[-36,0],[-1,54],[36,54],[-21,134],[55,0],[16,68],[36,13]],[[11986,28053],[72,14],[-17,-54],[-73,13],[18,27]],[[18325,28152],[19,-67],[-54,-1],[35,68]],[[22731,28232],[37,-80],[-90,-14],[1,-27],[-73,13],[-1,53],[73,1],[53,54]],[[18703,28236],[1,-68],[-73,13],[17,54],[55,1]],[[22367,28403],[1,-67],[-72,-14],[-1,67],[72,14]],[[22726,28528],[1,-68],[-54,13],[-54,-27],[-1,54],[90,1],[18,27]],[[19023,28507],[19,-53],[-108,-15],[72,28],[17,40]],[[15827,28451],[-54,-1],[-1,41],[54,14],[1,-54]],[[10499,28415],[-72,-1],[107,55],[-35,-54]],[[10299,28507],[36,-26],[2,-81],[-73,-1],[35,108]],[[19580,28673],[-54,0],[18,40],[72,1],[37,-53],[-54,-14],[-19,26]],[[16057,28708],[1,-53],[-144,12],[-1,27],[91,-13],[53,27]],[[15118,28700],[-53,-28],[-1,41],[54,-13]],[[15822,28720],[1,-41],[-72,0],[35,67],[72,14],[-36,-40]],[[19525,28767],[-37,27],[72,0],[1,-54],[-36,27]],[[16038,28775],[1,-40],[-54,-1],[53,41]],[[22972,28973],[37,-53],[-72,-41],[-1,80],[36,14]],[[15965,28842],[54,27],[-73,-1],[19,-26]],[[15965,28842],[-36,-41],[17,108],[54,-13]],[[16000,28896],[-1,40],[55,-13],[1,-67],[-54,-27],[-36,13]],[[15584,28946],[73,-40],[-54,-14],[-73,40],[54,14]],[[12639,28945],[56,-53],[-73,-1],[-18,41],[35,13]],[[16360,29007],[0,-27],[-163,-2],[18,27],[145,2]],[[10724,28995],[-36,-1],[-1,54],[54,1],[-17,-54]],[[15600,29040],[-36,40],[72,14],[-36,-54]],[[16360,29007],[-1,53],[71,55]],[[16430,29115],[1,-54],[-71,-54]],[[12999,29056],[-54,-14],[35,54],[19,-40]],[[15834,29123],[-17,-54],[-73,12],[1,-53],[-73,26],[0,27],[90,41],[72,1]],[[15311,29077],[16,81],[19,-53],[-35,-28]],[[16610,29170],[72,-26],[-72,-1],[-53,-81],[-36,0],[-1,54],[55,-13],[-1,67],[36,0]],[[17242,29189],[37,-53],[-72,-14],[-38,67],[73,0]],[[17350,29190],[37,-80],[-54,0],[-55,80],[72,0]],[[14967,29115],[-19,53],[90,14],[-71,-67]],[[16430,29115],[-1,40],[-53,-54],[-54,-1],[17,81],[126,15],[-35,-81]],[[16031,29192],[1,-54],[-126,-42],[-16,-67],[-55,0],[36,40],[-1,54],[35,41],[91,0],[35,28]],[[14441,29217],[1,-27],[-91,0],[90,27]],[[15524,29254],[-35,-14],[-17,-107],[-37,53],[36,14],[-19,53],[72,1]],[[15147,29157],[-19,26],[127,1],[-37,40],[53,41],[37,-53],[-53,-54],[-72,-1],[19,-67],[-54,-1],[-1,68]],[[16987,29268],[19,-14]],[[17006,29254],[-90,-27],[53,54]],[[16969,29281],[18,-13]],[[10792,29224],[-35,-54],[-55,53],[90,1]],[[16842,29307],[1,-41],[-144,-15],[53,55],[90,1]],[[18413,29348],[19,-54],[-36,0],[1,-67],[-54,13],[-1,53],[71,55]],[[18577,29269],[-19,53],[90,28],[2,-94],[-37,27],[1,-54],[-54,-1],[17,41]],[[19317,29316],[-1,40],[54,1],[-53,-41]],[[10954,29292],[18,-26],[-90,-15],[18,41],[54,0]],[[15036,29317],[72,14],[-53,-81],[-72,-14],[53,81]],[[17078,29282],[-36,-54],[-36,26]],[[17006,29254],[-19,14]],[[16987,29268],[-18,13]],[[16969,29281],[90,54],[90,15],[-71,-68]],[[14421,29351],[37,-26],[0,-54],[-73,40],[36,40]],[[18195,29413],[-125,-55],[17,54],[108,1]],[[16046,29407],[20,-108],[-72,-41],[19,-40],[-72,0],[-19,40],[54,0],[-1,54],[-199,-2],[18,27],[235,2],[17,68]],[[16660,29426],[-17,-68],[36,-26],[-72,-14],[-17,-27],[72,14],[-36,-54],[-108,12],[53,41],[0,40],[54,14],[-1,54],[36,14]],[[18538,29443],[36,0]],[[18574,29443],[1,-67],[-73,67],[36,0]],[[15629,29457],[-17,-41],[-37,53],[90,15],[-36,-27]],[[18464,29523],[-16,-81],[-73,13],[-35,-68],[-54,27],[72,14],[-1,40],[54,1],[17,54],[36,0]],[[18103,29533],[19,-40],[-91,-1],[0,40],[72,1]],[[18574,29443],[-36,0]],[[18538,29443],[53,68],[109,-13],[-126,-55]],[[16043,29554],[1,-53],[-72,-1],[35,54],[36,0]],[[16333,29517],[1,-41],[-55,0],[0,54],[54,-13]],[[15754,29565],[-17,-54],[-54,-14],[-1,41],[72,27]],[[18501,29510],[-19,40],[72,14],[-53,-54]],[[24459,29685],[38,-94],[-54,0],[-2,94],[18,0]],[[16566,29640],[18,-40],[-72,-14],[0,53],[54,1]],[[14471,29594],[-36,-14],[-19,40],[73,1],[-18,-27]],[[17956,29653],[73,-13],[-72,-14],[-1,27]],[[26824,29760],[37,-26],[-35,-54],[-2,80]],[[15952,29621],[-36,-1],[35,81],[54,1],[0,-41],[-54,0],[1,-40]],[[27059,29789],[1,-67],[-38,94],[37,-27]],[[8220,29629],[19,-26],[-54,-28],[-18,27],[53,27]],[[15354,29723],[19,-40],[-36,-14],[-17,-54],[-55,40],[89,68]],[[15517,29724],[1,-54],[72,-12],[-54,-41],[-180,-2],[17,54],[72,1],[72,54]],[[15608,29685],[90,-13],[-1,54],[37,-13],[19,-54],[-145,-1],[0,27]],[[26498,29851],[19,-67],[-73,67],[54,0]],[[24153,29642],[-37,27],[144,28],[89,68],[-18,40],[35,54],[3,-175],[-73,13],[19,-40],[-71,-68],[-19,40],[-90,-14],[-17,-27],[-73,13],[108,41]],[[15608,29685],[-19,40],[54,27],[-145,-1],[54,27]],[[15552,29778],[54,-13],[72,14],[2,-80],[-73,13],[1,-27]],[[13095,29809],[54,-26],[-89,-41],[-2,67],[37,0]],[[15226,29829],[19,-40],[-36,-14],[1,-107],[-18,-1],[-2,121],[36,41]],[[24673,29889],[-55,26],[72,27],[-17,-53]],[[16020,29877],[55,-67],[-54,-27],[-19,53],[-54,0],[-34,-81],[-36,-14],[16,94],[-73,26],[127,-12],[0,27],[72,1]],[[26172,29902],[-19,40],[54,41],[54,1],[-35,-55],[-54,-27]],[[13093,29890],[37,-54],[-72,-14],[-19,67],[54,1]],[[23986,29923],[-55,-1],[18,54],[72,1],[-35,-54]],[[15640,29927],[0,-27],[-108,-15],[-1,54],[37,-26],[72,14]],[[15820,29955],[37,-40],[-109,-1],[-18,40],[90,1]],[[25664,30032],[-108,-15],[35,28],[73,-13]],[[26296,30011],[0,40],[108,14],[-35,-54],[-72,-27],[-1,27]],[[24183,30032],[1,-81],[-36,-40],[2,-81],[54,-13],[-17,-54],[-108,-28],[17,68],[-72,-1],[35,27],[17,68],[89,81],[-1,81],[72,27],[-53,-54]],[[24344,30100],[36,-13],[1,-53],[-36,-14],[-37,67],[36,13]],[[24109,30112],[-89,-55],[16,68],[73,-13]],[[15963,30024],[-108,-28],[0,27],[144,41],[-36,-40]],[[18945,29984],[-37,27],[90,14],[-53,-41]],[[25824,30195],[1,-68],[-54,-14],[-91,13],[-19,54],[109,-26],[54,41]],[[11265,30101],[19,-40],[-127,12],[108,28]],[[24398,30128],[-54,-1],[16,95],[36,0],[2,-94]],[[16160,30133],[-90,-14],[0,27],[90,-13]],[[23655,30242],[55,-40],[-54,-41],[-72,-14],[0,54],[71,41]],[[16647,30178],[-126,-1],[-1,13],[145,1],[-18,-13]],[[12763,30182],[37,-40],[-54,0],[-54,-41],[17,54],[54,27]],[[26129,30318],[18,-27],[-53,-40],[-1,67],[36,0]],[[26236,30373],[37,-54],[-72,-14],[37,-53],[-73,40],[71,81]],[[26398,30401],[19,-40],[-17,-54],[-54,0],[-1,67],[53,27]],[[15308,30327],[1,-41],[-127,-14],[126,55]],[[15489,30301],[54,28],[108,1],[-72,-41],[-108,-15],[18,27]],[[23547,30241],[-36,0],[17,67],[89,81],[90,15],[-18,-41],[-72,-14],[-53,-54],[-17,-54]],[[24465,30424],[19,-54],[-54,13],[-1,54],[36,-13]],[[15777,30358],[1,-40],[-72,-15],[-1,41],[72,14]],[[11116,30355],[2,-67],[-38,67],[36,0]],[[16787,30448],[37,-54],[-145,12],[0,27],[108,15]],[[16155,30455],[-17,-54],[-108,-27],[-37,40],[1,-68],[-36,14],[-1,67],[35,13],[145,2],[18,13]],[[15776,30425],[-1,40]],[[15775,30465],[91,-12],[18,-27],[-108,-1]],[[23345,30441],[18,-27],[-72,-1],[53,81],[53,41],[73,1],[-71,-81],[-54,-14]],[[25348,30539],[-90,-14],[0,41],[108,0],[-18,-27]],[[25802,30423],[37,-40],[-89,-68],[-73,-1],[19,-27],[-91,26],[-18,27],[107,55],[35,54],[73,1],[52,121],[2,-121],[-54,-27]],[[20905,30486],[-54,-1],[36,41],[90,14],[-72,-54]],[[18736,30560],[37,-54],[1,-53],[-36,-1],[-37,54],[35,54]],[[23234,30574],[-17,-27],[-109,12],[-17,-40],[72,1],[1,-54],[-127,-1],[-36,26],[54,14],[17,68],[53,27]],[[23125,30600],[1,-27],[108,1]],[[15775,30465],[1,-40]],[[15776,30425],[-54,-14],[-19,67],[36,0],[-19,54],[90,14],[-36,-27],[1,-54]],[[6870,30409],[-1,81],[54,0],[-53,-81]],[[10536,30524],[0,-54],[-36,0],[-37,53],[73,1]],[[22944,30639],[19,-41],[-108,-27],[-1,26],[90,42]],[[25889,30612],[-54,-1],[17,40],[73,-12],[-36,-27]],[[15358,30582],[54,-13],[145,2],[-216,-43],[-55,27],[72,27]],[[23233,30628],[-35,-27],[-73,-1]],[[23125,30600],[0,27],[72,27],[36,-26]],[[24190,30677],[18,-14],[-53,-81],[-71,-54],[19,-40],[-54,-14],[34,135],[54,13],[-19,41],[72,14]],[[23234,30574],[-1,54]],[[23233,30628],[144,28]],[[23377,30656],[36,27],[91,-13],[-72,-40],[-180,-29],[-18,-27]],[[25797,30718],[20,-80],[-72,-55],[-19,67],[54,28],[17,40]],[[12919,30613],[1,-94],[-19,54],[-72,-28],[0,41],[90,27]],[[23683,30753],[1,-67],[-36,13],[-1,53],[36,1]],[[23809,30767],[-35,-67],[-54,-1],[17,81],[72,-13]],[[25437,30661],[-2,81],[73,0],[-1,54],[36,0],[-34,-134],[-53,-54],[-72,-14],[-1,67],[54,0]],[[23014,30800],[36,-13],[-35,-81],[-53,-40],[-181,-2],[108,41],[-37,54],[162,41]],[[15989,30655],[-19,27],[72,28],[-37,40],[54,13],[20,-107],[-36,-14],[37,-40],[-91,53]],[[16294,30779],[1,-40],[-73,39],[72,1]],[[25145,30847],[-16,-121],[-72,-41],[-19,40],[17,80],[90,42]],[[23809,30767],[-19,40],[91,1],[35,41],[19,-67],[-108,12],[-18,-27]],[[23084,30895],[2,-81],[-36,0],[-1,67],[35,14]],[[16185,30778],[-35,-27],[16,94],[91,1],[0,-40],[-54,13],[-18,-41]],[[16600,30849],[36,0],[-53,-67],[-73,39],[90,1],[0,27]],[[23914,30956],[55,-26],[-35,-54],[-54,-1],[-1,54],[-72,-14],[35,41],[72,0]],[[32874,31037],[19,-94],[-17,-40],[-37,40],[-1,80],[36,14]],[[25323,31009],[37,-66],[-73,12],[-53,-27],[35,54],[54,27]],[[22578,30944],[-18,-27],[-90,-1],[17,54],[108,28],[-17,-54]],[[23643,30994],[1,-67],[-54,-14],[35,94],[18,-13]],[[25485,31011],[2,-81],[-37,0],[-37,80],[72,1]],[[33017,31119],[37,-53],[-90,-1],[-1,40],[54,14]],[[22450,31024],[-125,-82],[35,40],[-18,41],[108,1]],[[16600,30849],[-55,53],[-109,13],[17,40],[54,14],[37,-40],[17,67],[55,-13],[0,-40],[55,-13],[0,-40],[-71,-41]],[[25485,31011],[54,14],[1,-41],[-55,27]],[[22450,31024],[17,67],[90,1],[-17,-41],[-90,-27]],[[32817,31211],[36,-40],[-90,-14],[54,54]],[[23299,31045],[-19,40],[71,54],[1,-67],[-53,-27]],[[10870,31038],[37,-40],[-90,-15],[-1,41],[54,14]],[[21779,31152],[1,-27],[108,14],[-35,-54],[-127,13],[17,53],[36,1]],[[22864,31121],[19,-67],[36,1],[1,-54],[-36,-14],[-55,53],[-1,94],[53,28],[-17,-41]],[[24327,31108],[-35,-14],[16,67],[72,28],[-17,-67],[-36,-14]],[[26638,31209],[20,-107],[-54,13],[-2,81],[36,13]],[[27054,31159],[-54,13],[1,-53],[-54,13],[35,67],[126,15],[1,-94],[-54,-1],[-1,40]],[[20045,31136],[-72,-1],[18,27],[108,1],[-54,-27]],[[21617,31164],[0,-41],[54,28],[-35,-68],[-55,27],[-19,53],[55,1]],[[27686,31179],[-36,39],[90,-12],[-54,-27]],[[27487,31244],[1,-94],[-72,13],[17,67],[54,14]],[[21779,31205],[72,-12],[-18,-27],[-90,12],[36,27]],[[22681,31227],[55,-13],[-162,-42],[17,41],[90,14]],[[22447,31212],[-35,-81],[-36,-1],[-2,94],[54,41],[108,28],[-18,-40],[-72,-15],[1,-26]],[[23114,31298],[54,-13],[-53,-67],[-1,80]],[[23875,31171],[-55,26],[126,55],[17,54],[19,-80],[-54,-1],[-53,-54]],[[27179,31295],[-36,0],[17,67],[36,0],[-17,-67]],[[25209,31344],[18,-40],[37,0],[0,-40],[90,28],[19,-40],[-108,-15],[-72,-54],[53,108],[-91,-1],[0,54],[54,0]],[[23764,31304],[-54,0],[17,40],[91,1],[19,-54],[-55,0],[-16,-94],[55,-80],[91,0],[1,-53],[126,28],[-1,40],[-72,-1],[-36,-40],[-1,53],[127,2],[1,-81],[-35,-41],[-91,0],[-55,53],[-54,-14],[1,-54],[-36,-14],[-55,40],[-2,161],[-54,-27],[-37,27],[36,67],[54,1],[35,40]],[[17423,31286],[1,-40],[-54,-14],[17,81],[36,-27]],[[27032,31401],[37,-13],[-17,-67],[-36,-1],[-19,67],[35,14]],[[27484,31378],[-34,-94],[-72,-1],[-1,40],[72,1],[35,54]],[[10938,31267],[19,-27],[-54,-27],[1,-41],[-54,-14],[35,95],[53,14]],[[15815,31312],[19,-67],[-53,-41],[16,108],[18,0]],[[25966,31418],[1,-67],[-90,-1],[0,27],[72,14],[17,27]],[[17151,31365],[56,-81],[108,15],[-36,-41],[-90,-1],[-19,41],[-108,12],[-1,27],[73,1],[17,27]],[[24918,31436],[55,-54],[-35,-27],[-56,67],[36,14]],[[22642,31428],[-18,-27],[-72,13],[90,14]],[[26581,31397],[-37,26],[108,42],[-71,-68]],[[27068,31415],[-36,-1],[35,68],[1,-67]],[[17007,31350],[-54,-1],[-1,41],[54,13],[1,-53]],[[32558,31545],[55,-27],[-126,-28],[71,55]],[[26272,31502],[19,-67],[-53,-55],[-90,0],[-20,67],[55,0],[17,40],[72,15]],[[16554,31426],[19,-26],[-144,-42],[-36,-27],[17,67],[72,1],[72,27]],[[25423,31507],[18,-13],[2,-94],[-108,-28],[16,94],[72,41]],[[10864,31387],[19,-54],[-126,13],[-19,26],[126,15]],[[17565,31449],[-53,-81],[-19,67],[72,14]],[[22986,31405],[-89,-95],[-72,-28],[-1,54],[54,0],[35,81],[37,-13],[17,54],[71,41],[1,-67],[-53,-27]],[[25892,31525],[2,-81],[-37,14],[1,-54],[-53,-68],[-54,-27],[-1,94],[36,14],[17,53],[54,1],[35,54]],[[26470,31530],[73,-26],[1,-54],[-72,0],[-2,80]],[[26470,31530],[-36,-14],[1,-53],[-54,13],[-36,-28],[-19,41],[54,40]],[[26380,31529],[-1,41],[72,14],[19,-54]],[[26380,31529],[18,1]],[[26398,31530],[-18,-1]],[[25044,31504],[89,81],[-17,-80],[-72,-1]],[[26145,31554],[-19,40],[72,1],[1,-54],[-54,13]],[[32972,31656],[-17,-67],[-72,-1],[-1,67],[90,1]],[[32755,31667],[2,-121],[-53,-40],[-1,40],[-72,-41],[17,94],[-37,40],[54,-13],[36,41],[54,0]],[[27119,31644],[-142,-149],[35,67],[-37,27],[72,0],[-18,40],[90,15]],[[22134,31558],[-36,-27],[-144,-2],[90,28],[17,41],[73,-40]],[[25640,31496],[1,-40],[54,0],[-55,40]],[[25640,31496],[-73,26],[126,15],[-1,94],[54,0],[2,-134],[-36,-1],[1,-67],[-54,-14],[-17,-40],[-109,-1],[20,-67],[-55,26],[-71,-67],[-36,-1],[16,108],[36,14],[1,-68],[71,55],[-1,94],[36,14],[37,-54],[-1,54],[54,14]],[[16370,31599],[38,-67],[-18,-40],[-90,-14],[-1,80],[71,41]],[[22025,31611],[-37,26],[127,1],[0,-26],[-90,-1]],[[26397,31624],[-71,-82],[-2,121],[19,-53],[17,40],[71,54],[1,-53],[-35,-27]],[[32663,31801],[19,-54],[-91,-14],[-37,53],[109,15]],[[7573,31598],[19,-67],[-90,-14],[-19,53],[73,-26],[17,54]],[[32372,31892],[-19,40],[91,-12],[-18,-41],[-54,13]],[[32930,32005],[19,-67],[-54,-14],[17,107],[18,-26]],[[32677,32043],[1,-94],[37,-13],[1,-68],[-163,12],[-71,-54],[-19,40],[34,108],[127,-26],[17,54],[-54,-14],[18,41],[72,14]],[[7101,31741],[-37,27],[90,54],[0,-40],[-53,-41]],[[23987,32005],[19,-14],[-72,-54],[-90,13],[-1,27],[91,0],[53,28]],[[23482,31973],[-36,0],[53,81],[108,28],[0,-27],[-72,-14],[-53,-68]],[[23733,32070],[-16,-108],[-36,0],[-1,80],[-72,-14],[17,54],[108,-12]],[[31247,32205],[36,-14],[1,-53],[-36,-27],[-37,80],[36,14]],[[23733,32070],[0,40],[54,27],[36,-13],[54,27],[-71,-67],[-73,-14]],[[35709,32231],[1,-54],[-36,-13],[35,67]],[[23424,32201],[74,-107],[-35,-40],[-127,25],[-1,68],[53,54],[36,0]],[[30758,32267],[38,-80],[-55,0],[17,80]],[[32673,32298],[18,-40],[-54,-14],[0,54],[36,0]],[[33106,32315],[19,-53],[-36,-14],[-19,54],[36,13]],[[26295,32281],[37,-27],[-90,0],[53,27]],[[30847,32362],[55,-80],[-91,40],[36,40]],[[7003,32157],[20,-81],[-54,-14],[-37,67],[71,28]],[[35489,32417],[18,-13],[-16,-108],[-72,0],[36,27],[-1,54],[35,40]],[[25283,32339],[18,-40],[-90,-15],[0,54],[72,1]],[[26656,32324],[36,41],[72,-40],[-54,-14],[1,-40],[-90,-14],[35,67]],[[35687,32446],[-17,-54],[-54,13],[-1,40],[72,1]],[[23530,32377],[72,-13],[-35,-54],[-37,67]],[[34585,32476],[1,-40],[-127,-28],[36,67],[36,-26],[54,27]],[[24108,32395],[37,-80],[-18,-27],[-90,13],[-1,27],[72,67]],[[33050,32409],[-144,-15],[-17,-54],[-54,-14],[-1,54],[54,27],[-73,40]],[[32815,32447],[54,27],[18,-26],[163,1],[54,14],[72,-26],[-17,-54],[-90,-14],[-19,40]],[[35343,32496],[1,-40],[-90,-14],[-1,40],[90,14]],[[35489,32417],[-19,40],[36,41],[55,-53],[-72,-1],[0,-27]],[[54619,32665],[18,-27],[-108,-28],[90,55]],[[25822,32478],[19,-53],[-72,12],[1,-80],[-36,-14],[16,121],[72,14]],[[32380,32510],[-71,-41],[-1,41],[72,0]],[[32815,32447],[-109,-1]],[[32706,32446],[-72,-1],[36,28],[-1,53],[72,1],[19,-67],[55,-13]],[[33970,32538],[1,-81],[-36,-13],[-1,80],[36,14]],[[23221,32468],[19,-40],[109,-40],[-1,54],[54,1],[3,-162],[-36,-13],[-37,40],[-54,13],[-127,-2],[-17,-27],[-109,-1],[-72,-27],[0,40],[71,41],[37,-40],[72,28],[-1,53],[72,15],[-19,67],[36,0]],[[26256,32482],[72,14],[1,-40],[-73,-1],[0,27]],[[24125,32409],[-36,0],[-1,67],[36,14],[1,-81]],[[25498,32435],[-72,-1],[35,54],[36,1],[1,-54]],[[23926,32474],[-19,40],[108,1],[-17,-27],[-72,-14]],[[26256,32482],[-54,13],[17,54],[54,0],[-17,-67]],[[32631,32633],[37,-53],[-72,13],[35,40]],[[34148,32647],[109,-12],[19,-41],[-36,-13],[-53,-68],[-54,0],[-55,53],[36,0],[34,81]],[[23887,32595],[2,-67],[-55,-1],[0,40],[53,28]],[[32505,32592],[0,-13]],[[32505,32579],[0,13]],[[32505,32592],[36,0],[19,-53],[3,-135],[18,-53],[-71,-68],[-20,134],[36,27],[-73,0],[17,94],[-91,13],[18,40],[72,1],[18,27],[-72,-1],[-110,53],[127,1],[72,-26],[1,-54]],[[32142,32696],[-16,-94],[-55,53],[71,41]],[[34148,32647],[-108,26],[35,54],[36,-13],[1,-54],[36,-13]],[[6853,32491],[36,-13],[-71,-28],[35,41]],[[9815,32532],[37,-40],[-72,0],[-19,40],[54,0]],[[26110,32602],[-55,-1],[18,41],[72,0],[72,41],[0,-54],[-107,-27]],[[33967,32713],[-35,-81],[-55,53],[107,68],[-17,-40]],[[19551,32636],[19,-67],[-36,-14],[17,81]],[[32142,32696],[0,14]],[[32142,32710],[-108,-15],[71,55],[109,-13],[36,-26],[-71,-68],[-1,54],[-36,-1]],[[26271,32684],[-37,26],[91,-12],[-54,-14]],[[32068,32790],[1,-54],[-72,13],[17,40],[54,1]],[[35141,32723],[-36,0],[53,67],[72,28],[-35,-81],[-54,-14]],[[35484,32766],[0,-27],[91,-39],[35,67]],[[35610,32767],[73,-26],[-72,-41]],[[35611,32700],[1,-40]],[[35612,32660],[36,0],[1,-53],[-73,-1],[74,-80],[-91,13],[-18,53],[-55,27],[72,14],[17,40],[-108,-14],[0,40],[-72,-27],[-73,-1],[1,-54],[-53,-67],[36,13],[91,-12],[-19,40],[90,1],[19,-27],[-54,-27],[90,0],[-35,-27],[-55,13],[-234,-29],[-1,54],[53,54],[-90,-1],[-90,-41],[-37,54],[-53,-28],[-55,13],[35,54],[91,1],[55,-53],[-1,40],[181,15],[-1,40],[72,1],[0,40],[-127,-1],[35,68],[108,14],[1,-54],[72,14],[19,-53],[18,40]],[[35611,32700],[0,14]],[[35611,32714],[0,-14]],[[19459,32702],[-35,-27],[19,-80],[-54,12],[-2,94],[72,1]],[[30678,32750],[19,-40],[-55,0],[53,94],[72,1],[-35,-54],[-54,-1]],[[34942,32735],[19,-54],[-108,-28],[-1,54],[-73,40]],[[34779,32747],[109,-13],[35,54],[90,1],[0,54],[36,0],[-17,-94],[-90,13],[0,-27]],[[6853,32491],[-19,40],[36,41],[-17,-81]],[[31923,32829],[2,-81],[-73,-1],[-1,54],[72,28]],[[34398,32851],[55,-54],[-109,26],[18,41],[36,-13]],[[35735,32876],[1,-81],[-90,-14],[-1,27],[73,1],[-55,53],[72,14]],[[6634,32637],[19,-40],[-72,-14],[-1,40],[54,14]],[[31345,32864],[18,-40],[-35,-41],[-72,-1],[53,28],[36,54]],[[38661,32929],[0,-40],[-72,-1],[0,40],[72,1]],[[37974,32936],[20,-94],[-74,94],[54,0]],[[33024,32906],[1,-41],[72,28],[-18,-54],[-108,-14],[-55,66],[108,15]],[[25726,32853],[20,-94],[-73,13],[-1,67],[54,14]],[[30387,32869],[19,-67],[-54,-1],[35,68]],[[34307,32877],[18,54],[36,-27],[108,28],[-17,-41],[-145,-14]],[[10661,32728],[37,-26],[-36,-28],[-55,13],[54,41]],[[35228,32952],[36,-13],[1,-67],[-54,-1],[35,54],[-18,27]],[[31074,32848],[-54,-1],[17,68],[90,0],[-17,-53],[-36,-14]],[[34759,32908],[72,0]],[[34831,32908],[19,-67]],[[34850,32841],[-90,-1],[-18,-40],[54,1],[-17,-54]],[[34779,32747],[-54,13],[-1,40],[-73,26],[18,27]],[[34669,32853],[-90,-1],[-1,27]],[[34578,32879],[91,1],[-1,67],[72,14],[19,-53]],[[35610,32767],[-18,14],[-108,-15]],[[35484,32766],[17,68],[72,-13],[-19,40],[54,0],[-1,108],[54,0],[19,-53],[-89,-82],[19,-67]],[[19277,32821],[0,-27],[72,15],[-17,-27],[-73,-1],[18,40]],[[30784,32872],[-54,26],[107,42],[-53,-68]],[[31578,32946],[36,-13],[-17,-54],[-36,0],[17,67]],[[31957,32977],[19,-40],[-72,-15],[-19,41],[72,14]],[[39526,33057],[1,-40],[54,14],[-18,-40],[-72,-1],[-19,67],[54,0]],[[10587,32808],[20,-67],[-73,-1],[-18,41],[71,27]],[[21498,32895],[54,-13],[1,-80],[-72,40],[-20,67],[37,-14]],[[35154,33032],[19,-53],[-90,-15],[-1,41],[72,27]],[[32119,33032],[1,-67],[-90,-1],[89,68]],[[34578,32879],[-54,0],[-37,67],[54,13],[-1,68],[90,27],[18,-40],[-89,-54],[19,-81]],[[35029,32964],[0,-14]],[[35029,32950],[0,14]],[[35029,32964],[36,0],[1,-80],[-90,-15]],[[34976,32869],[0,-27],[-90,-14],[-36,13]],[[34850,32841],[71,95],[-90,-28]],[[34831,32908],[-37,27],[-1,94],[90,14],[-17,-54],[108,15],[55,-40]],[[34976,32869],[-1,54]],[[34975,32923],[1,-54]],[[34886,32855],[54,-13],[-1,54],[-53,-41]],[[25561,32986],[55,-40],[-72,-14],[-19,54],[36,0]],[[31089,33036],[-90,-14],[-1,27],[163,1],[-72,-14]],[[31432,33053],[1,-54],[-36,-27],[-126,-2],[-1,54],[72,-26],[90,55]],[[40302,33131],[1,-80],[-54,-1],[-38,81],[91,0]],[[25814,32988],[-17,-40],[-55,13],[36,54]],[[25778,33015],[36,-27]],[[30583,33058],[54,-13],[1,-40],[-91,13],[36,40]],[[31866,33030],[19,-41],[-73,13],[35,68],[19,-40]],[[19581,32972],[55,-40],[-53,-27],[-17,-94],[73,-40],[-90,-1],[-4,202],[36,0]],[[30185,33041],[-17,-13],[-145,-2],[0,14],[162,1]],[[32769,33024],[-37,67],[54,1],[19,-54],[54,14],[-53,-54],[-37,26]],[[31991,33098],[1,-67],[-72,-1],[71,68]],[[35405,33128],[-17,-40],[-199,-2],[18,41],[198,1]],[[18877,32952],[-36,13],[54,27],[-18,-40]],[[34014,33116],[37,-13],[-18,-41],[-72,0],[-1,40],[54,14]],[[35496,33116],[20,-94],[-73,40],[53,54]],[[31413,33120],[18,-27],[-54,-28],[-54,27],[90,28]],[[34359,33012],[-18,13]],[[34341,33025],[18,-13]],[[34341,33025],[18,27],[-72,-1],[-18,-27],[72,1]],[[34359,33012],[1,-14]],[[34360,32998],[36,-40],[-108,-14],[19,-67]],[[34307,32877],[-90,-1]],[[34217,32876],[0,-27],[73,-26],[-108,-1]],[[34182,32822],[-145,-1],[-54,13],[162,1],[-1,81],[54,27]],[[34198,32943],[-91,26],[179,109],[90,1],[18,40],[1,-94],[-36,-13]],[[34360,32998],[0,-13]],[[34360,32985],[0,13]],[[34217,32876],[54,14],[-91,26],[37,-40]],[[40607,33228],[91,-53],[-90,13],[-1,40]],[[17358,33032],[1,-40],[-126,-15],[53,41],[55,-13],[17,27]],[[25814,32988],[-36,27]],[[25778,33015],[-2,81],[54,0],[2,-81],[35,68],[54,27],[-35,-121],[-72,-1]],[[32642,33063],[37,-53],[-72,-1],[-55,27],[2,-135],[-72,13],[54,41],[-1,40],[-73,67],[54,0],[-1,54],[-55,13],[54,41],[37,-27],[72,1],[0,-27],[-72,-1],[-17,-40],[108,28],[0,-41]],[[34736,33190],[73,-27],[-18,-54],[-162,-14],[-19,53],[36,-13],[0,54],[90,1]],[[18315,33054],[2,-80],[-54,-41],[52,121]],[[19905,33069],[20,-94],[-55,26],[35,68]],[[31466,33174],[37,-54],[-54,0],[-55,40],[72,14]],[[34303,33172],[36,-13],[-54,-27],[18,40]],[[9247,33010],[19,-40],[-54,-14],[-1,54],[36,0]],[[40805,33284],[55,-13],[-54,-41],[-55,26],[-53,-41],[17,68],[90,1]],[[19868,33136],[-17,-108],[-36,0],[53,108]],[[19994,33137],[37,-13],[1,-67],[-55,26],[17,54]],[[17700,33129],[1,-80],[-54,13],[17,67],[36,0]],[[31573,33242],[37,-40],[54,0],[19,-67],[-126,-1],[-18,27],[-2,94],[36,-13]],[[37119,33278],[19,-54],[-54,27],[-17,-54],[72,0],[-35,-67],[-90,-14],[-36,-27],[-37,40],[35,67],[-1,54],[36,0]],[[37011,33250],[0,27],[72,41],[54,0],[-18,-40]],[[32876,33160],[71,27],[37,-27]],[[32984,33160],[71,68],[54,28],[-17,-81],[73,-40],[17,94],[181,-25],[18,-40],[-53,-41],[91,-26]],[[33419,33097],[17,54],[54,14],[-19,40],[55,-26],[-17,-68]],[[33509,33111],[-54,-54],[-126,-1],[-19,67],[-36,0],[1,-81],[-55,27],[-35,-41],[-181,-15],[1,-54],[-37,40],[-90,-14],[53,94],[145,-12],[17,27]],[[33093,33094],[-108,-1],[-55,40],[-126,-1],[35,41],[-144,-2],[17,54],[90,14],[17,41],[72,14],[1,-40],[-72,-14],[1,-41],[-73,27],[1,-41],[126,1],[1,-26]],[[33255,33136],[54,41],[-72,-1],[18,-40]],[[33255,33136],[-53,-27],[54,-27],[-1,54]],[[34463,33308],[37,-27],[-54,-27],[109,-53],[-107,-108],[17,108],[-37,13],[-1,94],[36,0]],[[21079,33107],[-19,53],[53,41],[54,0],[-71,-41],[-17,-53]],[[30362,33285],[19,-54],[-55,27],[36,27]],[[32982,33308],[55,-66],[-54,-14],[-37,66],[36,14]],[[37481,33295],[18,-27],[-72,13],[17,54],[72,-13],[-35,-27]],[[26605,33264],[-18,-54],[-36,40],[54,14]],[[18006,33186],[1,-54],[-35,-67],[-54,-1],[-53,-54],[-20,94],[55,-40],[-1,40],[107,82]],[[33143,33350],[37,-40],[-53,-41],[16,81]],[[25611,33228],[-36,0],[17,54],[91,14],[0,-27],[-72,-14],[0,-27]],[[32765,33266],[-36,0],[-1,67],[90,27],[1,-40],[-54,-54]],[[34192,33332],[72,-12],[-108,-28],[17,67],[19,-27]],[[34951,33285],[37,-26],[90,-13],[36,14],[17,54],[-35,-14],[-19,54],[72,0],[19,-40],[-53,-94],[73,-40],[-91,26],[-90,-14],[-1,40],[-72,0],[0,-27],[-54,-1],[55,-26],[37,-67],[-127,26],[-19,53],[90,28],[0,40],[-37,0]],[[34879,33258],[-108,-28],[-54,13],[-1,54],[36,14],[-19,67],[90,0],[19,-53],[72,27],[37,-67]],[[34879,33258],[17,67],[-53,-54]],[[34843,33271],[36,-13]],[[18421,33243],[-17,-67],[-72,-14],[89,81]],[[32872,33374],[54,-13],[1,-40],[-72,0],[-19,53],[36,0]],[[26007,33326],[20,-80],[-55,26],[35,54]],[[32981,33322],[-36,40],[53,27],[-17,-67]],[[39646,33435],[19,-41],[-54,-27],[35,68]],[[17084,33258],[0,-27],[72,1],[55,-40],[-108,-1],[-55,53],[36,14]],[[35021,33420],[1,-26],[-109,-1],[36,27],[72,0]],[[37839,33445],[19,-26],[-71,-55],[-91,13],[-1,40],[73,1],[71,27]],[[30180,33391],[108,-13],[-36,-14],[-126,-1],[54,28]],[[33395,33419],[1,-53],[-36,-14],[-1,67],[36,0]],[[15186,33267],[1,-27],[-72,-14],[-1,27],[-71,-27],[-55,26],[72,14],[126,1]],[[18421,33243],[-1,41],[90,14],[-53,-54],[-36,-1]],[[19721,33242],[-54,-1],[71,82],[-17,-81]],[[31534,33416],[72,14],[55,-40],[-126,13],[-1,13]],[[35021,33420],[18,41],[90,-13],[1,-53],[-90,-1],[-19,26]],[[37423,33482],[1,-67],[-54,-14],[-1,67],[54,14]],[[26223,33395],[55,-26],[-54,-54],[-36,13],[-1,67],[36,0]],[[37676,33484],[1,-53],[-72,-41],[-37,80],[108,14]],[[33231,33499],[19,-54],[36,0],[-17,-54],[-54,13],[17,54],[-72,0],[71,41]],[[35201,33489],[-36,-40],[0,53],[36,-13]],[[17606,33370],[54,-13],[1,-40],[-109,-1],[54,54]],[[19502,33374],[-35,-27],[1,-94],[-19,67],[-36,13],[17,54],[72,-13]],[[31534,33416],[-35,-27],[-19,54],[35,54],[19,-81]],[[34606,33417],[-18,-41]],[[34588,33376],[18,41]],[[34606,33417],[36,14],[-2,80],[55,1],[-36,-41],[1,-67],[-36,-14],[2,-81],[-72,-27],[-3,188],[55,-53]],[[17334,33395],[74,-80],[-72,-14],[17,53],[-55,13],[36,28]],[[21362,33431],[2,-120],[-36,-1],[-1,81],[35,40]],[[34820,33553],[20,-94],[-108,-41],[17,107],[71,28]],[[34983,33541],[163,15],[0,-54],[-90,-1],[-35,-54],[-72,0],[-19,40],[54,0],[36,41],[-37,13]],[[39861,33598],[19,-94],[-108,-15],[-36,14],[108,14],[17,81]],[[37856,33540],[37,-40],[-72,-1],[-19,27],[-72,-14],[-19,40],[73,0],[-19,27]],[[37765,33579],[36,14]],[[37801,33593],[55,-53]],[[16936,33418],[55,-13],[-18,-41],[-54,13],[17,41]],[[33394,33473],[1,-27],[-90,-14],[-19,40],[90,1],[107,95],[-35,-81],[-54,-14]],[[19573,33455],[37,-13],[-17,-67],[-73,53],[53,27]],[[29148,33502],[-36,-14],[17,54],[55,1],[-36,-41]],[[37909,33634],[109,-26],[-54,-67],[-19,53],[-72,0],[36,40]],[[34983,33541],[-54,-14],[17,54],[-36,27],[54,13],[19,-80]],[[18616,33460],[1,-54],[-36,-27],[-19,81],[54,0]],[[31622,33605],[1,-54],[36,-26],[-108,-28],[-19,53],[90,55]],[[33105,33497],[54,14],[-17,-67],[-54,-41],[-18,40],[-109,13],[17,40],[-36,27],[-91,12],[54,41],[108,1],[1,-67]],[[33014,33510],[37,0],[-2,81],[145,15],[0,-41],[-90,-27],[1,-41]],[[31839,33594],[53,27],[38,-67],[54,14],[1,-108],[-54,13],[-20,94],[-198,-15],[126,42]],[[35108,33650],[0,-14],[127,1],[0,-27],[-199,-1],[0,27],[72,14]],[[41738,33708],[37,-26],[0,-54],[-71,-54],[17,67],[-54,-27],[-37,53],[54,0],[54,41]],[[21380,33459],[-36,-1],[-1,54],[54,27],[-17,-80]],[[29255,33611],[1,-54],[-55,-1],[-18,41],[72,14]],[[40076,33707],[1,-81],[-73,40],[0,27],[72,14]],[[32218,33624],[0,-54],[-72,26],[72,28]],[[34458,33617],[73,-40],[-90,-1],[-36,-27],[-73,27],[-1,67],[-54,13],[17,27],[73,0],[109,-39],[-18,-27]],[[17006,33553],[20,-108],[-72,-27],[-19,80],[54,14],[17,41]],[[21468,33594],[19,-54],[-72,-1],[-37,54],[90,1]],[[38232,33744],[-36,-27],[1,-53],[-90,-28],[17,67],[-90,-1],[72,41],[126,1]],[[17606,33370],[-73,26],[35,68],[72,14],[-1,81],[54,0],[-35,-94],[-72,-14],[-17,-54],[54,14],[-17,-41]],[[18217,33537],[37,-40],[-35,-94],[-108,12],[17,54],[72,1],[-2,107],[19,-40]],[[4633,33451],[-54,-28],[-19,40],[73,-12]],[[19354,33588],[-89,-28],[0,-40],[-72,-1],[-1,67],[162,2]],[[37944,33715],[36,-26],[-71,-55]],[[37909,33634],[-91,13],[-17,-54]],[[37801,33593],[-36,-14]],[[37765,33579],[52,135],[54,27],[72,1],[36,27]],[[37979,33769],[-35,-54]],[[40038,33814],[1,-80],[-54,26],[17,54],[36,0]],[[40128,33828],[55,-53],[-72,-14],[-19,67],[36,0]],[[37799,33741],[34,81],[1,-54],[-35,-27]],[[37979,33769],[17,54],[73,-26],[-90,-28]],[[41645,33855],[19,-27],[-71,-67],[-1,40],[53,54]],[[34600,33806],[90,1]],[[34690,33807],[-53,-68],[72,14],[1,-94],[55,1],[-36,-54],[-18,40],[-92,53],[-37,67],[72,14],[-54,26]],[[38538,33841],[36,-26],[1,-54],[-72,-28],[-18,27],[54,14],[-1,67]],[[35215,33745],[0,-27],[-108,-1],[1,-41],[-127,13],[90,14],[-19,27],[-89,-28],[-127,-1],[-1,54],[36,13],[145,2],[35,40],[54,14],[-17,-40],[19,-54],[108,15]],[[35215,33745],[-37,26],[-1,54],[73,-26],[-35,-54]],[[17853,33695],[19,-54],[-36,-14],[-73,54],[90,14]],[[32666,33816],[2,-94],[-36,0],[-38,80],[72,14]],[[32269,33785],[-36,14],[89,41],[1,-41],[-54,-14]],[[35321,33866],[-108,-14],[72,28],[36,-14]],[[41716,33936],[1,-26],[72,0],[1,-80],[-91,66],[17,40]],[[15648,33728],[55,-26],[19,-54],[-108,-14],[-1,67],[35,27]],[[4558,33625],[1,-54],[-91,-1],[53,54],[37,1]],[[19225,33775],[19,-94],[-36,-1],[-1,94],[18,1]],[[25042,33828],[36,-13],[-17,-54],[126,28],[-54,-54],[-54,-14],[-54,26],[-54,-41],[35,108],[36,14]],[[41969,33979],[0,-40],[54,0],[-71,-41],[1,-80],[-53,-68],[-54,-1],[-1,41],[54,0],[17,108],[36,14],[-37,53],[54,14]],[[3998,33579],[-54,-1],[35,68],[36,0],[-17,-67]],[[32936,33859],[108,41],[-125,-68],[17,27]],[[29286,33893],[20,-80],[-54,-28],[17,54],[-54,0],[17,40],[54,14]],[[16932,33673],[1,-54],[-54,0],[-2,94],[71,81],[20,-107],[-36,-14]],[[38680,33963],[-90,-14],[-18,27],[108,-13]],[[32700,33950],[-35,-54],[-109,13],[72,54],[72,-13]],[[33209,33740],[18,41],[54,0],[37,-80],[73,0],[1,-53],[90,1],[1,-54],[72,27],[-1,27],[91,-12],[19,-54],[54,0],[1,-67],[-72,-27],[1,-27],[-73,26],[-1,27],[91,1],[35,27],[-72,26],[-1,41],[-90,-28],[-181,25],[-53,-54],[-36,0],[16,107],[-90,-1],[17,41],[-91,26],[35,81],[-144,-2],[35,41]],[[33045,33846],[17,94],[90,15],[90,-13],[19,-54],[-109,26],[1,-40],[91,-13],[-54,-14],[19,-107]],[[33118,33820],[-1,54],[-36,-1],[1,-53],[36,0]],[[33337,33647],[-35,-40],[54,14],[-19,26]],[[40396,34032],[1,-67],[-36,-41],[-37,94],[72,14]],[[29610,33963],[55,-26],[-36,-28],[-72,0],[-1,40],[54,14]],[[31200,33977],[19,-26],[72,0],[-36,-27],[-55,26],[0,27]],[[32936,33859],[-35,-28],[-37,27],[-108,-1],[-2,94],[72,27],[1,-40],[109,-26],[0,-53]],[[34976,34011],[38,-107],[53,27],[55,-53],[-181,12],[-1,94],[36,27]],[[28906,33970],[-126,-28],[35,41],[91,-13]],[[29195,33973],[0,-41],[-55,40],[55,1]],[[25581,33967],[37,-40],[-90,-28],[17,54],[36,14]],[[38678,34098],[19,-67],[-36,-1],[17,68]],[[33186,34062],[73,-26],[1,-54],[-73,40],[-1,40]],[[29682,33991],[-54,26],[71,27],[-17,-53]],[[34830,34090],[20,-107],[-55,0],[18,54],[-19,53],[36,0]],[[41551,34096],[-36,27],[126,28],[-18,-41],[-72,-14]],[[17162,33957],[55,-53],[-54,-14],[-55,40],[54,27]],[[29374,34068],[36,-13],[-17,-40],[-55,-1],[-17,-40],[-72,-1],[72,28],[-1,53],[54,14]],[[40285,34166],[19,-41],[-54,-27],[-108,13],[53,40],[90,15]],[[32300,34108],[74,-93],[-54,-1],[-74,80],[54,14]],[[15970,33973],[18,-40],[-35,-54],[-55,26],[54,14],[18,54]],[[35155,34107],[-72,-14],[89,54],[-17,-40]],[[38768,34152],[-18,-54],[-90,26],[-19,27],[127,1]],[[34690,33807],[-37,40]],[[34653,33847],[-54,-14]],[[34599,33833],[1,-27]],[[34600,33806],[-73,26],[1,-53],[-36,-1],[-20,67],[91,1],[35,54],[-72,0],[-55,39],[-90,-54],[-35,-54],[1,-81],[-72,0],[35,107],[71,41],[0,27],[-90,-14]],[[34291,33911],[-72,-54],[-18,26],[54,14],[-37,67],[35,27],[-1,67],[73,-39],[-53,-54],[108,14],[-19,53],[54,-12],[36,27],[-19,80],[71,41],[1,-67],[92,-80],[-36,-14],[-17,-80],[73,0],[0,-27],[145,2],[-54,-41],[-17,-54]],[[31089,34151],[91,-53],[-72,-1],[-18,-40],[-54,-1],[53,95]],[[32751,34152],[73,-26],[-198,-42],[-54,-27],[-19,40],[72,1],[18,27],[54,-13],[0,40],[-55,13],[109,14],[0,-27]],[[38947,34234],[1,-40],[-55,13],[-17,-27],[-73,-1],[0,27],[144,28]],[[31377,34180],[-17,-53],[-108,-1],[35,54],[90,0]],[[25578,34142],[73,-13],[0,-27],[-72,-28],[-1,68]],[[31955,34199],[55,-13],[-143,-136],[-72,0],[-71,-68],[-54,0],[-19,40],[90,0],[-36,40],[-20,81],[73,-13],[0,-27],[109,-12],[-1,54],[54,13],[35,41]],[[34250,34220],[37,-81],[-54,13],[17,68]],[[18930,34094],[3,-147],[-54,-41],[-18,40],[36,14],[33,134]],[[34647,34210],[19,-54],[-54,-27],[-19,94],[54,-13]],[[38332,34269],[19,-67],[-36,0],[17,67]],[[38802,34260],[-90,-41],[0,54],[90,-13]],[[34122,34272],[2,-80],[-55,13],[53,67]],[[34429,34275],[37,-40],[-53,-68],[-18,27],[-73,-1],[0,41],[108,-13],[-1,54]],[[39001,34262],[-1,40],[54,14],[-53,-54]],[[47798,34393],[19,-67],[-90,-1],[71,68]],[[18497,34104],[-54,-14],[17,54],[54,0],[-17,-40]],[[38675,34326],[0,-40],[-108,-1],[-19,26],[127,15]],[[55856,34475],[19,-67],[-73,27],[54,40]],[[34248,34300],[1,-40],[-72,-1],[-1,41],[72,0]],[[38910,34301],[54,28],[0,-41],[-89,-41],[-2,81],[37,-27]],[[31268,34233],[-36,27],[71,27],[-35,-54]],[[31520,34303],[73,-53],[-72,-1],[-17,-54],[-37,53],[-73,13],[126,42]],[[42920,34377],[-36,-41],[19,-53],[-36,-14]],[[42867,34269],[-53,-41],[-109,-1],[-17,-40],[-36,13],[-2,80],[91,-26],[-37,40],[91,-12],[16,107],[54,14]],[[42865,34403],[55,-26]],[[42920,34377],[-55,26]],[[42865,34403],[72,14],[73,-39],[-90,-1]],[[51266,34490],[1,-54],[-54,-27],[-1,53],[54,28]],[[34952,34360],[1,-94],[-91,66],[73,-12],[17,40]],[[55963,34544],[2,-135],[-55,40],[-1,67],[54,28]],[[16328,34151],[1,-67],[-36,-1],[-2,108],[72,1],[-35,-41]],[[42774,34443],[19,-67],[-54,-1],[-1,67],[36,1]],[[4207,34065],[0,-27],[-72,12],[-1,27],[73,-12]],[[30977,34351],[19,-26],[72,0],[19,-40],[-109,13],[-1,53]],[[33236,34318],[-36,27],[53,27],[-17,-54]],[[39034,34423],[-17,-54],[-37,54],[54,0]],[[42720,34456],[2,-108],[-73,0],[-1,67],[72,41]],[[31862,34386],[1,-67],[-54,0],[-54,-41],[-72,-1],[-1,40],[73,-12],[-19,40],[36,40],[90,1]],[[33813,34377],[-35,-27],[-1,53],[36,-26]],[[35927,34423],[1,-54],[-72,-41],[-1,80],[72,15]],[[3990,34049],[-19,80],[72,15],[-54,-41],[1,-54]],[[31609,34397],[36,-26],[-162,-2],[35,28],[91,0]],[[36017,34437],[0,-40],[54,13],[1,-40],[-72,-1],[-37,27],[54,41]],[[30001,34410],[18,-27],[90,14],[19,-26],[180,1],[19,-40],[-162,-15],[-55,40],[-18,-27],[-37,40],[-54,-14],[0,54]],[[33524,34388],[-72,-1],[71,54],[37,-26],[-36,-27]],[[42954,34512],[-18,-41],[72,14]],[[43008,34485],[-17,-40],[-145,12],[18,54],[90,1]],[[43008,34485],[-54,27]],[[42954,34512],[17,27],[55,-27],[36,14],[-17,-54],[-37,13]],[[18077,34328],[37,-53],[-72,-1],[-1,54],[36,0]],[[18836,34335],[73,-26],[-91,-1],[18,27]],[[34626,34424],[-72,-54],[89,108],[-17,-54]],[[43567,34557],[1,-40],[-72,-1],[-36,-27],[-1,54],[108,14]],[[30921,34458],[2,-94],[-36,-27],[-2,121],[36,0]],[[35907,34503],[19,-54],[-90,-14],[-19,54],[90,14]],[[26137,34254],[1,-54],[-73,0],[0,40],[-55,-1],[-35,-54],[16,121],[72,1],[0,54],[89,28],[-18,26],[90,14],[2,-107],[-36,-41],[1,-53],[-54,26]],[[26154,34295],[-55,53],[1,-54],[54,1]],[[35022,34509],[19,-81],[-54,0],[35,81]],[[26368,34444],[19,-53],[-144,-2],[125,55]],[[31120,34474],[-54,-28],[35,54],[19,-26]],[[36178,34519],[37,-54],[-72,0],[-2,80],[37,-26]],[[38508,34566],[55,-39],[1,-41],[-199,-1],[126,41],[17,40]],[[31571,34518],[18,-27],[54,14],[19,-53],[-127,12],[-18,40],[54,14]],[[38327,34578],[2,-80],[-73,-1],[71,81]],[[16830,34397],[1,-53],[-109,-15],[36,54],[72,14]],[[17913,34407],[2,-67],[-54,-41],[-1,94],[53,14]],[[32058,34536],[-35,-81],[-90,13],[90,27],[35,41]],[[38219,34591],[0,-27],[-126,-15],[-1,41],[127,1]],[[56036,34504],[-73,40]],[[55963,34544],[17,53],[36,1]],[[56016,34598],[-1,94],[17,54]],[[56032,34746],[20,-81],[36,-53],[-35,-41],[-17,-67]],[[33775,34538],[19,-81],[-55,27],[-1,67],[37,-13]],[[29782,34529],[1,-67],[-90,-1],[-1,40],[90,28]],[[38417,34592],[55,-39],[-108,-15],[-19,67],[72,-13]],[[30794,34524],[37,-66],[-55,26],[-1,67],[54,27],[-35,-54]],[[31319,34449],[-37,40],[54,13],[36,41],[143,42],[-71,-68],[-36,0],[-35,-55],[90,1],[-35,-40],[36,-40],[-35,-14],[72,-13],[19,-40],[-73,26],[-72,0],[17,67],[-72,-14],[-1,54]],[[35689,34622],[0,-40],[-90,-1],[17,40],[73,1]],[[16287,34446],[-17,-54],[-55,26],[72,28]],[[30017,34517],[-18,-27],[-37,67],[90,15],[-35,-55]],[[34767,34627],[1,-80],[-180,-2],[71,27],[91,-12],[17,67]],[[16413,34447],[2,-80],[-55,-1],[-1,81],[54,0]],[[16703,34396],[-18,27],[53,41],[72,14],[-17,-41],[-90,-41]],[[29528,34594],[55,-40],[-91,-1],[36,41]],[[30919,34606],[19,-40],[-36,-41],[-37,67],[54,14]],[[35887,34610],[54,41],[-17,-81],[55,-26],[-144,-28],[72,27],[-20,67]],[[35887,34610],[-17,-54],[-36,14],[-2,94],[55,0],[-36,-41],[36,-13]],[[33940,34365],[-1,40],[-54,26],[-36,-27],[-1,54],[54,0],[-20,148],[72,14],[36,41],[20,-175],[-53,-54],[90,1],[72,54],[-17,-54],[-54,-14],[1,-67],[-126,-41],[17,54]],[[33992,34499],[-36,27],[-18,-41],[54,14]],[[21868,34524],[1,-27],[-73,0],[72,27]],[[40493,34745],[1,-54],[-72,-54],[-1,81],[72,27]],[[17696,34432],[-19,67],[17,41],[54,14],[1,-54],[-53,-28],[0,-40]],[[31912,34642],[127,-39],[-126,-1],[-18,-41],[-36,27],[-1,67],[53,41],[54,0],[1,-40],[-54,-14]],[[34747,34721],[20,-67],[72,14],[-18,-27],[-72,-1],[-2,81]],[[42010,34772],[1,-40],[-54,-1],[-1,54],[54,-13]],[[56032,34746],[-37,40],[36,13],[-1,108],[36,-27],[2,-94],[-36,-40]],[[35524,34741],[19,-53],[-72,-1],[-1,54],[54,0]],[[16592,34570],[-18,-27],[-37,40],[163,1],[-108,-14]],[[43798,34828],[19,-81],[-89,-41],[-1,68],[71,54]],[[26021,34683],[1,-67],[-54,13],[53,54]],[[28966,34709],[-36,-40],[19,-40],[-53,-54],[-36,-1],[53,68],[-1,54],[-73,12],[127,1]],[[41106,34818],[19,-54],[-73,26],[54,28]],[[16880,34599],[-17,-40],[-54,-1],[71,41]],[[17297,34549],[-19,40],[72,28],[-53,-68]],[[18651,34602],[-54,-27],[-1,53],[72,15],[-17,-41]],[[20384,34672],[37,-40],[-72,-14],[35,54]],[[17078,34668],[19,-40],[-54,-27],[-73,26],[18,27],[90,14]],[[30030,34800],[19,-40],[-126,-28],[107,68]],[[25947,34776],[37,-26],[-54,-41],[0,40],[-90,-27],[-1,53],[108,1]],[[34998,34858],[19,-54],[91,-39],[-72,-15],[-38,108]],[[36317,34856],[-36,-27],[-34,-81],[-55,26],[72,28],[-1,53],[36,14]],[[36299,34869],[18,-13]],[[43796,34949],[19,-40],[-54,-1],[-19,40],[54,1]],[[40383,34825],[-1,40],[-54,-14],[55,-26]],[[40383,34825],[-35,-41],[-72,-14],[-1,40],[-54,-14],[53,82],[54,-13],[-1,53],[36,14],[37,-53],[-17,-54]],[[41375,34941],[18,-13],[3,-162],[-37,27],[-1,94],[-19,40],[36,14]],[[36497,34911],[19,-67],[-36,-27],[-19,94],[36,0]],[[44320,34953],[1,-53],[72,0],[1,-27],[-90,-27],[-19,26],[-109,53],[36,14]],[[44212,34939],[35,41],[73,-27]],[[44212,34939],[73,-53],[-1,54],[-72,-1]],[[41628,34930],[37,-40],[-109,26],[53,54],[19,-40]],[[34834,34923],[19,-26],[72,-13],[-89,-41],[1,-67],[36,-14],[-17,-40],[-55,26],[16,121],[-36,14],[53,40]],[[35558,34903],[1,-94],[-18,13],[-180,-28],[53,54],[90,-13],[0,27],[-109,26],[1,-54],[-90,-14],[53,81],[199,2]],[[51618,35070],[1,-40],[-54,0],[0,-41],[55,-13],[-145,-14],[-1,67],[37,-13],[107,54]],[[26489,34821],[-54,-27],[-72,-1],[17,54],[54,14],[55,-40]],[[41827,34931],[-19,41],[72,27],[-53,-68]],[[26489,34821],[54,14],[-1,41],[199,1],[-54,-13],[-18,-41],[-180,-2]],[[26957,34879],[19,-53],[-53,-28],[-1,54],[35,27]],[[28041,34889],[2,-107],[-54,13],[52,94]],[[29577,34903],[19,-67],[-54,0],[-1,53],[36,14]],[[44320,34953],[-1,54],[54,27],[-17,-53],[36,13],[-17,-67],[-55,26]],[[25855,34896],[-53,-54],[-37,27],[90,27]],[[26850,34811],[-19,40],[54,55],[1,-54],[-36,-41]],[[31333,34677],[-35,-54],[-54,-14],[1,-40],[-72,-14],[-20,120],[72,15],[-1,53],[-37,27],[91,1],[-19,40],[54,0],[-1,81],[-55,26],[72,1],[36,27],[55,-53],[1,-54],[36,0],[-107,-54],[145,-26],[-1,27],[72,1],[18,27],[72,0],[-17,-27],[-108,-54],[-126,-15],[-72,-41]],[[40542,35041],[55,-26],[1,-41],[-73,40],[17,27]],[[32143,34886],[-36,-1],[17,68],[35,27],[-16,-94]],[[42964,35035],[-19,27],[72,14],[1,-40],[-54,-1]],[[36658,35034],[54,-13],[1,-54],[-91,26],[36,41]],[[44516,35103],[2,-94],[-54,-1],[35,41],[-18,40],[35,14]],[[28076,34957],[2,-67],[-55,26],[53,41]],[[35593,34917],[18,13]],[[35611,34930],[-18,-13]],[[35593,34917],[-35,-14]],[[35558,34903],[-38,67],[-53,-28],[-19,27],[90,55],[0,-54],[181,28],[-53,-94],[-73,13]],[[36043,35042],[2,-94],[-37,13],[-1,53],[36,28]],[[37597,35055],[19,-67],[-54,0],[-37,40],[72,27]],[[29250,35008],[1,-68],[-36,0],[-1,67],[36,1]],[[35015,34952],[-37,40]],[[34978,34992],[-36,-1],[-20,81],[37,0],[0,-54],[181,2],[-53,-54],[54,0],[1,-53],[-163,-2],[36,41]],[[36333,35004],[73,-26],[37,-54],[-91,-1],[1,-26],[90,0],[-90,-41],[-34,-108],[-19,54],[17,54]],[[36317,34856],[-18,13]],[[36299,34869],[35,41],[-19,53],[-54,0],[36,40],[-20,81],[54,14],[1,-54],[54,1],[0,40],[90,-13],[-17,-27],[-127,-14],[1,-27]],[[42836,35075],[-54,26],[107,68],[-53,-94]],[[35735,35133],[-17,-81],[54,-13],[-17,-27],[-73,13],[-19,80],[72,28]],[[37723,35083],[-37,27],[72,41],[1,-54],[-36,-14]],[[44262,35208],[0,-40],[55,0],[-71,-81],[-54,-14],[-2,121],[72,14]],[[41389,35196],[19,-40],[-54,-14],[35,54]],[[36728,35169],[-18,-41],[37,-26],[1,-54],[-55,53],[-1,67],[36,1]],[[41497,35211],[-17,-81],[-37,67],[54,14]],[[42167,35136],[18,-27],[-90,-14],[53,95],[54,27],[1,-67],[-36,-14]],[[40467,35215],[1,-40],[-54,-1],[53,41]],[[29989,35135],[18,-27],[-126,-1],[108,28]],[[35499,35184],[37,-53],[-73,13],[36,40]],[[41930,35255],[19,-67],[-72,26],[53,41]],[[30386,35139],[1,-27],[-73,-1],[-53,-27],[-1,54],[54,-13],[72,14]],[[43683,35270],[36,-40],[-90,13],[17,40],[37,-13]],[[30386,35139],[0,27],[126,1],[-17,-41],[-109,13]],[[41388,35277],[73,-53],[-108,-15],[35,68]],[[30169,35190],[36,-26],[-108,-1],[-36,-41],[-36,27],[53,27],[91,14]],[[36529,35140],[-89,-28],[-2,67],[-36,40]],[[36402,35219],[53,28],[19,-40],[127,-26],[-18,-27],[73,0],[0,-26],[-144,-29],[17,41]],[[42778,35316],[38,-80],[-90,-1],[52,81]],[[28325,35201],[-70,-135],[-125,-55],[-1,40],[108,28],[52,121],[36,1]],[[37792,35285],[72,-12],[1,-54],[-125,-55],[-1,67],[53,54]],[[29247,35209],[18,-27],[-72,-27],[-36,26],[90,28]],[[34667,35217],[0,-13],[-126,-1],[17,54],[37,-40],[53,40],[91,15],[0,-27],[-72,-28]],[[35371,35277],[1,-94],[-17,-27],[-73,13],[35,68],[54,40]],[[28614,35217],[36,14],[1,-54],[-54,-1],[17,41]],[[38027,35288],[1,-54],[-73,-1],[18,41],[54,14]],[[42905,35290],[-1,54],[37,-27],[-36,-27]],[[43846,35245],[-54,-14],[-1,54],[71,54],[72,1],[19,-41],[-35,-40],[-37,26],[-35,-40]],[[41802,35361],[2,-107],[-91,26],[-55,40],[36,40],[0,-54],[108,55]],[[37502,35337],[-17,-95],[-36,27],[17,67],[36,1]],[[51811,35462],[1,-81],[-37,40],[36,41]],[[29173,35276],[38,-67],[-72,-14],[-2,80],[36,1]],[[36815,35344],[55,-13],[0,-40],[-107,-68],[53,81],[-1,40]],[[33418,35341],[19,-41],[-126,-14],[17,54],[90,1]],[[26734,35307],[54,-13],[-18,-27],[3,-147],[-72,-1],[-36,-41],[-1,67],[91,-12],[-39,120],[18,54]],[[26932,35309],[55,-13],[-18,-40],[-90,-1],[-72,-28],[35,54],[37,-13],[53,41]],[[30708,35357],[19,-41],[-72,-14],[-1,54],[54,1]],[[36128,35405],[36,-40],[-108,-1],[17,41],[55,0]],[[19760,35271],[1,-54],[55,-27],[-73,0],[-19,80],[36,1]],[[26734,35307],[-36,-27],[-108,-1],[125,55],[19,-27]],[[34935,35408],[1,-81],[-163,26],[18,27],[109,-13],[35,41]],[[37681,35432],[1,-54],[235,3],[-90,-28],[-17,-41],[-127,-1],[37,-40],[-52,-148],[-1,40],[-72,-14],[-1,54],[-72,26],[-1,54],[54,1],[18,40],[144,1],[54,41],[-127,-1],[17,67]],[[37612,35244],[55,-54],[-1,54],[-54,0]],[[16871,35177],[19,-40],[-55,-1],[-1,81],[54,0],[35,54],[55,1],[-107,-95]],[[25759,35258],[-20,81],[72,27],[-52,-108]],[[29063,35395],[18,-13],[2,-94],[-18,-27],[-1,94],[-36,0],[1,-81],[-90,-1],[-2,68],[37,-40],[36,13],[-1,81],[54,0]],[[36001,35417],[19,-53],[-54,-1],[-55,53],[107,42],[-17,-41]],[[43010,35520],[37,-27],[-144,-28],[-1,27],[108,28]],[[43859,35514],[54,13],[2,-67],[-55,13],[-1,41]],[[43859,35514],[-71,-28],[-73,-1],[0,54],[54,-13],[90,28],[0,-40]],[[37445,35511],[18,-27],[-35,-41],[19,-53],[-54,13],[-37,40],[89,68]],[[43118,35547],[19,-53],[-36,-1],[17,54]],[[43354,35509],[-1,27],[72,1],[108,27],[55,-26],[-17,-54],[-72,-1],[-18,-40],[-73,26],[-72,0],[18,40]],[[28720,35379],[-19,40],[72,28],[-17,-54],[-36,-14]],[[33164,35446],[17,54],[55,-27],[90,-12],[-18,-27],[-144,-2],[0,14]],[[43010,35520],[18,27],[-91,-1],[-18,40],[108,1],[55,-27],[-18,-40],[-54,0]],[[16002,35290],[-91,-1],[53,67],[37,1],[1,-67]],[[36815,35344],[-72,-1]],[[36743,35343],[37,-26],[-127,-1],[-72,12],[0,-53],[109,1],[-18,-27],[-108,-15],[-55,40],[-72,13],[-72,-41]],[[36365,35246],[37,-27]],[[36402,35219],[-17,-67],[-181,12],[-37,53],[-36,0],[1,-81],[72,1],[19,-67],[-164,79],[0,54]],[[36059,35203],[-127,-15],[-36,13],[1,-53],[-162,-15]],[[35735,35133],[35,54],[90,1]],[[35860,35188],[-91,39],[-35,-40],[-90,-42],[1,-53],[-37,13],[17,107],[-73,13],[90,41],[35,54],[-72,0],[17,80],[108,15],[35,81],[54,0],[-17,-40],[19,-67],[-55,13],[-71,-28],[54,-40],[1,-40],[-89,-54],[107,27],[-1,68],[37,-27],[109,-12],[71,41],[54,0],[-34,-108],[36,14],[90,-13],[36,14],[-91,80],[90,14],[-17,-54],[90,-12],[36,27],[-1,80],[72,1]],[[36345,35380],[35,41]],[[36380,35421],[36,27],[73,-13],[17,27],[-54,26],[35,41],[163,2],[-18,-41],[72,1],[19,-40],[36,13],[1,-53],[55,-67]],[[36743,35343],[0,14]],[[36743,35357],[0,-14]],[[36365,35246],[-73,40],[-71,-82],[90,15]],[[36311,35219],[54,27]],[[36311,35219],[1,-54],[54,14],[0,40],[-55,0]],[[36616,35369],[108,1],[0,54],[-73,13],[18,40],[-91,-1],[-17,-54],[-54,13],[-54,-41],[55,-26],[53,41],[54,0],[1,-40]],[[36346,35286],[73,1],[17,40],[-72,-14],[-18,-27]],[[25287,35375],[-36,-1],[-1,54],[90,28],[-53,-81]],[[35963,35551],[36,-26],[73,0],[36,-26],[-90,12],[-54,-27],[-19,27],[-144,-1],[108,14],[54,27]],[[41708,35589],[-17,-41],[-55,0],[1,-54],[-36,0],[17,94],[90,1]],[[34680,35553],[19,-53],[-126,-28],[107,81]],[[34843,35488],[0,40],[162,15],[19,-40],[-36,-41],[-54,26],[0,-40],[-89,-28],[-2,68]],[[25737,35486],[55,-80],[-72,0],[17,80]],[[33867,35559],[0,-53],[-72,-1],[17,54],[55,0]],[[41906,35617],[1,-40],[-108,-1],[0,-54],[-71,-27],[53,54],[-1,40],[91,1],[35,27]],[[28410,35537],[73,-12],[-54,-41],[-55,40],[36,13]],[[36866,35586],[55,-53],[-90,-41],[35,40],[-36,27],[36,27]],[[37372,35577],[1,-67],[-74,80],[126,28],[-53,-41]],[[41906,35617],[36,27],[109,-12],[18,-40],[-54,-14],[18,40],[-127,-1]],[[42213,35660],[0,-27],[90,15],[1,-41],[-126,-14],[-1,67],[36,0]],[[20732,35481],[37,-27],[-54,-27],[37,-53],[-73,26],[17,81],[36,0]],[[28863,35488],[-54,-1],[53,68],[1,-67]],[[34553,35566],[-108,-42],[0,27],[108,15]],[[26712,35549],[18,-40],[-17,-54],[-1,94]],[[36485,35637],[19,-54],[-72,-28],[37,-26],[-36,-27],[-108,-1],[-55,40],[108,14],[53,81],[54,1]],[[19395,35509],[1,-54],[90,28],[-18,-41],[-127,13],[54,54]],[[34877,35649],[19,-53],[-91,26],[-17,-41],[-37,54],[126,14]],[[25934,35582],[20,-94],[-36,-14],[-2,108],[18,0]],[[31607,35647],[36,-13],[1,-54],[-37,67]],[[35655,35589],[-36,13],[-2,67],[36,14],[1,-54],[37,-26],[1,-54],[-73,-1],[36,41]],[[36251,35608],[-17,-54],[-90,-55],[-91,67],[-90,-15]],[[35963,35551],[-109,-1],[-18,27],[126,1],[54,27],[19,-26],[180,15],[-37,67],[126,28],[0,-41],[-53,-40]],[[43242,35723],[0,-27]],[[43242,35696],[-90,-1],[-1,54]],[[43151,35749],[72,1],[19,-27]],[[43242,35696],[0,27]],[[43242,35723],[54,27],[0,-53],[37,-40],[-91,39]],[[24997,35466],[-37,40],[53,68],[-16,-108]],[[39357,35729],[0,-40],[-91,39],[91,1]],[[41995,35726],[1,-41],[-109,40],[-18,-27],[72,0],[-90,-27],[-72,-1],[17,40],[54,28],[145,-12]],[[25357,35496],[-19,54],[54,67],[-35,-121]],[[37243,35724],[0,-40],[-54,-14],[0,40],[54,14]],[[37569,35660],[55,-27],[73,-80],[-217,-2],[71,82],[-108,-1],[-37,40],[54,54],[37,-67],[72,1]],[[37569,35660],[-36,26],[35,41],[54,0],[1,-67],[-54,0]],[[43513,35725],[18,14]],[[43531,35739],[-18,-14]],[[43513,35725],[-1,41],[108,14],[-71,-54],[37,-54],[-54,-14],[-19,67]],[[27939,35654],[-36,-14],[-35,-67],[16,80],[55,1]],[[34695,35715],[37,-13],[-36,-55],[-72,-27],[0,40],[54,1],[17,54]],[[41633,35776],[1,-81],[-55,27],[18,54],[36,0]],[[33485,35717],[38,-120],[-54,-55],[-20,148],[36,27]],[[35490,35735],[55,-26],[-72,-14],[-36,-41],[-1,67],[54,14]],[[36466,35704],[92,-67],[-73,13],[-19,54]],[[43151,35749],[-54,-14],[-1,67]],[[43096,35802],[54,1],[1,-54]],[[41995,35726],[-1,67],[54,14],[18,-27],[54,41],[-16,-108],[-55,26],[-54,-13]],[[17207,35583],[19,-27],[72,14],[-18,-27],[-90,-14],[-37,53],[54,1]],[[35417,35748],[1,-40],[-55,39],[54,1]],[[35652,35777],[18,-27],[-107,-55],[35,81],[54,1]],[[41813,35818],[1,-67],[-36,-1],[-1,68],[36,0]],[[41957,35819],[19,-40],[-54,-14],[35,54]],[[27070,35713],[55,-13],[-18,-40],[-72,13],[35,40]],[[37459,35793],[108,14],[-18,-27],[-90,13]],[[43096,35802],[-181,-1],[-54,-14],[36,54],[90,14],[0,-27],[109,-26]],[[25047,35708],[18,-40],[-17,-54],[-19,94],[18,0]],[[34838,35797],[37,-40],[54,27],[2,-94],[-55,-1],[-55,54],[17,54]],[[43312,35871],[-72,-54],[-1,54],[73,0]],[[17838,35656],[19,-40],[-163,12],[54,27],[73,-26],[17,27]],[[27594,35745],[1,-54],[-36,-40],[-36,26],[53,27],[18,41]],[[27847,35747],[55,-40],[-199,-1],[17,27],[127,14]],[[26329,35747],[54,-13],[-53,-41],[-55,13],[0,40],[54,1]],[[35761,35738],[53,40],[73,1],[-19,40],[36,14],[37,-54],[-17,-80],[-72,-1],[-17,-67],[-19,53],[-73,27],[18,27]],[[35815,35738],[1,-27],[72,14],[-1,41],[-72,-28]],[[42445,35837],[-36,0],[-1,53],[54,1],[-17,-54]],[[19572,35699],[1,-41],[-127,-1],[126,42]],[[34695,35715],[-18,26],[-54,-14],[35,81],[-55,13],[72,14],[37,-53],[-17,-67]],[[39589,35879],[37,-40],[-91,39],[54,1]],[[31893,35824],[19,-67],[-54,-1],[35,68]],[[35018,35852],[55,-53],[-89,-68],[34,121]],[[37459,35793],[-20,67],[54,27],[-34,-94]],[[33934,35869],[1,-81],[54,1],[2,-108],[36,-13],[-35,-54],[-72,-14],[-3,188],[-19,67],[36,14]],[[36843,35855],[-36,-28],[-54,40],[72,1],[-1,40],[73,1],[0,-54],[91,-26],[19,-40],[53,68],[1,-68],[72,1],[-35,-41],[54,-26],[1,-54],[-54,-14],[36,54],[-109,0],[-71,-55],[0,-40],[55,-13],[-54,-27],[-36,13],[-2,80],[36,14],[-2,121],[-71,-54],[-17,-54],[36,-27],[-71,-27],[-19,40],[36,13],[-3,162]],[[36989,35775],[73,-39],[18,27],[-91,12]],[[35939,35914],[0,-14],[163,2],[0,-27],[-144,-15],[-55,27],[36,27]],[[18072,35712],[-54,13],[144,41],[-90,-54]],[[26472,35842],[37,-40],[-18,-40],[-108,12],[89,68]],[[35360,35922],[20,-80],[-72,-28],[35,68],[-72,12],[89,28]],[[13683,35658],[-20,80],[37,0],[-17,-80]],[[46797,35996],[19,-67],[-36,13],[-1,81],[54,14],[-36,-41]],[[21124,35820],[1,-40],[-72,-1],[-1,41],[72,0]],[[25118,35790],[55,-40],[-54,-14],[-73,26],[72,28]],[[28621,35902],[-52,-121],[-2,94],[54,27]],[[37474,35954],[18,-26],[-72,-1],[0,27],[-108,-15],[-1,27],[90,14],[73,-26]],[[38866,35940],[0,-54],[-36,27],[-1,53],[72,28],[1,-54],[-36,0]],[[15615,35743],[-37,26],[90,15],[-53,-41]],[[14096,35796],[20,-81],[-55,0],[-1,80],[36,1]],[[28008,35843],[-37,40],[72,41],[-35,-81]],[[37148,36005],[19,-53],[-36,-41],[-1,67],[-72,13],[36,27],[54,-13]],[[39099,36022],[-17,-53],[-54,-1],[71,54]],[[34709,36010],[0,-53],[37,0],[-17,-67],[-19,53],[-37,0],[-1,67],[37,0]],[[35522,35991],[-90,-15],[-1,27],[91,-12]],[[15306,35834],[90,28],[72,-13],[-17,-41],[-234,-29],[17,41],[72,14]],[[27320,35904],[-90,-42],[-17,-40],[-90,-1],[-37,27],[127,1],[-1,54],[108,1]],[[35069,36040],[37,-53],[-90,-14],[-17,-54],[72,27],[-17,-67],[-127,-1],[17,81],[125,81]],[[37474,35954],[-74,80],[54,28],[73,-13],[1,-81],[-54,-14]],[[39948,36043],[-37,27],[127,1],[-90,-28]],[[42549,36107],[37,-54],[-72,0],[35,54]],[[42260,36117],[1,-67],[-72,-41],[0,41],[53,27],[18,40]],[[27482,35945],[-36,27],[53,27],[37,-13],[-54,-41]],[[41447,36124],[1,-67],[-90,-28],[-19,27],[72,14],[-1,53],[37,1]],[[39820,36123],[37,-13],[-18,-41],[-90,-1],[-1,27],[72,28]],[[41573,36138],[19,-40],[53,14],[1,-54],[-109,53],[36,27]],[[41826,36100],[-17,-67],[-54,-1],[35,68],[36,0]],[[42008,36061],[-55,0],[54,54],[72,28],[1,-54],[-72,-28]],[[49776,36196],[-72,-54],[17,67],[55,-13]],[[35629,36072],[19,-53],[-55,39],[36,14]],[[39188,36131],[0,-14],[163,2],[0,-14],[-163,-1],[-73,26],[73,1]],[[14366,35852],[-19,67],[54,14],[-35,-81]],[[36062,36116],[-36,-27],[-144,-1],[35,41],[163,1],[-18,-14]],[[49539,36275],[109,-13],[19,-26],[-145,12],[17,27]],[[41210,36216],[0,40],[54,-26],[-54,-14]],[[35609,36220],[-35,-81],[-54,-14],[-19,27],[36,54],[72,14]],[[23377,36150],[2,-81],[-36,-13],[-2,80],[36,14]],[[26865,36141],[-19,27],[54,14],[1,-67],[-54,-28],[18,54]],[[36042,36237],[-19,40],[73,1],[-54,-41]],[[50297,36335],[-36,40],[71,41],[-35,-81]],[[36836,36311],[1,-67],[-55,40],[54,27]],[[38227,36324],[19,-67],[55,-67],[-54,-14],[18,54],[-54,-14],[-1,54],[-73,26],[90,28]],[[42565,36268],[-37,40],[72,14],[35,41],[37,-27],[-90,-28],[-17,-40]],[[35897,36290],[-73,-1],[18,27],[90,14],[-35,-40]],[[55987,36505],[-18,-40],[-36,40],[54,0]],[[13693,36114],[-18,27],[90,1],[-72,-28]],[[20287,36202],[1,-107],[-108,12],[17,27],[73,-13],[-1,54],[-72,-27],[18,40],[72,14]],[[41803,36409],[73,-13],[-17,-54],[-55,0],[-37,67],[36,0]],[[27007,36250],[-36,0],[17,54],[37,-14],[-18,-40]],[[50313,36510],[73,-66],[-91,26],[18,40]],[[50566,36512],[0,-27],[-126,-1],[-1,27],[127,1]],[[36383,36401],[19,-67],[-72,0],[-20,67],[73,0]],[[42616,36443],[36,14],[1,-54],[-72,-28],[-1,81],[36,-13]],[[50747,36500],[-109,-1],[18,27],[90,1],[1,-27]],[[19583,36129],[-1,53],[36,14],[-1,54],[36,14],[-16,-95],[-54,-40]],[[41731,36422],[1,-41],[-91,27],[90,14]],[[38985,36398],[18,-27],[-54,-14],[-18,27],[53,54],[54,14],[-53,-54]],[[20286,36216],[-19,80],[72,28],[-17,-68],[-36,-40]],[[39254,36494],[19,-67],[-72,13],[53,54]],[[40483,36491],[19,-40],[-36,-14],[17,54]],[[12859,36295],[2,-81],[-37,27],[35,54]],[[40175,36529],[0,40],[54,-26],[-35,-54],[-54,-1],[35,41]],[[41983,36491],[-72,-14],[17,41],[90,0],[-1,81],[38,-80],[-72,-28]],[[28304,36490],[1,-54],[-36,-13],[-72,26],[72,0],[-19,54],[54,-13]],[[40933,36589],[1,-26],[-145,-29],[-18,27],[90,28],[72,0]],[[20158,36349],[0,-14]],[[20158,36335],[55,-39],[-53,-95],[-90,-1],[-3,148],[54,14],[-18,40],[54,0],[17,41],[20,-80],[-36,-14]],[[20158,36335],[-54,13],[-17,-67],[71,27],[0,27]],[[20087,36268],[0,-41],[54,14],[-54,27]],[[32152,36525],[-54,13],[18,27],[144,14],[-18,-13],[2,-94],[-90,-28],[-73,26],[90,1],[-19,54]],[[40498,36653],[19,-54],[-72,-14],[-54,40],[72,1],[-37,26],[72,1]],[[27039,36532],[1,-53],[-37,26],[-53,-81],[-90,-1],[53,41],[55,1],[17,53],[54,14]],[[20227,36511],[-17,-27],[-72,-15],[-1,41],[90,1]],[[33198,36655],[38,-67],[-55,0],[17,67]],[[36613,36685],[55,-39],[-90,-1],[0,-27],[-72,-1],[107,68]],[[24851,36593],[55,-26],[19,-54],[-108,-1],[-1,67],[35,14]],[[48430,36736],[-37,26],[54,41],[72,14],[-90,-55],[1,-26]],[[48591,36818],[19,-67],[-36,-1],[-37,67],[54,1]],[[38636,36730],[-90,-14],[18,27],[72,-13]],[[41924,36773],[55,-40],[-72,-1],[-54,-40],[-1,67],[72,14]],[[26603,36649],[-54,27],[144,1],[-90,-28]],[[43171,36770],[1,-94],[-36,13],[-1,68],[36,13]],[[40495,36841],[19,-40],[-72,-28],[17,67],[36,1]],[[40134,36851],[19,-40],[-91,-1],[0,27],[72,14]],[[40911,36858],[20,-107],[-55,39],[35,68]],[[43296,36892],[36,-13],[-54,-27],[55,-53],[-17,-41],[-93,134],[73,0]],[[27649,36793],[55,-26],[-109,-15],[-54,27],[108,14]],[[36502,36873],[18,-41],[-108,-1],[-1,27],[91,15]],[[53033,37017],[19,-40],[109,1],[0,-27],[-126,-1],[-1,40],[-90,0],[89,27]],[[37242,36893],[-17,-54],[-55,39],[72,15]],[[37042,36945],[19,-54],[-90,-14],[71,68]],[[41109,36886],[-73,27],[126,55],[19,-41],[54,1],[55,-53],[-162,-15],[-19,26]],[[36356,36952],[0,-40],[-54,-14],[-37,53],[91,1]],[[39987,36984],[19,-67],[-90,26],[71,41]],[[36590,36967],[1,-53],[-145,12],[18,27],[55,-13],[71,27]],[[27268,36897],[55,-40],[-127,-1],[0,27],[72,14]],[[29491,36850],[-54,0],[-1,40],[72,14],[-17,-54]],[[37187,36959],[-36,-14],[17,54],[54,1],[-35,-41]],[[35596,36972],[-16,-81],[-38,67],[54,14]],[[31946,36993],[37,-40],[-90,-1],[-37,27],[90,14]],[[47576,37024],[107,95],[90,14],[-125,-82],[-72,-27]],[[27212,36964],[1,-27],[-72,-41],[1,-54],[-72,0],[-55,53],[17,67],[126,-12],[54,14]],[[27032,36922],[73,-13],[-1,27],[-72,-14]],[[41485,37091],[3,-161],[-18,13],[-3,148],[18,0]],[[41124,37115],[0,-40],[-90,-15],[-18,27],[108,28]],[[23817,36879],[-36,0],[16,81],[55,0],[1,-80],[-36,-1]],[[27268,36897],[-1,67],[89,41],[-88,-108]],[[27574,36954],[-36,-28],[-127,40],[91,0],[35,41],[72,1],[-35,-54]],[[38757,37054],[0,40],[90,14],[-52,-135],[71,41],[73,1],[55,-53],[-127,26],[0,-27],[-126,-1],[-37,13],[-1,67],[54,14]],[[35596,36972],[17,94],[36,0],[-34,-94],[-19,0]],[[27230,37018],[18,-14]],[[27248,37004],[0,-13],[-198,-15],[53,41],[127,1]],[[41594,37106],[37,-67],[-90,-14],[35,27],[-19,94],[72,14],[-35,-54]],[[36317,37126],[37,-40],[-91,-1],[54,41]],[[27049,37043],[-72,-41],[-17,-81],[-36,-14],[17,54],[-54,-14],[-19,94],[181,2]],[[46272,37227],[18,-26],[109,0],[-18,-27],[-126,-1],[-73,40],[90,14]],[[47971,37202],[-108,-41],[53,54],[55,-13]],[[27248,37004],[-18,14]],[[27230,37018],[53,40],[72,1],[-35,-40],[-72,-15]],[[37147,37160],[19,-53],[-72,-14],[1,-41],[90,15],[1,-27],[-109,-15],[0,41],[-72,-14],[17,40],[72,14],[-1,40],[54,14]],[[37256,37134],[72,15],[-35,-41],[-37,26]],[[27229,37071],[-163,-1],[0,13],[181,2],[-18,-14]],[[27572,37088],[0,-40],[-126,-1],[-35,-41],[-1,54],[144,1],[18,27]],[[30101,37111],[1,-54],[37,-26],[-127,-15],[54,27],[-1,54],[36,14]],[[45748,37236],[-36,-40],[-37,53],[90,14],[-17,-27]],[[37038,37200],[-35,-68],[-1,54],[-35,-41],[-54,0],[-89,-108],[-2,134],[109,-13],[17,41],[90,28],[0,-27]],[[38881,37229],[-108,-27],[-109,12],[-71,-68],[-54,13],[107,68],[109,-12],[17,27],[145,1],[-36,-14]],[[41464,37266],[1,-27],[91,-26],[-36,-41],[-109,26],[-1,54],[54,14]],[[26866,37149],[18,-14]],[[26884,37135],[1,-40],[-55,40],[36,14]],[[26884,37135],[-18,14]],[[26866,37149],[90,14],[1,-27],[126,1],[91,-26],[-109,13],[-126,-1],[-55,12]],[[19151,37105],[1,-54],[-53,-27],[-20,67],[72,14]],[[31617,37205],[-17,-27],[-145,-15],[54,54],[36,-26],[72,14]],[[37002,37240],[-72,-28],[-1,40],[73,-12]],[[19332,37120],[19,-40],[-72,-27],[-1,53],[54,14]],[[19820,37125],[0,-41],[-126,-1],[-1,27],[127,15]],[[36278,37274],[2,-94],[-36,-1],[34,95]],[[45872,37358],[109,-26],[-145,-1],[36,27]],[[31617,37205],[-37,67],[109,-13],[-72,-54]],[[38717,37335],[1,-80],[-54,-1],[-1,81],[54,0]],[[37831,37355],[19,-81],[-17,-54],[-36,13],[16,121],[18,1]],[[30351,37274],[-35,-27],[-19,40],[108,15],[-54,-28]],[[36909,37387],[-53,-68],[-19,67],[72,1]],[[19512,37162],[-19,40],[36,41],[36,-27],[-53,-54]],[[37668,37366],[-54,-13],[-18,26],[90,1],[0,27],[72,1],[-90,-42]],[[38065,37383],[-71,-27],[-1,67],[72,-40]],[[38372,37400],[-17,-54],[-19,53],[36,1]],[[41716,37362],[19,-67],[-36,-14],[-1,67],[-54,13],[89,95],[1,-94],[-18,0]],[[45671,37491],[1,-54],[-55,53],[54,1]],[[36964,37347],[-37,26],[144,29],[-35,-41],[-72,-14]],[[37937,37476],[2,-67],[-54,-14],[52,81]],[[24785,37331],[17,54],[72,14],[-35,-67],[-54,-1]],[[36311,37502],[19,-53],[-91,-1],[0,27],[72,27]],[[38065,37383],[-19,67],[36,14],[19,-40],[72,1],[35,67],[55,-13],[0,-40],[-72,-14],[19,-40],[-91,12],[-54,-14]],[[19636,37325],[-36,-41],[-18,27],[53,54],[54,14],[-53,-54]],[[21532,37396],[18,-40],[-90,26],[72,14]],[[38518,37334],[-19,26],[72,28],[-72,-1],[-37,27],[91,1],[-1,40],[-72,-1],[71,55],[-90,-1],[17,40],[73,1],[18,-40],[144,28],[-16,-108],[-126,-1],[18,-26],[-16,-95],[-109,-1],[54,28]],[[19436,37390],[36,14],[1,-54],[-127,-1],[90,41]],[[36457,37369],[55,1],[-1,67],[-54,-28],[0,-40]],[[36457,37369],[-18,40],[35,41],[-72,-1],[0,27],[72,1],[-37,40],[73,-26],[36,13],[-17,-107],[54,14],[0,40],[90,28],[-2,80],[37,-67],[55,-13],[-18,-40],[-72,13],[-54,-14],[-17,-54],[-90,-41],[-55,26]],[[38406,37561],[19,-40],[-55,-1],[-19,54],[55,-13]],[[20881,37430],[109,-53],[1,-53],[54,-27],[-72,-14],[-90,26],[16,94],[-18,27]],[[36401,37503],[-19,54],[72,14],[-53,-68]],[[35948,37606],[-18,-53],[-37,53],[55,0]],[[36959,37615],[55,-13],[1,-53],[-55,40],[-72,-28],[-17,-40],[-55,26],[-1,40],[91,-12],[53,40]],[[37864,37570],[-37,26],[72,28],[-35,-54]],[[37664,37635],[37,-53],[90,1],[1,-54],[-36,-14],[17,54],[-144,12],[0,-27],[109,-12],[-90,-28],[-36,-41],[-2,121],[54,41]],[[36598,37639],[109,-66],[-127,39],[18,27]],[[37286,37551],[-125,-108],[-36,13],[53,81],[54,-13],[-1,67],[-72,-1],[35,41],[127,-12],[19,-54],[-54,-14]],[[38278,37667],[18,-40],[-72,0],[54,40]],[[38894,37579],[0,-54],[-36,0],[-1,54],[54,40],[17,68],[1,-94],[-35,-14]],[[38133,37693],[0,-40],[-54,40],[54,0]],[[18494,37529],[90,-13],[-144,-14],[-18,26],[72,1]],[[21330,37555],[73,-26],[-17,-54],[-19,40],[-72,-1],[-72,-41],[-19,41],[36,27],[90,14]],[[25178,37590],[1,-40],[-72,-28],[1,-53],[-71,-55],[-2,81],[72,41],[-19,40],[90,14]],[[37482,37701],[-72,-28],[0,27],[72,1]],[[39037,37647],[-36,0],[89,68],[1,-40],[-54,-28]],[[25324,37497],[-90,0],[0,26],[72,1],[17,54],[-72,-14],[108,55],[1,-108],[-36,-14]],[[37861,37717],[-17,-67],[-109,26],[73,1],[53,40]],[[26949,37620],[-54,-28],[-1,67],[54,1],[1,-40]],[[38728,37765],[19,-80],[-37,53],[-72,-14],[0,27],[90,14]],[[37355,37740],[-54,-27],[-36,26],[53,41],[37,-40]],[[38149,37787],[2,-80],[-55,13],[-19,40],[72,27]],[[38312,37789],[19,-40],[-73,-1],[1,-54],[-54,0],[-19,53],[36,41],[90,1]],[[45882,37855],[19,-40],[-108,-14],[1,-67],[-36,-1],[-20,94],[91,-13],[53,41]],[[37355,37740],[90,28],[-71,-68],[-19,40]],[[38493,37790],[36,1],[1,-94],[55,-13],[-18,-41],[-180,-1],[53,54],[-126,-15],[-19,27],[54,27],[90,1],[17,81],[37,-27]],[[38745,37819],[73,-26],[-109,-1],[36,27]],[[25068,37710],[-17,-94],[-72,-1],[36,41],[-1,54],[54,0]],[[38600,37831],[-16,-107],[-2,107],[18,0]],[[35873,37767],[0,-27],[-90,-1],[1,-67],[-37,40],[-54,0],[17,54],[72,0],[54,54],[36,1],[1,-54]],[[38943,37848],[2,-94],[-35,-54],[-19,27],[36,40],[-73,0],[-90,-28],[18,40],[144,15],[17,54]],[[26947,37754],[-17,-67],[-91,-15],[18,54],[90,28]],[[37552,37862],[18,-26],[-108,12]],[[37462,37848],[89,41],[1,-27]],[[44454,37896],[-36,-13],[17,54],[36,13],[-17,-54]],[[21074,37754],[-16,-107],[-73,-1],[17,81],[72,27]],[[37117,37912],[20,-93],[-73,53],[53,40]],[[21182,37782],[37,-40],[-36,-41],[-1,81]],[[37371,37861],[0,-14]],[[37371,37847],[0,14]],[[37371,37861],[91,-13]],[[37462,37848],[-54,-27],[-72,-1],[-90,-41],[-19,27],[89,81],[18,41]],[[37334,37928],[1,-41],[53,28],[-17,-54]],[[38149,37787],[-90,-1]],[[38059,37786],[-35,-67],[1,-54],[-108,-41],[89,81],[-1,41],[-144,-2],[35,54],[37,-40],[-1,54],[-54,0],[-1,53],[-72,13],[71,55]],[[37876,37933],[38,-94],[90,14],[-36,-41],[19,-26],[125,81],[-35,-54],[72,-26]],[[20965,37767],[-35,-28],[-1,54],[72,14],[-36,-40]],[[37876,37933],[-36,-14],[-109,12],[145,15],[0,-13]],[[33739,37882],[0,-27],[-72,0],[71,41],[0,27],[91,-13],[-90,-28]],[[21361,37864],[1,-67],[72,28],[-17,-41],[-126,-14],[53,27],[17,67]],[[22590,37835],[-53,-41],[-90,0],[107,41],[0,40],[54,-13],[-18,-27]],[[26131,37894],[-35,-54],[-1,54],[-72,-28],[-72,0],[-1,40],[55,-13],[35,27],[109,1],[-18,-27]],[[37334,37928],[36,27],[72,1],[35,67],[-17,-81],[-126,-14]],[[37640,38024],[-17,-67],[1,-94],[-20,94],[-37,53],[73,14]],[[37134,37966],[-17,-27],[-90,-27],[1,-41],[-55,0],[0,40],[53,41],[0,40],[54,1],[17,40],[55,-13],[126,1],[-17,-40],[-91,26],[-36,-41]],[[27305,37905],[-35,-27],[-19,40],[72,41],[72,0],[0,-26],[-90,-28]],[[21198,37930],[37,-67],[-54,-41],[17,108]],[[25823,37972],[73,-40],[18,-40],[-163,26],[-1,53],[73,1]],[[27594,37948],[0,-27],[-162,-1],[162,28]],[[26979,37996],[19,-54],[-72,-27],[-1,40],[54,41]],[[18325,37930],[-35,-67],[-2,94],[72,1],[-35,-28]],[[21647,38041],[19,-53],[-53,-27],[-53,-68],[-1,54],[71,54],[17,40]],[[35830,38170],[-17,-68],[-90,-14],[36,41]],[[35759,38129],[17,40],[54,1]],[[35759,38129],[-55,-1],[1,-40],[-73,13],[-1,80],[37,-40],[35,54],[1,-53],[55,-13]],[[35830,38170],[17,53],[55,1],[18,-40],[-53,-28],[-37,14]],[[25297,38088],[-19,40],[36,28],[36,-27],[-53,-41]],[[34239,38236],[1,-81],[-72,-14],[-35,-40],[-181,-2],[17,41],[127,-13],[72,28],[71,81]],[[38684,38235],[19,-53],[-36,-14],[17,67]],[[21521,38054],[1,-67],[-36,-1],[-1,67],[52,82],[-16,-81]],[[26795,38196],[72,-13],[-54,-14],[19,-53],[-108,-1],[-37,66],[72,-12],[36,27]],[[35847,38264],[36,-27],[-126,-1],[35,54],[108,15],[-53,-41]],[[37761,38308],[91,-13],[74,-80],[-73,-1],[-37,54],[-72,-28],[17,68]],[[25042,38220],[0,-54],[-55,54],[55,0]],[[27047,38238],[-16,-147],[-71,-28],[17,40],[-73,40],[108,1],[0,27],[-72,-14],[35,67],[72,14]],[[37002,38355],[1,-68],[-72,0],[-73,39],[90,1],[54,28]],[[42712,38351],[-18,27],[54,14],[-36,-41]],[[39676,38338],[-35,-41],[-72,-14],[-1,27],[-72,0],[-35,-41],[91,-53],[90,-13],[-107,-41],[-19,54],[-91,12],[-18,41],[53,54],[126,1],[54,41],[126,28],[-90,-55]],[[38122,38391],[90,-12],[-17,-41],[-73,13],[-17,-54],[54,14],[19,-67],[-108,-1],[16,94],[-72,0],[0,27],[108,27]],[[39531,38391],[36,13],[19,-67],[-91,26],[36,28]],[[39964,38408],[55,-13],[1,-54],[-145,-15],[0,54],[90,-13],[-1,41]],[[37237,38316],[-54,27],[-91,-1],[-1,54],[109,1],[-18,-41],[55,1],[0,-41]],[[38465,38394],[0,-40],[-144,-1],[144,41]],[[39388,38322],[-55,26],[1,-53],[-36,-1]],[[39298,38294],[17,68],[-127,-15],[54,41],[199,2],[-36,-27],[19,-67],[-54,-14],[18,40]],[[21661,38297],[20,-94],[-36,-14],[-19,81],[35,27]],[[26865,38331],[1,-54],[-90,-28],[35,81],[54,1]],[[51149,38506],[17,40]],[[51166,38546],[37,-13],[1,-67],[-55,40]],[[34832,38443],[19,-40],[-91,-15],[0,41],[72,14]],[[51166,38546],[-17,-40]],[[51149,38506],[-36,-1],[-20,81],[73,-13],[0,-27]],[[39005,38493],[20,-67],[-36,-13],[16,80]],[[55755,38639],[55,-26],[0,-41],[-90,13],[35,54]],[[22799,38361],[19,-80],[-54,-14],[-1,53],[36,41]],[[37761,38308],[-54,26]],[[37707,38334],[-36,-41],[-54,13]],[[37617,38306],[-107,-81],[108,14],[-89,-54],[-73,39],[-18,-54],[-108,13],[107,68]],[[37437,38251],[-108,-1],[-90,-28],[-127,-1],[-35,-27],[18,-40],[-54,26]],[[37041,38180],[-163,12],[-19,54],[379,3],[36,14],[-37,53]],[[37237,38316],[36,1],[-1,67],[107,108],[19,-53],[2,-108],[90,15],[37,-40],[17,67],[54,14],[53,54],[54,0],[-35,-40],[108,14],[-17,-107]],[[37617,38306],[35,41],[-54,0],[19,-41]],[[37437,38251],[72,14]],[[37509,38265],[-72,-14]],[[37345,38331],[17,67],[-36,0],[19,-67]],[[37292,38303],[0,-40],[54,28],[-54,12]],[[21534,38363],[19,-54],[-55,0],[36,54]],[[37054,38463],[2,-81],[-91,-14],[-54,26],[-37,67],[108,14],[36,-13],[18,41],[90,14],[-72,-54]],[[39529,38538],[55,-53],[-55,13],[0,40]],[[34144,38517],[18,-13],[2,-121],[-18,0],[-2,134]],[[37342,38519],[-54,-14],[-17,-67],[-72,-1],[54,27],[-37,54],[144,14],[-18,-13]],[[37541,38521],[37,-13],[-54,-41],[17,54]],[[39529,38538],[-54,-27],[1,-54],[-55,27],[35,54],[72,27],[1,-27]],[[51273,38668],[55,-27],[-72,-41],[-37,27],[54,41]],[[38354,38528],[-17,-54],[37,-27],[-91,13],[-1,40],[89,82],[-17,-54]],[[35843,38506],[35,67],[54,0],[-35,-54],[-54,-13]],[[47713,38677],[0,-40],[-72,-1],[-18,27],[90,14]],[[36673,38594],[18,-41],[-35,-27],[-91,13],[0,27],[108,28]],[[39293,38617],[1,-81],[-54,-14],[53,95]],[[26916,38519],[37,-66],[-90,-15],[-91,53],[-1,27],[145,1]],[[36835,38608],[1,-53],[36,0],[1,-54],[-55,27],[19,-67],[-17,-68],[-54,-14],[19,-26],[-72,-1],[-19,67],[89,55],[-1,67],[36,14],[17,53]],[[38465,38394],[36,28],[-55,39],[90,1],[90,41],[-1,68],[89,54],[55,-13],[-90,-41],[-17,-81],[-35,-40],[-109,-1],[38,-81],[-54,-27],[17,54],[-54,-1]],[[39167,38575],[-36,0],[17,54],[72,1],[-53,-55]],[[15842,38378],[-1,40],[72,14],[1,-40],[-72,-14]],[[36113,38575],[19,-80],[-36,-14],[-19,40],[-72,26],[54,28],[17,40],[54,1],[-17,-41]],[[38172,38647],[19,-80],[90,14],[1,-40],[-90,-41],[17,53],[-90,13],[-1,54],[54,27]],[[25416,38546],[1,-81],[-54,-13],[-35,-55],[-1,68],[53,27],[36,54]],[[37178,38638],[90,28],[1,-54],[-90,-68],[-1,94]],[[38028,38619],[-19,54],[54,13],[0,-53],[-35,-14]],[[39761,38702],[18,-14],[2,-94],[-37,13],[17,95]],[[39964,38408],[-37,53],[-54,0],[1,-54],[-36,0],[-1,80],[-54,-14],[70,95],[0,40],[144,2],[91,14],[53,27],[-19,54],[73,-27],[144,15],[37,-40],[-90,-27],[-35,-41],[-72,-1],[-17,-80],[90,0],[19,-26],[-109,12],[18,-27],[-198,-1],[-18,-54]],[[40035,38502],[91,-12],[16,107],[-108,-1],[-18,-27],[-72,0],[-36,-27],[55,-27],[72,28],[0,-41]],[[39021,38655],[-55,39],[126,15],[-34,-94],[-54,-14],[17,54]],[[27348,38590],[-18,27],[126,1],[-108,-28]],[[36942,38717],[1,-108],[-72,27],[-1,67],[72,14]],[[36310,38698],[-73,-1],[18,27],[108,1],[-53,-27]],[[35731,38746],[0,-40],[73,-13],[-18,-40],[-54,-14],[-54,26],[53,81]],[[36526,38700],[-90,-28],[37,-27]],[[36473,38645],[-72,-27],[1,-40]],[[36402,38578],[-90,-55]],[[36312,38523],[71,108],[-54,0],[-55,40],[90,-13],[18,54],[54,0],[-1,41]],[[36435,38753],[37,-40],[54,-13]],[[36312,38523],[1,-54],[90,42],[-1,67]],[[36402,38578],[54,14],[53,54],[-36,-1]],[[36473,38645],[53,55]],[[36526,38700],[72,27]],[[36598,38727],[36,27],[36,-26],[-125,-55],[-17,-54],[2,-121],[-54,-14],[-1,41],[-89,-68],[-127,-1],[0,40],[53,27]],[[38731,38679],[-36,0],[-1,53],[54,14],[-17,-67]],[[16507,38545],[54,41],[19,-54],[-108,-14],[35,27]],[[37194,38773],[36,-13],[-125,-82],[-90,-28],[-37,40],[216,83]],[[16092,38555],[-91,-1],[36,40],[72,1],[-17,-40]],[[39074,38722],[-1,81],[36,0],[-35,-81]],[[15748,38565],[-126,-28],[71,54]],[[15693,38591],[55,-26]],[[15748,38565],[37,-40],[-1,54],[36,27],[1,-81],[-72,-14],[-1,54]],[[22414,38680],[19,-67],[18,27],[163,-26],[18,-26],[91,-13],[-108,-14],[-73,39],[-36,-13],[-91,12],[-1,81]],[[38639,38786],[-54,-1],[17,41],[55,0],[-18,-40]],[[40591,38803],[-18,-54]],[[40573,38749],[-35,-41],[-90,-54],[-54,26],[-19,40],[90,41],[-37,54],[126,1],[18,27],[73,-40],[-54,0]],[[39379,38846],[38,-94],[-72,-41],[1,-53],[-90,-28],[-55,53],[127,1],[-20,67],[55,1],[17,40],[-37,54],[36,0]],[[16253,38650],[1,-54],[-91,-14],[-18,27],[108,41]],[[36218,38791],[-54,-27],[-1,40],[54,41],[1,-54]],[[42686,38862],[-1,53],[72,1],[-71,-54]],[[36777,38877],[1,-68],[-73,0],[35,67],[37,1]],[[21926,38689],[-37,40],[90,1],[-53,-41]],[[46697,38937],[90,1],[55,-67]],[[46842,38871],[19,-40],[-72,-1],[-1,27],[-72,13],[35,41],[-72,-1],[19,-94],[-36,27],[-1,80],[-36,0],[17,54],[54,0],[1,-40]],[[46842,38871],[-36,0]],[[46806,38871],[36,0]],[[39505,38887],[-72,0],[-1,40],[90,1],[-17,-41]],[[39994,38838],[-37,13],[-1,81],[72,0]],[[40028,38932],[2,-80],[-36,-14]],[[56092,39032],[20,-67],[-37,40],[35,67],[72,1],[-18,-27],[-72,-14]],[[36596,38835],[-17,-27],[19,-81]],[[36598,38727],[-36,0],[-1,67],[-90,-1],[-36,-40]],[[36435,38753],[-36,-14],[-1,54],[54,13],[0,41],[72,14],[-1,54],[54,0],[19,-80]],[[40715,38911],[55,-26],[-54,-41],[-54,27],[35,81],[18,-41]],[[37281,38975],[1,-54],[-72,-41],[-37,67],[72,-13],[36,41]],[[54610,39086],[-73,-1],[72,28],[0,27],[72,0],[-71,-54]],[[30975,38946],[109,-40],[-145,-1],[36,41]],[[16504,38733],[-72,-1],[54,28],[17,67],[1,-94]],[[35275,38997],[19,-107],[-72,13],[-37,40],[36,41],[54,13]],[[40033,38664],[-37,26],[-126,-1],[53,27],[91,1],[-37,54],[17,67]],[[39994,38838],[36,-13],[53,54],[18,54],[-73,-1]],[[40028,38932],[0,27],[90,1],[35,81],[55,-13],[-36,-68],[-16,-121],[-54,0],[-17,-54],[-36,0],[-17,-68],[72,-12],[-35,-55],[-36,14]],[[47850,39108],[2,-94],[-56,94],[54,0]],[[51844,39129],[1,-40],[-55,13],[18,41],[71,41],[-35,-55]],[[21452,38926],[-17,-67],[-36,0],[17,53],[36,14]],[[35906,39057],[1,-40],[-72,-1],[-1,27],[72,14]],[[40187,39175],[37,-66],[-35,-41],[-38,80],[36,27]],[[42030,39192],[19,-54],[-54,-14],[-1,54],[36,14]],[[41887,39096],[-55,54],[17,54],[55,-27],[-17,-54],[54,14],[1,-54],[-55,13]],[[35904,39164],[-89,-27],[36,-40],[54,27],[-1,40]],[[35904,39164],[19,-26],[54,14],[19,-54],[127,-12],[-18,-27]],[[36105,39059],[72,-13],[2,-94],[37,-27],[-163,-1],[-54,-41],[17,67]],[[36016,38950],[-90,0],[-19,53],[72,41],[72,1],[-19,26],[-126,-14]],[[35906,39057],[-36,26],[-199,-1],[35,54],[144,14],[-18,27],[72,-13]],[[36016,38950],[73,1],[35,27],[-36,40],[-90,-27],[18,-41]],[[21649,39009],[-71,-28],[-1,67],[108,15],[-36,-54]],[[21847,39064],[20,-107],[-72,13],[52,94]],[[35580,39121],[-36,0],[17,54],[72,14],[1,-41],[-54,-27]],[[46204,39255],[54,-13],[-17,-40],[-91,26],[17,54],[90,0],[-53,-27]],[[52130,39307],[-36,26],[144,15],[-108,-41]],[[46076,39308],[1,-54],[-55,53],[54,1]],[[41902,39285],[1,-41],[54,-13],[-144,-14],[35,54],[54,14]],[[42173,39314],[0,-27],[-108,-28],[0,40],[108,15]],[[42300,39288],[-36,-14],[17,54],[72,1],[-53,-41]],[[35577,39282],[1,-53],[-108,-15],[-19,54],[126,14]],[[41919,39365],[37,-40],[1,-53],[-73,39],[-19,40],[54,14]],[[41215,39332],[-37,40],[108,1],[2,-80],[-91,12],[18,27]],[[21701,39143],[-71,-27],[-1,67],[35,41],[55,-40],[-18,-41]],[[17635,39200],[19,-40],[-127,-1],[0,27],[108,14]],[[21863,39185],[-36,13],[71,55],[-35,-68]],[[19820,39274],[55,-26],[-18,-41],[-91,66],[54,1]],[[21337,39315],[19,-40],[54,-13],[-90,-15],[0,27],[-73,26],[90,15]],[[22656,39327],[19,-54],[-54,-27],[-55,53],[90,28]],[[40453,39473],[73,1],[-36,-54],[-54,-1],[17,54]],[[22799,39409],[1,-54],[55,-26],[1,-68],[-72,-14],[-3,162],[18,0]],[[36098,39502],[-108,-15],[35,28],[73,-13]],[[22980,39437],[72,-39],[36,13],[1,-53],[-53,-41],[-37,26],[-35,-40],[-3,134],[19,0]],[[20775,39444],[19,-67],[-72,-28],[-1,68],[54,27]],[[40922,39531],[1,-27],[-72,0],[-20,67],[90,68],[54,0],[-53,-108]],[[53841,39697],[-54,13],[72,14],[35,41],[-17,-67],[-36,-1]],[[20954,39540],[55,-40],[-108,-15],[17,54],[36,1]],[[44985,39768],[0,-40],[55,-13],[-108,-28],[17,68],[36,13]],[[36475,39640],[35,67],[19,-54],[-54,-13]],[[24749,39534],[-36,0],[-1,67],[36,14],[1,-81]],[[25560,39635],[1,-40],[-72,-41],[71,81]],[[20808,39605],[36,14],[-17,-67],[-108,-1],[17,40],[72,14]],[[44640,39833],[37,-40],[-91,26],[54,14]],[[24999,39684],[1,-40],[72,0],[-17,-27],[-73,13],[-91,53],[108,1]],[[25415,39701],[1,-107],[-18,26],[17,81]],[[25613,39716],[-35,-67],[-54,13],[89,54]],[[22343,39713],[1,-67],[-54,-54],[-72,13],[89,54],[-18,41],[54,13]],[[22488,39661],[54,1],[-71,-68],[-1,40],[-54,0],[53,81],[36,0],[-17,-54]],[[35189,39843],[19,-67],[-37,40],[-90,-1],[108,28]],[[24891,39710],[34,81],[38,-94],[-72,13]],[[25160,39833],[3,-188],[-36,-14],[-2,81],[-36,40],[54,0],[-38,94],[55,-13]],[[36307,39960],[55,-26],[1,-40],[-55,13],[-1,53]],[[24689,39869],[20,-80],[-73,-14],[-18,40],[54,0],[-37,54],[54,0]],[[26116,39882],[20,-80],[-55,40],[35,40]],[[25412,39889],[37,-80],[-54,-14],[19,-80],[-53,-14],[-20,107],[17,67],[54,14]],[[21835,39803],[36,0],[53,68],[145,1],[18,-27],[-108,-1],[-35,-54],[-109,13]],[[25736,39946],[1,-67],[-91,26],[18,40],[72,1]],[[47635,40141],[1,-54],[-72,26],[71,28]],[[21835,39803],[-54,-27],[-1,94],[-73,12],[0,27],[108,15],[2,-94],[18,-27]],[[25609,39985],[36,-13],[-17,-40],[-108,-15],[17,41],[36,-14],[36,41]],[[22031,39966],[37,-40],[-54,13],[18,-54],[-36,13],[-1,68],[36,0]],[[24849,40032],[3,-161],[-18,-14],[-2,108],[-19,40],[36,27]],[[24560,40043],[1,-54],[-73,-1],[-55,54],[127,1]],[[21578,40056],[1,-54],[-37,13],[-16,-81],[-55,13],[-1,54],[108,55]],[[21958,40005],[19,-66],[-36,26],[-54,-27],[17,67],[89,55],[-35,-55]],[[25336,40090],[0,-27],[91,1],[91,-26],[-91,-14],[-126,-1],[35,67]],[[21795,40031],[-54,-27],[0,53],[72,1],[-18,-27]],[[29021,40150],[2,-94],[-36,-13],[-19,80],[53,27]],[[20999,40118],[18,-27],[-71,-41],[-1,54],[54,14]],[[25534,40159],[90,-26],[-17,-67],[-72,26],[-37,53],[-1,54],[54,-13],[-17,-27]],[[38217,40327],[1,-81],[-54,26],[53,55]],[[23184,40205],[18,-27],[-108,-1],[17,27],[73,1]],[[38380,40328],[0,-40],[-127,26],[127,14]],[[17817,40169],[19,-54],[55,-13],[-90,-14],[16,81]],[[38090,40326],[-53,-55],[-1,68],[54,-13]],[[25787,40148],[-36,-14],[-2,121],[38,-107]],[[17834,40236],[56,-66],[-36,-1],[-74,67],[54,0]],[[21303,40308],[36,-40],[-17,-27],[-72,0],[53,67]],[[28873,40404],[19,-53],[-55,26],[36,27]],[[35702,40506],[-36,-14],[-126,-1],[-1,13],[163,2]],[[21429,40323],[17,81],[36,0],[-53,-81]],[[35106,40514],[-72,-14],[-19,27],[126,14],[0,14],[163,14],[0,-26],[-145,-2],[-53,-27]],[[18157,40387],[-36,-14],[-17,-81],[-36,14],[35,80],[54,1]],[[22690,40536],[-17,-67],[-90,-15],[-18,41],[90,-13],[35,54]],[[23450,40516],[0,-27],[-126,-41],[-55,40],[0,40],[72,27],[72,1],[-1,27],[73,1],[-35,-68]],[[23683,40585],[1,-53],[-72,-28],[71,81]],[[23141,40607],[19,-80],[-54,-1],[35,81]],[[23973,40575],[-17,-81],[-72,-28],[-1,81],[71,68],[19,-40]],[[23248,40675],[19,-67],[-54,-13],[-19,53],[37,-13],[17,40]],[[21821,40662],[-72,-27],[-19,40],[72,14],[19,-27]],[[21821,40662],[54,28],[18,-27],[-72,-27],[0,26]],[[23013,40687],[1,-41],[-54,-27],[-53,-68],[-127,-1],[91,15],[71,81],[71,41]],[[23373,40771],[19,-67],[109,1],[0,-41],[-126,13],[-19,26],[17,68]],[[23680,40800],[19,-40],[-91,-1],[0,41],[72,0]],[[30511,40795],[-54,0],[35,67],[36,0],[-17,-67]],[[23607,40853],[36,-40],[-162,-14],[-91,26],[217,28]],[[37086,40975],[37,-67],[-36,0],[-37,53],[36,14]],[[22885,40793],[-19,54],[72,0],[-53,-54]],[[31558,40885],[90,14],[73,-80],[-54,0],[1,-40],[-54,-14],[-56,66],[73,1],[-1,27],[-126,-1],[-37,13],[17,81],[109,1],[-35,-68]],[[33654,40891],[34,94],[55,-13],[-54,-27],[-35,-54]],[[31375,40978],[18,13]],[[31393,40991],[56,-80],[-36,-14],[-38,81]],[[36796,41026],[0,-13],[-126,-2],[-55,13],[72,15],[145,1],[-36,-14]],[[44096,41104],[109,-12],[-18,-28],[-72,0],[-36,-54],[37,-40],[-36,-14],[-20,121],[36,27]],[[20425,40905],[1,-40],[-91,12],[90,28]],[[21003,40937],[1,-67],[-89,-68],[17,54],[36,14],[-1,53],[36,14]],[[31393,40991],[-18,-13]],[[31375,40978],[-71,-28],[-19,27]],[[31285,40977],[-72,13],[-1,40],[108,28],[1,-54],[72,27],[0,-40]],[[40536,41113],[-54,-27],[-1,40],[55,-13]],[[29964,41099],[90,-12],[19,-27],[-127,-1],[-127,25],[127,2],[18,13]],[[23804,40963],[-36,-28],[16,135],[72,-13],[1,-67],[-53,-27]],[[23712,41042],[54,41],[0,-40],[-54,-27],[-17,-54],[-36,-1],[-1,81],[54,0]],[[46263,41230],[-19,41],[90,27],[-72,-41],[1,-27]],[[23350,41106],[19,-94],[-55,40],[36,54]],[[24000,41139],[36,-40],[-53,-27],[0,-41],[-90,0],[-19,26],[73,1],[35,27],[-19,54],[37,0]],[[24776,41173],[55,-40],[1,-40],[-73,13],[17,67]],[[26222,41186],[18,-53],[-54,13],[36,40]],[[29078,41118],[-18,13]],[[29060,41131],[18,-13]],[[29078,41118],[-54,-27],[-35,-81],[-19,80],[-37,40],[90,14],[-54,13],[89,55],[73,-26],[-53,-68]],[[23221,41199],[37,-26],[-53,-41],[-73,-1],[0,40],[89,28]],[[24667,41199],[2,-94],[-108,-28],[71,41],[35,81]],[[46404,41420],[-17,-27],[-90,-15],[-1,27],[108,15]],[[23059,41211],[0,-40],[-54,-1],[-19,40],[73,1]],[[35201,41334],[36,-13],[-35,-41],[-55,27],[54,27]],[[23185,41239],[0,-27],[-90,-27],[35,54],[55,0]],[[22950,41250],[18,-26],[-108,-1],[-36,-54],[-36,-1],[17,68],[127,1],[18,13]],[[23275,41226],[-54,27],[162,1],[-108,-28]],[[25154,41284],[0,-40],[109,1],[1,-54],[-91,-1],[-18,27],[90,-13],[0,27],[-108,-1],[-19,40],[36,14]],[[39554,41454],[1,-41],[-72,0],[-1,26],[72,15]],[[25261,41352],[-35,-67],[-37,26],[72,41]],[[46222,41552],[37,-66],[-73,26],[36,40]],[[26651,41432],[20,-81],[-54,-27],[-1,54],[35,54]],[[22296,41459],[19,-67],[-72,-27],[-20,80],[73,14]],[[24700,41387],[-1,67],[36,28],[19,-54],[89,68],[1,-81],[-72,0],[-53,-81],[-109,26],[-19,80],[37,-40],[72,-13]],[[23740,41513],[19,-54],[-35,-27],[16,81]],[[40147,41674],[2,-108],[72,1],[1,-54],[-109,40],[34,121]],[[25188,41419],[-19,26]],[[25169,41445],[73,-13],[35,28]],[[25277,41460],[53,81]],[[25330,41541],[0,40],[54,1]],[[25384,41582],[19,-81],[55,-13],[37,-67],[-127,-1],[17,68],[-35,-41],[-162,-28]],[[25330,41541],[-71,-41],[18,-40]],[[25277,41460],[-54,-1],[-1,40],[-72,13],[19,-67]],[[25169,41445],[19,-26]],[[25188,41419],[19,-54],[-37,0]],[[25170,41365],[-71,-41],[-1,67],[-55,40],[-145,-2],[-20,134],[72,15],[-35,-68],[19,-53],[36,13],[163,-12],[-2,94],[54,55],[0,-54],[145,-12]],[[29828,41649],[1,-27],[144,1],[-35,-81],[-18,54],[-36,-41],[-72,-1],[16,95]],[[35864,41689],[-90,-54],[-19,67],[127,1],[-18,-14]],[[21318,41585],[-36,-41],[-19,40],[55,1]],[[39224,41746],[19,-53],[-73,53],[54,0]],[[18661,41587],[55,-53],[-72,-1],[17,54]],[[22871,41626],[19,-54],[-89,-54],[-19,40],[17,54],[72,14]],[[22672,41637],[37,-40],[-72,0],[35,40]],[[23902,41595],[-73,-1],[72,55],[90,0],[-53,-54],[-36,0]],[[25274,41661],[0,-27],[73,-13],[18,-26],[-90,-1],[-1,67]],[[33586,41750],[18,-27],[-72,-28],[-18,41],[72,14]],[[21461,41653],[55,-26],[-91,-1],[-17,-27],[-55,26],[108,28]],[[25384,41582],[16,80],[37,-13]],[[25437,41649],[71,41],[2,-94],[-72,-41],[-54,27]],[[22418,41675],[19,-40],[-162,-42],[-54,0],[108,55],[72,0],[17,27]],[[23466,41712],[-17,-54],[-126,-68],[-1,67],[55,0],[35,54],[54,1]],[[24821,41724],[1,-67],[-36,-14],[-19,67],[54,14]],[[26158,41736],[73,-53],[-108,-14],[-35,-27],[-1,53],[71,41]],[[20593,41699],[1,-54],[55,-40],[-55,0],[-19,94],[18,0]],[[21785,41723],[-53,-67],[-19,40],[72,27]],[[22273,41728],[19,-54],[-72,0],[17,53],[36,1]],[[25670,41745],[108,28],[-17,-27],[108,1],[36,27]],[[25905,41774],[-18,-54],[-90,0],[19,-41],[-127,-1],[-19,67]],[[23466,41712],[108,55],[-36,-55],[-72,0]],[[23016,41600],[-18,0],[16,148],[36,0],[1,-80],[-35,-68]],[[21658,41789],[1,-67],[-36,0],[35,67]],[[25416,41824],[19,-54],[-72,-1],[-19,27],[72,28]],[[22110,41767],[53,40],[37,-13],[-18,-40],[-180,-15],[-1,27],[109,1]],[[24746,41898],[1,-54],[-54,-40],[-1,80],[54,14]],[[40052,41955],[-36,0],[-1,67],[36,14],[1,-81]],[[22631,41933],[1,-54],[73,-40],[-72,-1],[-18,-40],[-2,134],[18,1]],[[33364,42016],[92,-66],[1,-54],[-36,0],[-1,54],[-128,52],[0,27],[72,-13]],[[19433,41917],[0,-41],[-53,-41],[53,82]],[[21511,41909],[-17,-54],[-36,-14],[-19,67],[72,28],[72,0],[-72,-27]],[[39038,42094],[1,-41],[-72,-14],[-1,41],[72,14]],[[20661,41941],[-35,-54],[-36,0],[-1,54],[72,0]],[[24746,41898],[-37,40],[55,-13],[-1,54],[36,0],[19,-53],[-72,-28]],[[21329,41961],[2,-94],[-90,-41],[53,94],[-37,27],[72,14]],[[21926,41966],[55,-39],[-73,-1],[-89,-82],[-108,-14],[54,41],[90,28],[35,67],[36,0]],[[22433,41917],[36,-13],[-54,-27],[18,40]],[[25540,41959],[0,27],[108,1]],[[25648,41987],[-17,-81]],[[25631,41906],[38,-67]],[[25669,41839],[36,-40],[-35,-54]],[[25670,41745],[-54,13],[19,-53],[-109,12],[89,68],[-1,94],[-73,-1],[-37,54]],[[25504,41932],[-73,53],[36,41],[54,0],[19,-67]],[[25631,41906],[-18,0]],[[25613,41906],[18,0]],[[25669,41839],[-18,-13]],[[25651,41826],[18,13]],[[25955,41990],[-36,13],[19,-54],[17,41]],[[25955,41990],[19,-54],[-126,-1],[37,-80],[36,0]],[[25921,41855],[54,27],[-17,-80],[-53,-28]],[[25905,41774],[-110,53],[0,40],[-92,67],[90,41],[-1,54],[-72,12],[72,14],[73,-93],[36,27],[-55,40],[109,-12],[0,-27]],[[21817,42006],[18,-27],[-108,-14],[-36,-28],[-72,0],[-37,26],[127,1],[-19,40],[73,-12],[54,14]],[[22015,42034],[36,-13],[-16,-81],[18,-40],[73,1],[-18,-27],[145,1],[53,28],[-17,-41],[-289,-2],[-2,120],[17,54]],[[25648,41987],[-37,53],[55,-13],[35,41],[2,-107],[-55,26]],[[40789,42203],[1,-27],[-145,26],[144,1]],[[21311,42001],[-73,26],[108,1],[1,-54],[-36,27]],[[27093,42054],[36,-13],[-54,-28],[18,41]],[[23749,42077],[19,-40],[-109,26],[90,14]],[[24002,42079],[37,-40],[36,28],[19,-81],[-73,13],[1,-54],[-90,26],[70,108]],[[24327,42096],[19,-40],[-71,-82],[2,-120],[-54,-1],[-2,81],[36,13],[-55,67],[73,-26],[-2,94],[54,14]],[[27002,42107],[19,-54],[-73,26],[17,41],[37,-13]],[[35477,42116],[-72,-1],[-1,54],[36,27],[90,-13],[-17,-67],[-36,0]],[[35639,42198],[0,-40],[55,-13],[-36,-28],[1,-67],[-55,27],[18,27],[-54,13],[-1,40],[72,41]],[[26333,42114],[37,-40],[-73,-1],[36,41]],[[21762,42045],[18,-26],[-90,12],[-1,27],[73,-13]],[[47546,42343],[19,-13],[-53,-68],[-1,67],[35,14]],[[34301,42186],[-36,0],[-1,53],[91,15],[-54,-28],[0,-40]],[[37878,42298],[-35,-67],[-90,-14],[53,40],[-18,41],[90,0]],[[23711,42184],[1,-67],[-36,-14],[35,81]],[[25483,42160],[1,-81],[-36,0],[-2,121],[54,14],[-17,-54]],[[47654,42398],[37,-40],[-91,26],[54,14]],[[50636,42437],[1,-80],[-55,39],[54,41]],[[25176,42117],[-90,-1],[-19,40],[-35,-40],[-73,-1],[17,67],[54,54],[109,-79],[90,14],[2,-67],[-55,13]],[[26005,42245],[19,-40],[-72,-14],[-1,40],[54,14]],[[35565,42278],[0,27],[-90,-28],[90,1]],[[35565,42278],[-53,-54],[-19,40],[-35,-54],[-73,-1],[-1,121],[198,2],[37,-67],[-54,13]],[[22355,42212],[55,-13],[-36,-27],[-19,40]],[[22481,42240],[1,-27],[126,1],[-53,-27],[-91,-1],[-37,54],[54,0]],[[37931,42379],[0,-26]],[[37931,42353],[72,14],[-35,-54],[-90,-15]],[[37878,42298],[-37,40],[-1,54],[91,-13]],[[24163,42202],[-36,-27],[17,80],[54,-26],[-35,-27]],[[38978,42429],[37,-13],[19,-54],[-54,-40],[-2,107]],[[37931,42379],[17,54],[72,1],[37,-40],[-126,-15]],[[23763,42346],[1,-94],[-37,94],[36,0]],[[38923,42482],[-35,-40],[36,-27],[-72,0],[17,53],[54,14]],[[42104,42510],[36,-26],[-90,-14],[-18,26],[72,14]],[[24001,42173],[-18,-54],[-36,0],[-1,67],[54,1],[17,94],[36,27],[1,-94],[-53,-41]],[[24993,42290],[-109,26]],[[24884,42316],[-90,-14],[35,54],[198,15],[20,-81],[-54,0]],[[26779,42427],[19,-40],[73,-13],[-126,-28],[-1,67],[35,14]],[[24123,42430],[37,-81],[-73,40],[36,41]],[[25894,42432],[0,-13]],[[25894,42419],[18,-13]],[[25912,42406],[127,14],[0,-40],[-54,26],[18,-40],[-72,13],[-54,-41],[-1,54],[-36,40],[54,0]],[[38923,42482],[54,14],[-37,54],[-53,-55],[-91,13],[91,14],[-19,40],[163,-12],[1,-53],[-36,-27],[-73,12]],[[24628,42461],[38,-67],[72,1],[37,-67],[-36,0],[-37,53],[-54,0],[-20,80]],[[25912,42406],[-18,13]],[[25894,42419],[0,13]],[[25894,42432],[17,41],[109,1],[-108,-68]],[[22640,42456],[1,-40],[-54,-27],[-1,67],[54,0]],[[24358,42418],[-108,-14],[125,68],[37,-26],[-54,-28]],[[20040,42365],[-18,0],[34,95],[19,-67],[-35,-28]],[[22243,42426],[-36,13],[90,41],[1,-67],[-55,13]],[[22803,42485],[18,0],[1,-107],[-36,39],[17,68]],[[25784,42539],[55,-80],[-54,-1],[-1,81]],[[24031,42536],[19,-80],[-53,-68],[-35,-81],[-2,121],[54,14],[-1,94],[18,0]],[[24248,42538],[-36,-40],[-19,53],[55,-13]],[[24501,42487],[-18,40],[108,14],[19,-67],[-126,-14],[17,27]],[[19821,42457],[-54,0],[53,68],[36,0],[-35,-68]],[[25927,42594],[92,-66],[-109,25],[17,41]],[[22803,42485],[-54,-28],[-1,54],[-54,0],[35,54],[73,-26],[1,-54]],[[50286,42824],[19,-27],[-72,-14],[53,68],[72,0],[0,-27],[-72,0]],[[24372,42647],[20,-81],[-55,0],[35,81]],[[26595,42667],[19,-67],[35,41],[91,1],[-89,-68],[-55,13],[-74,79],[73,1]],[[25149,42681],[19,-94],[-36,-14],[-1,108],[18,0]],[[22547,42671],[0,-27],[-127,-1],[0,26],[127,2]],[[23088,42743],[20,-121],[-55,40],[-17,-81],[-2,121],[36,-13],[18,54]],[[25834,42768],[19,-27],[-72,-14],[-1,40],[54,1]],[[24243,42807],[1,-67],[-54,-28],[-37,54],[90,41]],[[26357,42813],[19,-40],[-108,-1],[35,40],[-1,67],[55,-66]],[[50390,43107],[38,-94],[-72,-14],[-1,67],[-37,40],[72,1]],[[23952,42912],[1,-41],[-36,-13],[37,-54],[-108,-14],[-37,13],[-19,94],[54,-13],[1,-40],[90,41],[17,27]],[[50390,43107],[0,27],[-72,-14],[-20,67],[54,13],[-17,-40],[73,-13],[71,55],[1,-41],[-90,-54]],[[19831,42955],[-19,40],[90,27],[-17,-40],[-54,-27]],[[23353,43067],[-17,-80],[-36,-1],[-19,67],[72,14]],[[26009,43119],[19,-41],[-91,0],[72,41]],[[23769,43031],[37,-13],[-90,-28],[17,67]],[[23733,43057],[36,28],[0,-54]],[[35405,43217],[2,-81],[-127,-14],[0,26],[125,69]],[[38461,43150],[-2,94],[37,-40],[-35,-54]],[[23425,43108],[73,-26],[-109,-14],[36,40]],[[22629,43141],[19,-26],[-144,-42],[125,68]],[[22792,43116],[18,27],[54,-13],[1,-40],[-90,-14],[17,40]],[[23153,43160],[18,-27],[-35,-54],[-55,53],[72,28]],[[35585,43285],[19,-40],[-127,-14],[18,27],[90,27]],[[35405,43217],[-18,13],[107,108],[-35,-81],[-54,-40]],[[35203,43416],[55,-13],[18,-40],[-108,13],[35,40]],[[46516,43516],[-18,-27],[-90,13],[108,14]],[[46642,43544],[0,-27],[90,15],[1,-41],[-90,0],[-1,53]],[[21289,43331],[-17,-68],[-38,67],[55,1]],[[24559,43387],[36,-13],[-53,-40],[-19,40],[36,13]],[[35003,43495],[37,-40],[1,-80],[-55,39],[18,27],[-55,40],[54,14]],[[46966,43601],[91,-13],[0,-27],[-108,13],[17,27]],[[46642,43544],[-37,40],[90,28],[19,-54],[-72,-14]],[[25678,43438],[19,-27],[-90,-14],[-1,27],[72,14]],[[21649,43415],[-109,-15],[-18,27],[144,15],[-17,-27]],[[46983,43682],[-35,-54],[-19,53],[54,1]],[[24033,43490],[-16,-108],[-54,-13],[-1,53],[71,68]],[[24647,43509],[19,-53],[-36,-28],[-37,54],[54,27]],[[25515,43490],[-72,0],[-1,53],[54,1],[19,-54]],[[21123,43517],[108,-12],[-89,-55],[-36,13],[17,54]],[[25515,43490],[54,1],[-1,53],[36,1],[2,-67],[-91,-15],[0,27]],[[20961,43475],[-36,-40],[-54,13],[35,54]],[[20906,43502],[35,54],[20,-81]],[[20961,43475],[-1,68],[54,13],[18,-40],[-71,-41]],[[24411,43574],[-54,-27],[19,-54],[-90,-27],[0,53],[35,54],[90,1]],[[21735,43644],[1,-27],[144,15],[-71,-55],[-73,13],[-72,-41],[-18,40],[54,14],[35,41]],[[23831,43676],[19,-67],[-54,13],[35,54]],[[45245,43868],[-17,-41],[-91,0],[0,27],[108,14]],[[21229,43666],[19,-67],[-36,-27],[17,94]],[[24174,43693],[-53,-54],[-36,-1],[1,-67],[-72,-1],[-19,27],[-72,-14],[18,27],[90,1],[71,54],[-18,27],[90,1]],[[25368,43610],[-54,-1],[17,54],[108,41],[-71,-94]],[[53142,43937],[-71,-68],[-19,67],[90,1]],[[24411,43574],[-1,40],[73,1],[-2,94],[37,-13],[37,-67],[-144,-55]],[[21644,43683],[-36,-27],[-18,40],[54,-13]],[[25584,43706],[-37,26],[72,41],[-35,-67]],[[21499,43695],[-54,0],[35,67],[54,1],[-35,-68]],[[25926,43763],[19,-54],[-36,-14],[17,68]],[[53142,43937],[17,107],[36,1],[19,-81],[-72,-27]],[[20251,43764],[20,-93],[-53,-68],[15,161],[18,0]],[[25817,43802],[19,-27],[-72,-41]],[[25764,43734],[-36,-40],[-54,-1],[-53,-68],[-36,14],[89,94],[54,14],[53,68],[36,-13]],[[24516,43817],[54,-40],[-108,-1],[-1,40],[55,1]],[[24174,43693],[-1,80],[108,42],[-18,-54],[-72,-1],[-17,-67]],[[21443,43842],[19,-67],[-36,-13],[-19,80],[36,0]],[[22582,43813],[-19,40],[36,14],[-17,-54]],[[22275,43810],[-1,54],[72,27],[0,-27],[-71,-54]],[[23503,43848],[1,-54],[-37,27],[35,81],[1,-54]],[[21550,43897],[-108,-14],[72,27],[36,-13]],[[25906,43883],[-36,13],[125,69],[-89,-82]],[[44970,44134],[54,-13],[-17,-40],[-73,-1],[-37,54],[73,0]],[[45982,44143],[54,-26],[-108,-1],[54,27]],[[46217,44145],[54,-26],[-126,-1],[72,27]],[[23194,43953],[19,-54],[-72,-1],[17,54],[36,1]],[[22544,43933],[36,-40],[-89,-27],[34,80],[19,-13]],[[24332,43990],[1,-54],[-73,13],[-54,-14],[36,41],[90,14]],[[26230,43967],[-37,53],[91,-26],[1,-67],[-54,0],[-1,40]],[[33225,43936],[17,27],[-1,121],[36,-13],[2,-121],[-36,-41],[1,-67],[-54,0],[-1,67],[36,27]],[[21946,43995],[37,-40],[-144,-15],[35,54],[72,1]],[[22814,43989],[55,-53],[-90,-1],[-2,67],[37,-13]],[[25796,44003],[-55,0],[18,40],[54,14],[-17,-54]],[[45854,44236],[37,-40],[-72,-27],[-1,53],[36,14]],[[53390,44301],[1,-80],[-54,13],[-1,54],[54,13]],[[26083,44100],[19,-54],[-53,-41],[-1,41],[-54,-1],[-1,41],[90,14]],[[53480,44329],[19,-53],[-73,12],[35,68],[19,-27]],[[25920,44125],[1,-54],[-36,0],[-37,54],[72,0]],[[45962,44277],[0,-27],[-127,13],[0,27],[109,-26],[17,67],[36,14],[0,-54],[-35,-14]],[[22200,43930],[35,94],[1,-53],[36,13],[-20,121],[145,-25],[-1,26],[91,1],[-54,-41],[-17,-53],[-127,12],[37,-54],[-72,-14],[1,-53],[-72,-41],[-18,40],[35,27]],[[22721,44150],[19,-81],[-90,-27],[-71,-41],[35,67],[36,14],[-1,67],[72,1]],[[23844,44012],[-109,-1],[0,41],[72,0],[71,55],[37,-14],[17,68],[72,0],[0,-40],[-89,-54],[1,-68],[-35,-54],[-72,-41],[1,-40],[-54,-27],[19,-54],[-73,40],[125,108],[17,81]],[[49575,44376],[1,-81],[-36,13],[17,68],[-73,13],[127,1],[-36,-14]],[[22992,44166],[73,-40],[-109,-14],[-36,13],[72,41]],[[23173,44127],[37,-40],[-18,-40],[-53,-28],[1,-54],[-91,-14],[0,41],[89,54],[-91,53],[54,0],[107,69],[-35,-41]],[[22088,44171],[109,-13],[-36,-40],[-108,-1],[35,54]],[[49267,44400],[19,-40],[-54,-1],[35,41]],[[21872,44128],[-127,-14],[36,54],[126,-12],[-35,-28]],[[23571,44117],[-20,81],[54,14],[-34,-95]],[[23171,44234],[19,-40],[-91,13],[0,27],[72,0]],[[26333,44277],[55,-27],[-17,-54],[37,-40],[-128,53],[35,81],[18,-13]],[[45019,44457],[-72,-14],[-19,27],[91,-13]],[[53440,44557],[0,-27],[-144,12],[-1,14],[145,1]],[[52410,44575],[1,-80],[-73,-1],[72,81]],[[20224,44315],[19,-40],[-54,-28],[55,-26],[1,-54],[-73,40],[-2,80],[54,28]],[[20404,44330],[37,-27],[-17,-80],[-35,-68],[-72,-14],[-1,81],[54,14],[-1,80],[35,14]],[[22284,44307],[91,-26],[-143,-55],[-18,-54],[-72,-1],[72,41],[17,54],[-72,-1],[17,27],[91,1],[-1,54],[90,1],[-17,-41],[-55,0]],[[20060,44367],[-16,-67],[-37,13],[-1,54],[54,0]],[[52300,44668],[1,-67],[-55,0],[18,53],[36,14]],[[24595,44449],[37,-53],[-17,-41],[-36,13],[16,81]],[[22662,44404],[-53,-27],[-17,-81],[54,1],[-16,-108],[54,-26],[-90,-1],[17,54],[-36,0],[-3,161],[-162,-15],[-37,40],[127,1],[17,40],[37,-26]],[[22554,44417],[108,28],[0,-41]],[[25824,44500],[36,-40],[-71,-40],[-1,67],[36,13]],[[20890,44455],[-17,-27],[-108,-41],[17,67],[108,1]],[[26058,44516],[55,-26],[-90,-28],[35,54]],[[20457,44451],[-17,-67],[-19,54],[-108,-15],[17,41],[127,-13]],[[23078,44435],[-19,40],[90,28],[0,-27],[-72,-14],[1,-27]],[[25480,44524],[73,-66],[-17,-27],[-109,26],[53,67]],[[22065,44453],[-72,-1],[35,54],[54,1],[-17,-54]],[[22480,44510],[19,-40],[-54,-41],[35,81]],[[24124,44525],[1,-67],[-36,0],[-1,67],[36,0]],[[24250,44553],[2,-107],[36,0],[1,-54],[-54,13],[-2,81],[-72,13],[-19,40],[108,14]],[[22751,44526],[0,-40],[-72,-1],[53,68],[19,-27]],[[43966,44743],[19,-40],[-91,26],[72,14]],[[35869,44712],[19,-81],[-53,-27],[-1,54],[-36,0],[71,54]],[[20617,44587],[-17,-40],[-55,-1],[-18,40],[90,1]],[[39700,44759],[55,-39],[-108,-1],[-19,40],[72,0]],[[38217,44800],[55,-13],[1,-81],[-72,-14],[1,-80],[-35,-27],[-2,94],[53,54],[-1,67]],[[23381,44666],[1,-40],[-145,12],[53,41],[91,-13]],[[23453,44680],[55,-40],[-72,0],[17,40]],[[24827,44626],[-90,-1],[72,27],[17,41],[37,-40],[-36,-27]],[[26904,44739],[-17,-81],[55,0],[18,-40],[-35,-27],[-1,54],[-55,-1],[-1,94],[36,1]],[[38036,44866],[37,-54],[-91,13],[-1,40],[55,1]],[[38144,44867],[1,-68],[-37,54],[36,14]],[[22749,44647],[-72,-28],[-90,0],[-17,-68],[-38,67],[54,54],[36,-26]],[[22622,44646],[-1,67],[54,27],[72,1],[1,-40],[54,0],[1,-67],[-54,13]],[[22622,44646],[90,14],[-72,26],[-18,-40]],[[38179,44934],[19,-67],[-54,13],[35,54]],[[23342,44840],[20,-93],[-127,-2],[54,28],[-1,67],[54,0]],[[40889,45012],[37,-54],[-54,0],[-73,40],[90,14]],[[19710,44821],[18,-14],[-17,-94],[-55,40],[17,67],[37,1]],[[27660,44960],[0,-26],[-72,-41],[0,26],[-72,0],[17,27],[127,14]],[[28527,44941],[-19,94],[-55,27],[90,14],[21,-161],[-37,26]],[[27387,45025],[-36,40],[54,1],[71,67],[37,-26],[-54,-14],[-72,-68]],[[20013,45052],[-54,-1],[-1,40],[72,1],[19,-53],[-36,13]],[[24185,45251],[-18,-54],[-36,0],[-1,54],[36,40]],[[24166,45291],[19,-40]],[[27310,45347],[18,-27],[73,1],[-18,-54],[-181,52],[72,1],[36,27]],[[53804,45581],[1,-67],[-36,0],[-20,67],[55,0]],[[24057,45331],[1,-68],[-54,-14],[17,81],[36,1]],[[24185,45251],[-19,40]],[[24166,45291],[53,41],[55,1],[-53,-82],[-36,0]],[[26804,45356],[0,-54],[-35,-54],[-1,67],[36,41]],[[28303,45369],[37,1],[55,-81],[-72,13],[-20,67]],[[22538,45344],[37,-14],[-36,-54],[-1,68]],[[27435,45402],[-17,-54],[-54,-1],[-1,54],[72,1]],[[39635,45431],[16,107],[36,14],[2,-81],[-54,-40]],[[28303,45369],[-36,0],[35,94],[1,-94]],[[27939,45554],[19,-54],[-36,-27],[-90,-14],[-19,80],[90,-12],[36,27]],[[52355,45770],[-35,-94],[-36,13],[-1,54],[72,27]],[[27288,45588],[37,-66],[-55,26],[18,40]],[[27939,45554],[-19,40],[144,42],[91,-13],[1,-54],[-55,27],[1,-41],[-73,27],[-17,-68],[72,1],[1,-27],[-91,-1],[-19,67],[-36,0]],[[17690,45594],[1,-40],[-72,-14],[-19,40],[90,14]],[[22263,45610],[19,-54],[-72,-1],[34,81],[72,14],[-53,-40]],[[28388,45719],[19,-53],[-91,12],[-18,27],[90,14]],[[52081,45943],[-17,-68],[-36,-14],[53,82]],[[22641,45694],[37,-27],[-18,-54],[-71,-41],[-1,41],[54,27],[-37,27],[-72,-1],[71,68],[72,0],[-35,-40]],[[27863,45782],[54,-13],[-17,-54],[-54,-1],[35,41],[-54,-14],[36,41]],[[14365,45590],[-19,54],[54,27],[1,-53],[-36,-28]],[[23507,45769],[-16,-94],[-72,-28],[-1,27],[89,95]],[[22820,45776],[19,-54],[-35,-27],[-73,0],[0,40],[89,41]],[[22351,45745],[1,-67],[-90,-15],[-19,41],[54,13],[-1,54],[72,14],[-17,-40]],[[23001,45804],[0,-40],[-90,-27],[-1,53],[91,14]],[[22657,45842],[19,-54],[-54,-27],[-2,80],[37,1]],[[51934,46089],[36,-27],[1,-53],[-36,-14],[-1,94]],[[22204,45878],[38,-80],[-37,-1],[-1,81]],[[53017,46179],[73,-13],[-73,-14],[-53,-41],[-1,41],[54,27]],[[37077,46053],[54,-13],[-17,-54],[-55,40],[-72,-1],[17,27],[73,1]],[[14360,45886],[19,-81],[-54,13],[-1,68],[36,0]],[[51806,46169],[-72,-1],[18,27],[72,1],[-18,-27]],[[26431,46010],[1,-40],[-91,13],[0,27],[90,0]],[[52293,46240],[1,-67],[-36,-1],[1,-53],[-91,-1],[-36,40],[17,40],[144,42]],[[23016,45979],[-53,-81],[-108,-14],[0,-41],[-126,-14],[-1,40],[91,14],[35,68],[108,14],[35,41],[19,-27]],[[33515,46101],[19,-67],[-54,27],[35,40]],[[52925,46299],[73,-80],[-73,53],[-72,26],[72,1]],[[37490,46177],[-35,-81],[91,-12],[-145,-2],[0,27],[89,68]],[[21643,45926],[-37,27],[72,27],[-1,68],[72,0],[-35,-27],[1,-67],[72,14],[-35,-54],[37,-40],[-91,-1],[-55,53]],[[21297,46084],[-17,-80],[-36,26],[53,54]],[[22815,46098],[37,-26],[-72,-41],[-1,54],[36,13]],[[22146,46106],[19,-27],[-73,-1],[-17,-27],[-90,-14],[0,-27],[-90,-1],[35,68],[90,27],[0,-40],[126,42]],[[37109,46254],[56,-53],[90,-12],[-126,-2],[-36,-40],[90,1],[1,-41],[-109,13],[-37,53],[-17,-54],[-2,121],[90,14]],[[21206,46137],[36,-26],[-35,-41],[-36,13],[35,54]],[[37435,46257],[37,-53],[-55,13],[-19,53],[37,-13]],[[26665,46107],[-19,40],[89,54],[-70,-94]],[[15116,46081],[54,-13],[-17,-67],[-55,39],[18,41]],[[26247,46224],[126,14],[-17,-27],[-91,-1],[-71,-41],[-38,67],[91,-12]],[[37850,46301],[17,54],[72,1],[-35,-54],[-54,-1]],[[23138,46249],[19,-40],[-73,-1],[54,41]],[[25634,46137],[18,-26],[109,1],[-36,-27],[-90,-1],[18,-27],[-108,-1],[-109,26],[-1,54],[54,40],[126,2]],[[25615,46178],[-19,80],[90,-13],[-35,-54],[55,-26],[-72,-28]],[[25778,46179],[-37,40],[54,-13],[-17,-27]],[[25127,46213],[-73,0],[-55,80],[90,-13],[38,-67]],[[15150,46202],[-17,-54],[-55,27],[72,27]],[[22053,46266],[73,-13],[-108,-55],[36,41],[-91,-1],[18,27],[72,1]],[[25344,46189],[72,27],[-36,-54],[-90,13],[2,-135],[-37,54],[18,27],[-90,-28],[-1,40],[-54,13],[-1,67]],[[25127,46213],[106,109],[91,-26],[-16,-94],[36,-13]],[[25252,46255],[-17,-41],[36,-13],[-19,54]],[[20518,46198],[-36,0],[-2,80],[36,14],[2,-94]],[[26064,46343],[1,-67],[-54,-14],[-35,-41],[-1,54],[89,68]],[[37957,46383],[-36,-1],[71,82],[1,-54],[-36,-27]],[[22920,46314],[-90,-41],[-90,-1],[-35,-54],[-16,-134],[2,-135],[-17,-40],[-57,120],[37,-13],[-2,94],[35,81],[-2,108],[109,-13],[35,41],[91,-13]],[[51926,46599],[-35,-54],[-73,0],[-1,54],[109,0]],[[37667,46421],[19,-67],[127,14],[1,-67],[36,0]],[[37850,46301],[0,-27],[-72,13],[-71,-94],[-55,26],[36,14],[-126,-1],[90,27]],[[37652,46259],[-2,108],[-53,-81],[-1,67],[-90,-1],[15,134],[54,14],[1,-40],[-54,-27],[145,-12]],[[21022,46337],[54,14],[1,-67],[-144,-69],[-18,27],[72,14],[-1,67],[36,14]],[[26425,46413],[-1,27],[109,-12],[19,-40],[-54,-41],[-19,53],[-54,13]],[[21237,46406],[1,-40],[90,1],[-35,-41],[-19,27],[-53,-28],[16,81]],[[14208,46355],[1,-68],[-90,-68],[17,68],[37,-13],[-1,67],[36,14]],[[15617,46354],[-126,-1],[72,28],[90,0],[-36,-27]],[[25068,46468],[55,-13],[-35,-67],[-55,-1],[-17,-40],[-72,-1],[53,27],[-1,94],[72,1]],[[26425,46413],[-36,-13],[-1,67],[36,14],[1,-68]],[[14496,46398],[74,-80],[-72,-28],[-2,108]],[[21869,46466],[2,-94],[-55,-1],[36,41],[-19,53],[36,1]],[[14117,46394],[0,-40],[-90,12],[90,28]],[[13538,46389],[-72,12],[-19,27],[108,15],[37,-27],[-54,-27]],[[12706,46448],[-17,-67],[-19,53],[36,14]],[[13754,46458],[19,-81],[-17,-40],[-2,121]],[[24887,46520],[-72,-27],[-1,67],[72,1],[1,-41]],[[24887,46520],[107,55],[37,-27],[-54,-14],[-72,-54],[-18,40]],[[15072,46524],[19,-27],[-72,-14],[-37,27],[90,14]],[[24795,46613],[18,-26],[-90,-1],[72,27]],[[21505,46637],[18,-40],[-53,-27],[-2,80],[37,-13]],[[21596,46584],[-36,0],[17,54],[36,0],[-17,-54]],[[13717,46498],[35,81],[37,-27],[-72,-54]],[[15126,46578],[-54,-54]],[[15072,46524],[-1,67],[72,14],[-17,-27]],[[15342,46634],[-72,-68],[18,54],[54,14]],[[25190,46724],[55,-12],[-90,-42],[35,54]],[[25443,46740],[1,-27],[-109,-1],[108,28]],[[20328,46747],[-35,-94],[-36,40],[71,54]],[[24033,46754],[-54,-14],[0,41],[72,0],[-18,-27]],[[47292,47002],[55,-39],[-91,12],[1,-40],[-55,67],[90,0]],[[21484,46785],[2,-121],[-19,67],[-36,-1],[53,55]],[[24268,46756],[-36,0],[17,54],[72,1],[-53,-55]],[[25099,46804],[72,1],[-54,-27],[-72,-1],[17,67],[37,-40]],[[25639,46903],[1,-54],[-36,0],[-19,54],[54,0]],[[24067,46902],[19,-40],[-109,-14],[18,40],[72,14]],[[21898,46896],[19,-81],[-35,-27],[16,108]],[[22387,46833],[-1,40],[108,55],[-53,-81],[-54,-14]],[[24246,47025],[19,-67],[-54,-14],[-1,40],[-73,26],[109,15]],[[26161,47056],[19,-40],[-91,12],[0,27],[72,1]],[[23830,47048],[72,-26],[-72,-28],[0,54]],[[33047,47091],[-19,40],[72,14],[-53,-54]],[[24154,47091],[1,-67],[-37,67],[36,0]],[[25618,47105],[72,-13],[-72,-14],[1,-41],[-72,0],[-1,53],[72,15]],[[55385,47355],[1,-54],[-73,-1],[-19,67],[91,-12]],[[23830,47048],[-74,80],[90,1],[-16,-81]],[[24659,47176],[-35,-107],[-71,-28],[-37,40],[90,1],[-19,67],[72,27]],[[23881,47196],[-17,-54],[-72,0],[89,54]],[[23973,47103],[37,-53],[-54,-1],[-19,67],[54,27],[17,54],[36,1],[-35,-81],[-36,-14]],[[24533,47162],[-36,-27],[-91,12],[-18,27],[145,-12]],[[24533,47162],[-19,40],[-91,12],[0,27],[108,1],[55,-26],[-53,-54]],[[24856,47259],[19,-40],[-90,-1],[-54,-28],[-1,68],[108,-13],[18,14]],[[24983,47260],[55,-53],[-108,-42],[53,95]],[[20735,47302],[-90,-42],[-1,54],[91,-12]],[[24294,47388],[18,-27],[-144,-1],[0,13],[126,15]],[[15331,47278],[-20,67],[36,28],[-16,-95]],[[20443,47420],[-17,-27],[-73,12],[54,28],[36,-13]],[[14227,47362],[1,-54],[-37,54],[36,0]],[[18708,47444],[1,-81],[-36,-13],[-1,53],[36,41]],[[25231,47544],[-34,-94],[-20,94],[54,0]],[[23929,47600],[0,-41],[-54,0],[-37,40],[91,1]],[[19284,47584],[1,-81],[-37,80],[36,1]],[[18669,47591],[2,-107],[-36,0],[17,80],[-73,0],[18,27],[72,0]],[[18940,47634],[1,-107],[-18,0],[-20,107],[37,0]],[[23874,47653],[0,-27],[-72,-1],[-19,27],[91,1]],[[46446,47895],[37,-53],[-36,-1],[1,-53],[-36,-1],[-1,54],[35,54]],[[20277,47647],[1,-94],[19,-54],[-53,-41],[-3,188],[36,1]],[[19662,47668],[1,-41],[-91,0],[54,27],[17,54],[19,-40]],[[20763,47745],[2,-80],[-72,-15],[-1,41],[54,0],[17,54]],[[43391,47949],[37,-54],[-36,-27],[-73,13],[0,27],[72,41]],[[21595,47699],[0,40],[72,1],[36,27],[1,-54],[-72,-41],[-72,0],[35,27]],[[19173,47717],[37,-27],[1,-94],[-36,27],[-73,-1],[0,27],[91,-12],[-1,40],[-54,-14],[17,81],[18,-27]],[[44167,48009],[-17,-40],[-73,40],[90,0]],[[22913,47832],[2,-148],[-72,-27],[-2,147],[72,28]],[[19533,47814],[-35,-94],[-53,-27],[37,-54],[-91,-1],[1,-53],[-54,26],[88,108],[17,54],[90,41]],[[21449,47805],[73,-26],[-53,-54],[-37,40],[17,40]],[[21738,47848],[36,-26],[-90,-15],[-19,40],[73,1]],[[18756,47821],[37,-40],[-73,-1],[-1,54],[37,-13]],[[20562,47904],[19,-53],[2,-108],[-37,14],[17,53],[-54,13],[-1,54],[54,27]],[[18050,47895],[1,-81],[-36,-14],[-1,81],[36,14]],[[18917,47903],[1,-54],[-126,-15],[125,69]],[[22947,47940],[1,-54],[-72,-1],[17,41],[54,14]],[[22550,47936],[37,-53],[-55,-1],[18,54]],[[23597,47986],[2,-94],[54,-13],[72,14],[1,-27],[-181,12],[16,81],[36,27]],[[18284,47951],[54,-13],[1,-81],[-36,-14],[-19,108]],[[23183,47915],[-37,0],[35,81],[-1,53],[54,1],[-51,-135]],[[22782,48059],[19,-40],[-108,-28],[89,68]],[[17542,48011],[19,-81],[-56,94],[37,-13]],[[38777,48204],[-90,-28],[0,40],[90,-12]],[[22981,48061],[1,-54],[-36,-27],[-72,-1],[72,41],[17,68],[72,14],[-54,-41]],[[35505,48255],[1,-67],[-38,80],[54,27],[-17,-40]],[[35232,48333],[1,-40],[-73,-1],[0,54],[72,-13]],[[21966,48267],[19,-54],[-18,-40],[-54,12],[53,82]],[[18116,48258],[19,-80],[-36,-1],[17,81]],[[43906,48518],[-55,26],[108,14],[-53,-40]],[[49272,48659],[20,-81],[-36,-14],[-1,54],[-37,27],[54,14]],[[38067,48520],[-54,-1],[17,41],[91,-13],[-54,-27]],[[43886,48638],[1,-67],[-54,0],[17,67],[36,0]],[[44156,48708],[2,-121],[-18,13],[-20,108],[36,0]],[[44083,48721],[-71,-55],[-1,27],[72,28]],[[37215,48673],[36,1]],[[37251,48674],[1,-68],[37,-26],[-54,-14],[-2,94],[-18,13]],[[36908,48684],[36,-27],[-108,-1],[17,41],[55,-13]],[[37612,48731],[1,-68],[54,-26],[-17,-27],[-55,26],[-1,94],[18,1]],[[43903,48665],[-18,27],[54,41],[-1,54],[36,0],[-17,-67],[-54,-55]],[[37251,48674],[-36,-1]],[[37215,48673],[-37,40],[90,28],[-17,-67]],[[37051,48766],[1,-81],[-72,0],[71,81]],[[43917,48921],[-35,-27],[-37,53],[72,-26]],[[43917,48921],[0,27],[72,0],[73,-26],[1,-40],[-55,-1],[1,-40],[-54,13],[35,67],[-73,0]],[[16680,48701],[-19,67],[54,1],[1,-54],[-36,-14]],[[39468,49056],[1,-40],[-90,-14],[17,53],[72,1]],[[43986,49150],[-19,67],[36,-13],[-17,-54]],[[46712,49402],[-36,0],[17,54],[54,0],[-35,-54]],[[43945,49458],[-17,-80],[-36,13],[17,67],[36,0]],[[41306,49448],[20,-107],[-72,-27],[16,107],[36,27]],[[50613,49611],[37,-67],[-54,-14],[-19,67],[36,14]],[[43817,49578],[37,-67],[-55,13],[18,54]],[[50775,49693],[18,-27],[-54,-27],[-1,94],[54,0],[-17,-40]],[[41375,49664],[-54,-41],[-17,-54],[-55,27],[71,94],[55,-26]],[[41482,49732],[-17,-27],[-55,27],[36,27]],[[41446,49759],[36,-27]],[[41391,49785],[55,-26]],[[41446,49759],[-109,-1],[-37,40],[91,-13]],[[41245,49864],[1,-40],[-109,26],[-18,-40],[-37,66],[163,-12]],[[47934,49856],[-36,0],[17,80],[54,1],[-35,-81]],[[47191,49944],[1,-41],[108,1],[1,-53],[-54,-28],[0,54],[-127,-1],[-1,40],[72,28]],[[41245,49864],[-73,40],[145,-12],[36,27],[1,-67],[-37,26],[-72,-14]],[[48329,49994],[-34,-95],[-20,94],[54,1]],[[51878,50777],[-126,-1],[144,28],[-18,-27]],[[49546,50797],[19,-67],[-36,0],[-19,67],[36,0]],[[52021,50913],[55,-27],[-91,-1],[36,28]],[[51568,50976],[19,-54],[-36,-14],[-19,54],[36,14]],[[45927,51007],[2,-94],[-91,-1],[-18,27],[90,-13],[-37,67],[54,14]],[[51981,51154],[1,-54],[-54,-14],[53,68]],[[45581,51138],[1,-53],[-54,-1],[-1,54],[54,0]],[[51887,51355],[38,-67],[-73,26],[-1,54],[36,-13]],[[51145,51429],[-71,-54],[17,53],[54,1]],[[45396,51406],[-36,-1],[90,68],[0,-40],[-54,-27]],[[51466,51727],[18,-26],[-72,-1],[-1,40],[55,-13]],[[45301,51700],[55,-40],[-90,0],[35,40]],[[45301,51700],[-54,0],[-19,53],[73,-53]],[[45171,51914],[2,-121],[-36,0],[-1,67],[35,54]],[[50450,51960],[37,-40],[-109,-1],[72,41]],[[48930,52014],[109,-26],[-181,-1],[72,27]],[[50503,52028],[19,-67],[-55,40],[36,27]],[[50882,52071],[18,-26],[-54,-14],[-19,53],[73,14],[-18,-27]],[[48944,52256],[38,-80],[55,-53],[-89,-68],[-36,-1],[71,81],[-56,54],[17,67]],[[46105,52325],[36,-13],[1,-67],[-36,-14],[-1,94]],[[46954,52360],[1,-41],[-109,-1],[-18,40],[72,-26],[54,28]]],"transform":{"scale":[5.059884840031384e-06,6.601700350966358e-06],"translate":[120.24278867021818,15.196017724685547]},"objects":{"tarlac":{"type":"GeometryCollection","geometries":[{"arcs":[[[0,1]],[[2]],[[3]],[[4]],[[5]],[[6]],[[7]],[[8]],[[9]],[[10]],[[11]],[[12]],[[13]],[[14]],[[15]],[[16]],[[17]],[[18]],[[19]],[[20]],[[21]],[[22]],[[23]],[[24]],[[25]],[[26]],[[27]],[[28]],[[29]],[[30]],[[31]],[[32]],[[33]],[[34,35]],[[36,37]],[[38]],[[39]],[[42]],[[43]],[[44]],[[45]],[[46]],[[47]],[[48]],[[49]],[[50]],[[51]],[[52]],[[53]],[[54]],[[55]],[[56]],[[57]],[[58]],[[59]],[[60]],[[61]],[[62]],[[63]],[[64]],[[65]],[[66]],[[67]],[[68]],[[69]],[[70]],[[71]],[[72]],[[73]],[[74]],[[75]],[[76]],[[77]],[[78]],[[79]],[[80]],[[91]],[[94]],[[95,96]],[[97]],[[98]]],"type":"MultiPolygon","properties":{"ADM3_EN":"Anao","area_sqm":136571.453,"area_ha":13.657}},{"arcs":[[[99]],[[100]],[[101]],[[102]],[[103]],[[104]],[[105]],[[106]],[[107]],[[108]],[[109,110]],[[111,112]],[[113]],[[114]],[[115]],[[116]],[[117]],[[122],[118,119]],[[123,124,125,126,127,128,129,130,131,132,133]],[[136,137,138,139]],[[141],[140]],[[142]],[[143,144]],[[145]],[[146]],[[147]],[[148]],[[149,150],[151]],[[152]],[[153,154]],[[155]],[[156]],[[157]],[[158]],[[159]],[[160]],[[161]],[[162]],[[163]],[[164]],[[165]],[[166]],[[167]],[[168]],[[169]],[[170]],[[171]],[[172]],[[173]],[[174]],[[175]],[[176]],[[177]],[[178,179,180]],[[181],[182]],[[183,184,185]],[[186]],[[187,188,189,190,191,192]],[[193]],[[194]],[[195]],[[196]],[[197]],[[198,199,200,201]],[[202]],[[203]],[[204]],[[205]],[[206]],[[207]],[[208,209]],[[210]],[[211]],[[212]],[[213,214,215]],[[216]],[[217]],[[218]],[[219]],[[220]],[[221]],[[222]],[[223]],[[224]],[[225]],[[226]],[[227]],[[228]],[[229]],[[230]],[[231]],[[232]],[[233]],[[234]],[[235]],[[236]],[[237]],[[238]],[[239]],[[240]],[[241]],[[242]],[[243]],[[244]],[[245]],[[246]],[[247]],[[248]],[[249]],[[250]],[[251]],[[252]],[[253]],[[254]],[[255]],[[256]],[[257]],[[258]],[[259]],[[260]],[[261]],[[262]],[[263]],[[264]],[[265]],[[266]],[[267]],[[268]],[[269]],[[270]],[[271]],[[272]],[[273,274,275]],[[276]],[[277]],[[278]],[[279]],[[280,281]],[[282]],[[283]],[[284]],[[285]],[[286]],[[287]],[[288,289,290]],[[291]],[[292]],[[293]],[[294]],[[295]],[[296]],[[297]],[[298]],[[299,300]],[[301]],[[302]],[[303],[304]],[[305]],[[306,307],[308]],[[309]],[[310]],[[311]],[[312]],[[313]],[[314]],[[315]],[[316]],[[317]],[[318]],[[319]],[[320]],[[321]],[[322]],[[323]],[[324]],[[325]],[[326,327],[328]],[[329,330,331]],[[332]],[[333]],[[334]],[[335]],[[336]],[[337]],[[338]],[[339]],[[340]],[[341]],[[342]],[[343]],[[344]],[[345]],[[346]],[[347]],[[348]],[[349,350]],[[351]],[[352]],[[353]],[[354]],[[355]],[[356]],[[357]],[[358,359,360]],[[361]],[[362]],[[363]],[[364]],[[365]],[[366]],[[367]],[[368,369]],[[370]],[[371]],[[372]],[[373]],[[374]],[[375]],[[376]],[[377]],[[378]],[[379]],[[380]],[[381]],[[382]],[[383]],[[384]],[[385]],[[386]],[[387]],[[388]],[[389]],[[390]],[[391]],[[392]],[[393]],[[394]],[[395]],[[396]],[[397]],[[398,399]],[[400]],[[401]],[[402]],[[403]],[[404]],[[405]],[[406]],[[407]],[[408]],[[409]],[[410]],[[411]],[[412]],[[413]],[[414]],[[415]],[[416]],[[417]],[[418]],[[419]],[[420]],[[421]],[[422,423]],[[424,425]],[[426]],[[427]],[[428]],[[429]],[[430]],[[431]],[[432]],[[433]],[[434]],[[435]],[[436]],[[437]],[[438]],[[439,440]],[[441]],[[442]],[[443]],[[444]],[[445]],[[446]],[[447]],[[448]],[[449]],[[450]],[[451]],[[452]],[[453,454]],[[455,456]],[[457]],[[458]],[[459]],[[460]],[[461]],[[462]],[[463]],[[464]],[[465,466,467]],[[468]],[[469]],[[470]],[[471]],[[472]],[[473]],[[474]],[[475]],[[476]],[[477]],[[478]],[[479]],[[480]],[[481]],[[482]],[[483]],[[484]],[[485]],[[486]],[[487]],[[488]],[[489]],[[490]],[[491]],[[492]],[[493]],[[494]],[[495]],[[496]],[[497]],[[498]],[[499]],[[500]],[[501]],[[502]],[[503]],[[504]],[[505]],[[506]],[[507]],[[508]],[[509]],[[510]],[[511]],[[512]],[[513]],[[514]],[[515]],[[516]],[[517]],[[518]],[[519]],[[520]],[[521]],[[522]],[[523]],[[524]],[[525]],[[526]],[[527]],[[528]],[[529]],[[530,531]],[[532]],[[533]],[[534]],[[535]],[[536]],[[537]],[[538]],[[539]],[[540]],[[541]],[[542]],[[543]],[[544]],[[545]],[[546]],[[547]],[[548]],[[549]],[[550]],[[551]],[[552]],[[553]],[[554]],[[555]],[[556]],[[557]],[[558]],[[559]],[[560]],[[561]],[[562]],[[563]],[[564]],[[565]],[[566,567]],[[568]],[[569]],[[570]],[[571]],[[572]],[[573]],[[574]],[[575]],[[576]],[[577]],[[578]],[[579]],[[580]],[[581]],[[582]],[[583]],[[584]],[[585]],[[586]],[[587]],[[588]],[[589]],[[590]],[[591,592]],[[593]],[[594]],[[595]],[[596,597]],[[598]],[[599]],[[600,601]],[[602]],[[603]],[[604]],[[605,606]],[[607]],[[608]],[[609]],[[610]],[[612],[611]],[[613]],[[614]],[[615]],[[616,617],[618]],[[621]],[[622]],[[623]],[[624]],[[625]],[[626]],[[627]],[[628]],[[629]],[[630]],[[631]],[[632]],[[633]],[[634]],[[635]],[[636]],[[637]],[[638]],[[639]],[[640]],[[641]],[[642]],[[643]],[[644]],[[645]],[[646]],[[647]],[[648]],[[649]],[[650]],[[651]],[[652]],[[653]],[[654]],[[655]],[[656]],[[657]],[[658]],[[659]],[[660]],[[661]],[[662]],[[663]],[[664]],[[665]],[[666]],[[667]],[[668]],[[669]],[[670]],[[671]],[[672]],[[673]],[[674]],[[675]],[[676]],[[677]],[[678]],[[679]],[[680]],[[681]],[[682]],[[683]],[[684]],[[685]],[[686]],[[687]],[[689],[688]],[[690]],[[691]],[[692]],[[693]],[[694]],[[695]],[[696]],[[697]],[[698]],[[699]],[[700]],[[701]],[[702]],[[703,704]],[[705]],[[706,707]],[[708]],[[709]],[[710]],[[711,712,713]],[[714]],[[715]],[[716]],[[717]],[[718,719]],[[720]],[[721]],[[722]],[[723]],[[724,725]],[[726]],[[727]],[[728]],[[729]],[[730]],[[731]],[[732]],[[733]],[[734]],[[735]],[[736]],[[737]],[[738]],[[739]],[[740]],[[741]],[[742]],[[743]],[[744]],[[745]],[[746]],[[747]],[[748]],[[749]],[[750]],[[751]],[[752]],[[753,754]],[[755]],[[756]],[[757]],[[758]],[[759]],[[760,761,762]],[[763]],[[764]],[[765]],[[766]],[[767]],[[768]],[[769]],[[770]],[[771]],[[772]],[[773]],[[774]],[[776,777],[775]],[[778]],[[779]],[[780]],[[781]],[[782]],[[783]],[[784]],[[785]],[[786]],[[787]],[[788]],[[789]],[[790]],[[791]],[[792]],[[793]],[[794]],[[795]],[[796]],[[797]],[[798]],[[799]],[[800]],[[807,808],[801,802]],[[809]],[[810]],[[811]],[[812]],[[813]],[[814]],[[815]],[[816]],[[817]],[[818]],[[819]],[[820]],[[821]],[[822]],[[823]],[[824]],[[825]],[[826]],[[827]],[[828]],[[829]],[[830]],[[831]],[[832]],[[833]],[[834]],[[835]],[[836]],[[837]],[[838]],[[839]],[[840]],[[841]],[[842,843]],[[844]],[[845]],[[846]],[[847]],[[848]],[[849]],[[854,855]],[[856]],[[857]],[[858]],[[859]],[[860]],[[861]],[[862]],[[863]],[[864]],[[865]],[[866]],[[867]],[[868]],[[869]],[[870]],[[871]],[[872]],[[873]],[[874]],[[875]],[[876]],[[879]],[[882,883]],[[884]],[[885]],[[886]],[[887]],[[888]],[[889]],[[890]],[[891]],[[892]],[[893]],[[894]],[[895]],[[896]],[[897]],[[900]],[[901],[902]],[[903]],[[904]],[[905]],[[906]],[[907]],[[908]],[[909]],[[910]],[[911]],[[912]],[[913]],[[914]],[[915]],[[916]],[[918],[917]],[[921]],[[922]],[[923]],[[926]],[[927,928]],[[929]],[[930]],[[931]],[[932]],[[933]],[[934]],[[935]],[[936]],[[937]],[[938]],[[941]],[[942]],[[943]],[[944]],[[945]],[[946]],[[947]],[[948]],[[949]],[[950]],[[951,952]],[[953,954,955]],[[956,957]],[[958]],[[959]],[[960]],[[961]],[[962]],[[963]],[[964]],[[965]]],"type":"MultiPolygon","properties":{"ADM3_EN":"Bamban","area_sqm":1631109.296,"area_ha":163.111}},{"arcs":[[[968,969]],[[970]],[[971]],[[972]],[[975]],[[976,977]],[[978]],[[979]],[[980]],[[981]],[[982]],[[983]],[[984]],[[985]],[[986]],[[987]],[[988]],[[989]],[[990]],[[991]],[[992]],[[993]],[[994]],[[995]],[[1000,1001,1002,1003,1004]],[[1005,1006,1007,1008,1009,1010,1011]],[[1012]],[[1013,1014]],[[1015]],[[1016]],[[1017,1018]],[[1019]],[[1020,1021,1022,1023,1024,1025,1026,1027]],[[1028]],[[1029]],[[1030]],[[1031]],[[1032]],[[1037]],[[1038]],[[1039]],[[1040]],[[1041,1042,1043,1044,1045,1046,1047,1048,1049,1050],[1051]],[[1052,1053]],[[1054]],[[1055,1056,1057,1058,1059,1060,1061,1062]],[[1063,1064,1065,1066,1067,1068,1069,1070,1071],[1072]],[[1073]],[[1074]],[[1075]],[[1076]],[[1077]],[[1078]],[[1079,1080,1081]],[[1082]],[[1083]],[[1084]],[[1085]],[[1086]],[[1087]],[[1088]],[[1089]],[[1090]],[[1091]],[[1092]],[[1093]],[[1094]],[[1097]],[[1098]],[[1099]],[[1100]],[[1101]],[[1102]],[[1103]],[[1104]],[[1105,1106,1107,1108,1109,1110],[1111]],[[1112,1113,1114,1115,1116,1117,1118,1119,1120,1121,1122,1123,1124,1125,1126],[1127]],[[1128,1129]],[[1130]],[[1131]],[[1132,1133,1134]],[[1135]],[[1136]],[[1137]],[[1138]],[[1139]],[[1140,1141,1142,1143]],[[1144]],[[1145]],[[1146]],[[1147]],[[1148]],[[1149]],[[1150,1151]],[[1152]],[[1153,1154,1155,1156]],[[1157,1158]],[[1159]],[[1160]],[[1161]],[[1162]],[[1163]],[[1164,1165]],[[1166]],[[1167]],[[1168,1169]],[[1170,1171,1172]],[[1173]],[[1174]],[[1175]],[[1176]],[[1177]],[[1178]],[[1179]],[[1180]],[[1181]],[[1182]],[[1183]],[[1184]],[[1185]],[[1186,1187]],[[1188,1189,1190,1191,1192,1193]],[[1194,1195,1196,1197]],[[1198]],[[1199]],[[1200]],[[1201]],[[1202]],[[1205]],[[1208]],[[1209,1210]],[[1211]],[[1212]],[[1213,1214,1215,1216,1217,1218]],[[1219]],[[1221],[1220]],[[1222]],[[1225]],[[1226,1227]],[[1228]],[[1229]],[[1230]],[[1231]],[[1232]],[[1233]],[[1234]],[[1235]],[[1236]],[[1237]],[[1238]],[[1239]],[[1240]],[[1241]],[[1242]],[[1243]],[[1244]],[[1245]],[[1246],[1247]],[[1248]],[[1249,1250]],[[1251]],[[1252]],[[1253]],[[1254]],[[1255]],[[1256]],[[1257]],[[1258]],[[1259]],[[1260]],[[1261]],[[1262]],[[1263]],[[1264]],[[1265]],[[1266]],[[1267]],[[1268,1269]],[[1270]],[[1271]],[[1272,1273]],[[1274,1275,1276]],[[1277]],[[1278]],[[1279]],[[1280]],[[1281]],[[1282,1283]],[[1284]],[[1285]],[[1286]],[[1287]],[[1288]],[[1289]],[[1290]],[[1291]],[[1292]],[[1293]],[[1294]],[[1295]],[[1296]],[[1297]],[[1298]],[[1299]],[[1300]],[[1301]],[[1302]],[[1303]],[[1304]],[[1305]],[[1306]],[[1307]],[[1308]],[[1309]],[[1310]],[[1311]],[[1312]],[[1313]],[[1314]],[[1315]],[[1316]],[[1317]],[[1318]],[[1319]],[[1320]],[[1321]],[[1322]],[[1323]],[[1326,1327]],[[1328]],[[1329,1330]],[[1331]],[[1332]],[[1333]],[[1334]],[[1339]],[[1340]],[[1341,1342,1343]],[[1344,1345,1346,1347]],[[1348]],[[1349]],[[1350]],[[1351,1352]],[[1353]],[[1354]],[[1355]],[[1356,1357]],[[1358]],[[1359,1360]],[[1361]],[[1362]],[[1363]],[[1364]],[[1365]],[[1366]],[[1367,1368]],[[1369]],[[1370]],[[1371,1372]],[[1373]],[[1375],[1374]],[[1376]],[[1377]],[[1378]],[[1379]],[[1380]],[[1381]],[[1382]],[[1383]],[[1384]],[[1385]],[[1386]],[[1387]],[[1388]],[[1389]],[[1390]],[[1391]],[[1392]],[[1393,1394,1395]],[[1396]],[[1397]],[[1398]],[[1399]],[[1400]],[[1401]],[[1402,1403]],[[1404]],[[1405]],[[1406]],[[1407]],[[1408]],[[1409]],[[1410,1411]],[[1412]],[[1413,1414]],[[1415]],[[1416]],[[1417]],[[1418]],[[1419]],[[1420]],[[1421]],[[1422,1423]],[[1424]],[[1425,1426,1427,1428]],[[1429]],[[1430]],[[1432],[1431]],[[1433]],[[1434]],[[1435,1436]],[[1437]],[[1438]],[[1439]],[[1440]],[[1441]],[[1442]],[[1443,1444]],[[1445]],[[1446]],[[1447,1448]],[[1449]],[[1450]],[[1451,1452]],[[1453]],[[1454]],[[1455]],[[1456,1457]],[[1458,1459,1460]],[[1461]],[[1462]],[[1463]],[[1464]],[[1465]],[[1466]],[[1467]],[[1468]],[[1471,1472]],[[1473]],[[1474]],[[1475]],[[1476]],[[1477]],[[1478]],[[1479]],[[1480]],[[1481]],[[1482]],[[1483,1484,1485]],[[1486]],[[1487]],[[1488,1489]],[[1490]],[[1491,1492]],[[1493]],[[1494]],[[1495]],[[1496]],[[1497]],[[1498]],[[1499,1500]],[[1501]],[[1502]],[[1503,1504]],[[1505]],[[1506]],[[1507]],[[1508]],[[1511]],[[1512]],[[1513]],[[1514]],[[1515]],[[1516,1517,1518]],[[1519]],[[1520]],[[1521]],[[1522,1523]],[[1524]],[[1525]],[[1526]],[[1527]],[[1528]],[[1529]],[[1530]],[[1531],[1532]],[[1533]],[[1534]],[[1535]],[[1536]],[[1537]],[[1538]],[[1539]],[[1540]],[[1541]],[[1542]],[[1543]],[[1544,1545]],[[1546]],[[1547,1548]],[[1549]],[[1550]],[[1551]],[[1552]],[[1553]],[[1554]],[[1555]],[[1556]],[[1557]],[[1558]],[[1559]],[[1560]],[[1561]],[[1562]],[[1563]],[[1564]],[[1565]],[[1566]],[[1567]],[[1568]],[[1569]],[[1570]],[[1571,1572]],[[1573]],[[1574]],[[1575]],[[1576]],[[1577]],[[1578]],[[1579]],[[1580]],[[1581]],[[1582]],[[1583]],[[1584]],[[1585]],[[1586]],[[1587]],[[1588]],[[1589]],[[1590]],[[1591]],[[1592]],[[1593]],[[1594]],[[1595]],[[1596]],[[1597]],[[1598,1599]],[[1600]],[[1601]],[[1602,1603]],[[1604]],[[1605]],[[1606]],[[1607]],[[1608]],[[1609]],[[1610]],[[1611]],[[1612]],[[1613]],[[1614]],[[1615]],[[1616,1617]],[[1618]],[[1619]],[[1620]],[[1621]],[[1622]],[[1623]],[[1624]],[[1629]],[[1630]],[[1631]],[[1632]],[[1633]],[[1634]],[[1635]],[[1636,1637]],[[1638]],[[1639]],[[1640,1641]],[[1642,1643]],[[1644]],[[1645]],[[1646]],[[1647]],[[1648]],[[1649]],[[1650]],[[1651]],[[1652]],[[1653]],[[1654]],[[1655]],[[1656]],[[1657]],[[1658]],[[1659]],[[1660]],[[1661]],[[1662]],[[1663]],[[1664]],[[1665]],[[1666]],[[1667]],[[1668]],[[1669]],[[1670]],[[1671]],[[1672]],[[1673]],[[1674]],[[1675]],[[1676]],[[1677]],[[1678]],[[1679]],[[1680]],[[1681]],[[1682]],[[1683]],[[1684]],[[1685]],[[1686]],[[1687]],[[1688]],[[1689]],[[1690]],[[1691]],[[1692]],[[1693]],[[1694]],[[1695]],[[1696]],[[1697]],[[1698]],[[1699]],[[1700]],[[1701]],[[1702]],[[1703]],[[1704]],[[1705]],[[1706]],[[1707]],[[1708]],[[1709]],[[1710]],[[1711]],[[1712]],[[1713]],[[1714]],[[1715]],[[1716]],[[1717]],[[1718]],[[1719]],[[1720]],[[1721]],[[1722]],[[1723]],[[1724]],[[1725]],[[1726]],[[1727]],[[1728]],[[1729]],[[1730]],[[1731]],[[1732]],[[1733]],[[1734]],[[1735]],[[1736]],[[1737]],[[1738]],[[1739]],[[1740]],[[1741]],[[1742]],[[1743]],[[1744]],[[1745]],[[1746]],[[1747]],[[1748]],[[1749]],[[1750]],[[1751]],[[1752]],[[1753]],[[1754]],[[1755]],[[1756]],[[1757]],[[1758,1759]],[[1760]],[[1761]],[[1762,1763,1764,1765],[1766]],[[1767]],[[1768]],[[1769]],[[1770],[1771]],[[1772]],[[1773]],[[1774]],[[1775]],[[1776]],[[1777]],[[1778]],[[1779]],[[1780]],[[1781]],[[1782]],[[1783]],[[1784]],[[1785]],[[1786]],[[1787,1788]],[[1789,1790]],[[1791]],[[1792]],[[1793]],[[1794]],[[1795]],[[1796]],[[1797]],[[1798]],[[1799]],[[1800]],[[1801]],[[1802]],[[1803]],[[1804]],[[1805]],[[1806]],[[1807]],[[1808]],[[1809]],[[1810]],[[1811]],[[1812]],[[1813]],[[1814]],[[1815]],[[1816]],[[1817]],[[1818]],[[1819]],[[1820]],[[1821]],[[1822]],[[1823,1824]],[[1825]],[[1826]],[[1827]],[[1828]],[[1829]],[[1830]],[[1831]],[[1832]],[[1833]],[[1834]],[[1835]],[[1836]],[[1837]],[[1838]],[[1839]],[[1840]],[[1841]],[[1842]],[[1843]],[[1844]],[[1845]],[[1846]],[[1847]]],"type":"MultiPolygon","properties":{"ADM3_EN":"Camiling","area_sqm":1627224.198,"area_ha":162.722}},{"arcs":[[[-851,1849,-853,1850]],[[-878,1851,-881,1852]],[[-899,1853]],[[-920,1854]],[[-926,1855]],[[-928,1856,1857]],[[-940,1858]],[[1860]],[[1861]],[[1862]],[[1863]],[[1864]],[[1865]],[[1866]],[[1867]],[[1868]],[[1869]],[[1870]],[[1871]],[[1872]],[[1873]],[[1874]],[[1875]],[[1876]],[[1877]],[[1878]],[[1879]],[[1880]],[[1881]],[[1882]],[[1883]],[[1884]],[[1885]],[[1886]],[[1887]],[[1888]],[[1889]],[[1890]],[[1891]],[[1892]],[[1893]],[[1894]],[[1895]],[[1896]],[[1897]],[[1898]],[[1899]],[[1900]],[[1901]],[[1902]],[[1903]],[[1904]],[[1905]],[[1906]],[[1907]],[[1908]],[[1909]],[[1912]],[[1913]],[[1914]],[[1915]],[[1916]],[[1917]],[[1918]],[[1919]],[[1920]],[[1921]],[[1922]],[[1923]],[[1924]],[[1925]],[[1926]],[[1927]],[[1928]],[[1929]],[[1930]],[[1931]],[[1932]],[[1933]],[[1934]],[[1935]],[[1936]],[[1937]],[[1938]],[[1939]],[[1940]],[[1941,1942]],[[1943]],[[1944,1945]],[[1946]],[[1947]],[[1948]],[[1949]],[[1950]],[[1951]],[[1952]],[[1953]],[[1954]],[[1955]],[[1956]],[[1957]],[[1958]],[[1959]],[[1960]],[[1961]],[[1962]],[[1963]],[[1964]],[[1965,1966]],[[1967]],[[1968]],[[1969]],[[1970]],[[1971]],[[1972]],[[1973]],[[1974]],[[1975]],[[1976]],[[1977]],[[1978]],[[1979]],[[1980]],[[1981]],[[1982]],[[1985]],[[1986]],[[1987]],[[1988]],[[1989]],[[1990]],[[1991]],[[1992]],[[1993]],[[1994]],[[1995]],[[1996]],[[1997]],[[1998]],[[1999]],[[2000]],[[2001]],[[2002]],[[2003]],[[2004]],[[2005]],[[2006]],[[2007]],[[2008]],[[2009]],[[2010,2011]],[[2012]],[[2013]],[[2014]],[[2015]],[[2016]],[[2017]],[[2018]],[[2019]],[[2020]],[[2021]],[[2022]],[[2023]],[[2024]],[[2025]],[[2026]],[[2027]],[[2028]],[[2029]],[[2030]],[[2031]],[[2032]],[[2033]],[[2034]],[[2035]],[[2036]],[[2037]],[[2038]],[[2039]],[[2040]],[[2041]],[[2042]],[[2043]],[[2044]],[[2045]],[[2046]],[[2047]],[[2048]],[[2049]],[[2050]],[[2051]],[[2052]],[[2053]],[[2054]],[[2055]],[[2056]],[[2057]],[[2058,2059,2060,2061,2062]],[[2063]],[[2064]],[[2065,2066,2067,2068,2069]],[[2070]],[[2071]],[[2072]],[[2073]],[[2075,2076],[2074]],[[2077]],[[2078]],[[2079]],[[2080]],[[2081]],[[2082]],[[2083]],[[2084]],[[2085]],[[2086]],[[2087]],[[2088]],[[2089]],[[2090]],[[2091]],[[2092]],[[2093]],[[2094]],[[2095]],[[2096]],[[2097]],[[2098]],[[2099,2100,2101]],[[2104]],[[2105]],[[2106]],[[2107]],[[2108]],[[2109]],[[2110,2111]],[[2112]],[[2113]],[[2114]],[[2115]],[[2116]],[[2117]],[[2118]],[[2119]],[[2120]],[[2121]],[[2122]],[[2123]],[[2124]],[[2125]],[[2126]],[[2127]],[[2128]],[[2129]],[[2130]],[[2131]],[[2132]],[[2133]],[[2134]],[[2135,2136]],[[2137]],[[2138]],[[2139,2140]],[[2141]],[[2142]],[[2143]],[[2144]],[[2145]],[[2146]],[[2147]],[[2148,2149,2150,2151,2152]],[[2153]],[[2154]],[[2155]],[[2156]],[[2157]],[[2158]],[[2159]],[[2160]],[[2161]],[[2162]],[[2163]],[[2164]],[[2165]],[[2166]],[[2167]],[[2168]],[[2169]],[[2170]],[[2171]],[[2172]],[[2173]],[[2174]],[[2175]],[[2176]],[[2177]],[[2178]],[[2179]],[[2180]],[[2181]],[[2182]],[[2183]],[[2184]],[[2185]],[[2186]],[[2187]],[[2188]],[[2189]],[[2190]],[[2191]],[[2192]],[[2193]],[[2194]],[[2195]],[[2196]],[[2197]],[[2198]],[[2199]],[[2200]],[[2201]],[[2202]],[[2203]],[[2204]],[[2205]],[[2206,2207]],[[2208,2209]],[[2210]],[[2211]],[[2212]],[[2213]],[[2214,2215]],[[2216]],[[2217]],[[2218]],[[2219]],[[2220]],[[2221]],[[2222]],[[2223]],[[2224]],[[2225]],[[2226]],[[2227]],[[2228]],[[2229]],[[2230]],[[2231]],[[2232]],[[2233]],[[2234]],[[2235]],[[2236]],[[2237]],[[2238]],[[2239]],[[2240]],[[2241]],[[2242]],[[2243,2244,2245]],[[2246,2247]],[[2250]],[[2251]],[[2252]],[[2253]],[[2254]],[[2255]],[[2256]],[[2257]],[[2258]],[[2259]],[[2260,2261]],[[2264]],[[2265]],[[2266]],[[2267]],[[2268,2269]],[[2270]],[[2271,2272]],[[2273]],[[2274]],[[2275]],[[2276]],[[2277]],[[2278]],[[2279]],[[2280]],[[2281]],[[2282]],[[2283]],[[2284]],[[2285]],[[2286]],[[2287]],[[2289],[2288]],[[2290]],[[2293]],[[2294]],[[2295]],[[2296,2297,2298]],[[2299]],[[2300]],[[2301]],[[2302]],[[2303]],[[2304]],[[2305]],[[2306]],[[2307]],[[2308]],[[2309]],[[2310]],[[2311]],[[2312]],[[2313]],[[2314]],[[2315]],[[2316]],[[2317,2318]],[[2319]],[[2320]],[[2321]],[[2322,2323]],[[2324]],[[2325]],[[2326]],[[2327]],[[2328]],[[2329]],[[2330]],[[2331]],[[2332]],[[2333]],[[2334]],[[2335]],[[2336]],[[2337]],[[2338]],[[2339]],[[2340]],[[2341]],[[2342]],[[2343]],[[2344]],[[2345]],[[2346]],[[2347]],[[2348]],[[2349]],[[2350]],[[2351]],[[2352]],[[2353]],[[2354]],[[2355]],[[2356]],[[2357]],[[2358]],[[2359]],[[2360]],[[2361]],[[2362]],[[2363]],[[2364]],[[2365]],[[2366]],[[2367]],[[2368]],[[2369]],[[2370]],[[2371]],[[2372]],[[2373]],[[2374]],[[2375]],[[2376]],[[2377]],[[2378]],[[2379]],[[2380]],[[2381]],[[2382]],[[2383]],[[2384,2385]],[[2386]],[[2387]],[[2388]],[[2389]],[[2390]],[[2391]],[[2392]],[[2393]],[[2394]],[[2395]],[[2396]],[[2397]],[[2398]],[[2399]],[[2400]],[[2401]],[[2402]],[[2403]],[[2404]],[[2405]],[[2406]],[[2407]],[[2408]],[[2409]],[[2410]],[[2411]],[[2412]],[[2413]],[[2414,2415]],[[2416]],[[2417]],[[2418]],[[2419,2420]],[[2421]],[[2422]],[[2423]],[[2424]],[[2425]],[[2426]],[[2427]],[[2428]],[[2429]],[[2430]],[[2431]],[[2432]],[[2433]],[[2434]],[[2435]],[[2436]],[[2437]],[[2438]],[[2439]],[[2440]],[[2441]],[[2442]],[[2443]],[[2444]],[[2445]],[[2446]],[[2447]],[[2448]],[[2449]],[[2450]],[[2451]],[[2452]],[[2453]],[[2454]],[[2455]],[[2456]],[[2457]],[[2458]],[[2459]],[[2460]],[[2461]],[[2462]],[[2463]],[[2464]],[[2465]],[[2466]],[[2467]],[[2468]],[[2469]],[[2470]],[[2471]],[[2472]],[[2473]],[[2474]],[[2475]],[[2476]],[[2477]],[[2478]],[[2479]],[[2480]],[[2481]],[[2482]],[[2483]],[[2484,2485]],[[2486]],[[2487]],[[2488]],[[2489,2490]],[[2491]],[[2492]],[[2493]],[[2494]],[[2495]],[[2496]],[[2497]],[[2498]],[[2499]],[[2500]],[[2501]],[[2502]],[[2503]],[[2504]],[[2505]],[[2506,2507]],[[2508]],[[2509]],[[2510]],[[2511]],[[2512]],[[2513]],[[2514]],[[2515]],[[2516]],[[2517]],[[2518]],[[2519]],[[2520]],[[2521]],[[2522]],[[2523]],[[2524]],[[2525]],[[2526]],[[2527]],[[2528]],[[2529]],[[2530]],[[2531]],[[2532]],[[2533]],[[2534]],[[2535]],[[2536]],[[2537]],[[2538]],[[2539]],[[2540]],[[2541]],[[2542]],[[2543]],[[2544]],[[2545]],[[2546]],[[2547]],[[2548]],[[2549]],[[2550]],[[2551]],[[2552]],[[2553]],[[2554]],[[2555]],[[2556]],[[2557]],[[2558,2559],[2562]],[[2563]],[[2564]],[[2565]],[[2566]],[[2567]],[[2568]],[[2569]],[[2570]],[[2571]],[[2572]],[[2573]],[[2574]],[[2575]],[[2576]],[[2577]],[[2578]],[[2579]],[[2580]],[[2581]],[[2582]],[[2583]],[[2584]],[[2585]],[[2586]],[[2587]],[[2588]],[[2589]],[[2590]],[[2591]],[[2592]],[[2593]],[[2594]],[[2595]],[[2596,2597]],[[2598]],[[2599]],[[2600]],[[2601]],[[2602]],[[2603]],[[2604]],[[2605]],[[2606]],[[2607]],[[2608]],[[2609]],[[2610]],[[2611]],[[2612]],[[2613]],[[2614]],[[2615]],[[2616]],[[2617]],[[2618]],[[2619]],[[2620]],[[2621]],[[2622]],[[2623]],[[2624]],[[2625]],[[2626]],[[2627]],[[2628]],[[2629]],[[2630]],[[2631]],[[2632]],[[2633]],[[2634]],[[2635]],[[2636]],[[2637]],[[2638]],[[2639]],[[2640]],[[2641]],[[2642,2643,2644,2645]],[[2646]],[[2647]],[[2648,2649]],[[2650]],[[2651]],[[2652,2653]],[[2654]],[[2655]],[[2656]],[[2657]],[[2658,2659]],[[2660]],[[2661]],[[2662]],[[2663]],[[2664]],[[2665]],[[2666]],[[2667]],[[2668]],[[2669]],[[2670]],[[2671]],[[2672]],[[2673]],[[2674]],[[2675]],[[2676]],[[2677]],[[2678]],[[2679]],[[2680]],[[2681]],[[2682]],[[2683]],[[2684]],[[2685]],[[2686]],[[2687]],[[2688]],[[2689]],[[2690]],[[2691]],[[2692]],[[2693]],[[2694]],[[2695]],[[2696]],[[2697]],[[2698]],[[2699]],[[2700]],[[2701]],[[2702]],[[2703]],[[2704]],[[2705]],[[2706]],[[2707]],[[2708]],[[2709]],[[2710]],[[2711]],[[2712]],[[2713]],[[2714]],[[2715]],[[2716]],[[2717]],[[2718,2719]],[[2720]],[[2721]],[[2722]],[[2723]],[[2724]],[[2725]],[[2726]],[[2727,2728]],[[2729,2730]],[[2731]],[[2732]],[[2733,2734]],[[2735]],[[2738]],[[2739]],[[2740]],[[2741]],[[2742]],[[2743]],[[2744]],[[2745]],[[2746]],[[2747]],[[2748]],[[2749]],[[2750]],[[2751]],[[2752,2753]],[[2754]],[[2755]],[[2756]],[[2757]],[[2758]],[[2759]],[[2760]],[[2761]],[[2762]],[[2763]],[[2764]],[[2765]],[[2766]],[[2767]],[[2768]],[[2769]],[[2770]],[[2771]],[[2772]],[[2773]],[[2774]],[[2775]],[[2776]],[[2777]],[[2778]],[[2779]],[[2780]],[[2781,2782]],[[2783]],[[2784]],[[2787]],[[2788]],[[2789]],[[2790]],[[2791]],[[2792]],[[2793]],[[2794]],[[2795]],[[2796]],[[2797]],[[2798]],[[2799]],[[2800]],[[2801]],[[2802]],[[2803]],[[2804]],[[2805]],[[2806]],[[2807]],[[2808]],[[2809]],[[2810,2811,2812]],[[2813]],[[2814]],[[2815]],[[2816]],[[2817]],[[2818]],[[2819]],[[2820]],[[2821]],[[2822]],[[2823]],[[2824]],[[2825]],[[2826]],[[2827]],[[2828]],[[2829]],[[2830]],[[2831]],[[2832]],[[2833]],[[2834]],[[2835]],[[2836]],[[2837]],[[2838]],[[2839]],[[2840]],[[2841]],[[2842]],[[2843]],[[2844]],[[2845]],[[2846]],[[2847]],[[2848]],[[2849]],[[2850]],[[2851]],[[2852]],[[2853]],[[2854]],[[2855]],[[2856]],[[2857]],[[2858]],[[2859]],[[2860]],[[2861]],[[2862]],[[2863]],[[2864]],[[2865]],[[2866]],[[2867]],[[2868]],[[2869]],[[2870]],[[2871]],[[2872]],[[2873]],[[2874]],[[2875]],[[2876]],[[2877]],[[2878]],[[2879]],[[2880]],[[2881]],[[2882]],[[2883]],[[2884,2885,2886,2887,2888]],[[2889]],[[2890]],[[2891]],[[2892]],[[2893]],[[2894]],[[2895]],[[2896]],[[2897]],[[2898]],[[2899]],[[2900]],[[2901]],[[2902]],[[2903]],[[2904]],[[2905]],[[2906]],[[2907]],[[2908]],[[2909]],[[2910]],[[2911]],[[2912]],[[2913]],[[2914]],[[2915]],[[2916]],[[2917]],[[2918]],[[2919]],[[2920]],[[2921]],[[2922]],[[2923]],[[2924]],[[2925]],[[2926]],[[2927]],[[2928]],[[2929]],[[2930]],[[2931]],[[2932]],[[2933]],[[2934]],[[2935]],[[2936]],[[2937]],[[2938]],[[2939]],[[2940]],[[2941]],[[2942]],[[2943]],[[2944]],[[2945]],[[2946]],[[2947]],[[2948]],[[2949]],[[2950]],[[2951]],[[2952]],[[2953]],[[2954]],[[2955]],[[2956]],[[2957]],[[2958]],[[2959]],[[2960]],[[2961]],[[2962]],[[2963]],[[2964]],[[2965]],[[2966]],[[2967]],[[2968]],[[2969]],[[2970]],[[2971]],[[2972]],[[2973]],[[2974]],[[2975]],[[2976]],[[2977]],[[2978]],[[2979]],[[2980]],[[2981]],[[2982]],[[2983]],[[2984]],[[2985]],[[2986]],[[2987]],[[2988]],[[2989]],[[2990]],[[2991]],[[2992]],[[2993]],[[2994]],[[2995]],[[2996]],[[2997]],[[2998]],[[2999,3000,3001,3002,3003]],[[3004]],[[3005]],[[3006]],[[3007]],[[3008]],[[3009]],[[3010]],[[3011]],[[3012,3013]],[[3014]],[[3015]],[[3016]],[[3019,3020,3021]],[[3022]],[[3023,3024],[3025]],[[3026]],[[3027]],[[3028]],[[3029]],[[3032,3033]],[[3034]],[[3035]],[[3036]],[[3037]],[[3038]],[[3041]],[[3042,3043,3044,3045]],[[3046]],[[3047]],[[3048]]],"type":"MultiPolygon","properties":{"ADM3_EN":"Capas","area_sqm":2187871.762,"area_ha":218.787}},{"arcs":[[[3049],[3050]],[[3051]],[[3052]],[[3053]],[[3054]],[[3055]],[[3056]],[[3057]],[[3058]],[[3059]],[[3060]],[[3061]],[[3062]],[[3063]],[[3064]],[[3065]],[[3066]],[[3067]],[[3068]],[[3069]],[[3070]],[[3071]],[[3072]],[[3073]],[[3074]],[[3075]],[[3076]],[[3077]],[[3078]],[[3079]],[[3080]],[[3081]],[[3082]],[[3083]],[[3084,3085]],[[3086]],[[3087]],[[3088]],[[3089]],[[3090]],[[3091]],[[3092]],[[3093]],[[3094]],[[3095]],[[3096]],[[3097]],[[3098]],[[3099]],[[3100]],[[3101]],[[3102]],[[3103]],[[3104]],[[3105]],[[3106]],[[3107]],[[3108]],[[3109]]],"type":"MultiPolygon","properties":{"ADM3_EN":"Concepcion","area_sqm":115084.243,"area_ha":11.508}},{"arcs":[[[3110,3111,3112,3113,3114,3115]],[[3116]],[[3117]],[[3118]],[[3119]],[[3120,3121,3122]],[[3123]],[[3124]],[[3125]],[[3126]],[[3127]],[[3128,3129,3130,3131]],[[3133],[3132]],[[3134,3135]],[[3138]],[[3143]],[[3144]],[[3147]],[[3148]],[[3149]],[[3150]],[[3151]],[[3152]],[[3153]],[[3154]],[[3155]],[[3156,3157,3158,3159]],[[3160]],[[3161]],[[3162,3163]],[[3164]],[[3165]],[[3166]],[[3167]],[[3168]],[[3169]],[[3170]],[[3171]],[[3172],[3173],[3174]],[[3175,3176,3177,3178,3179,3180,3181,3182,3183,3184]],[[3185]],[[3186]],[[3187]],[[3188]],[[3191]],[[3192,3193,3194,3195]],[[3196,3197,3198]],[[3199,3200,3201]],[[3202]],[[3203]],[[3204,3205,3206]],[[3207]],[[3208]],[[3209,3210]],[[3215,3216,3217,3218,3219]],[[3222]],[[3223,3224,3225,3226]],[[3227]],[[3228]],[[3233,3234]],[[3235,3236,3237,3238,3239,3240,3241,3242]],[[3243],[3244],[3245]],[[3246]],[[3247,3248]],[[3255,3256,3257]],[[3258,3259,3260]],[[3261,3262,3263]],[[3264,3265,3266]],[[3267,3268,3269]],[[3270]],[[3271,3272,3273,3274]],[[3275]],[[3276]],[[3277]],[[3280,3281,3282,3283,3284,3285]],[[3286,3287]],[[3288,3289],[3290]],[[3291]],[[3294]],[[3297,3298]],[[3299,3300]],[[3301,3302]],[[3303]],[[3304]],[[3305]],[[3306]],[[3307]],[[3308]],[[3309]],[[3310]],[[3311]],[[3312]],[[3313]],[[3314]],[[3315]],[[3316]],[[3317]],[[3318]],[[3319]],[[3320]],[[3321]],[[3322]],[[3323]],[[3324]],[[3325]],[[3326]],[[3327]],[[3328]],[[3329]],[[3330,3331],[3332]],[[3333],[3334]],[[3335]],[[3336]],[[3337]],[[3339],[3338]],[[3340]],[[3341]],[[3342]],[[3343]],[[3344,3345]],[[3346]],[[3347]],[[3348]],[[3349]],[[3350]],[[3351]],[[3352]],[[3353]],[[3354,3355]],[[3358]],[[3359]],[[3360]],[[3361]],[[3362]],[[3363]],[[3364]],[[3365]],[[3366]],[[3367]],[[3368]],[[3369]],[[3370]],[[3371]],[[3372]],[[3373]],[[3374]],[[3375]],[[3376]],[[3377]],[[3378]],[[3379]],[[3380]],[[3381]],[[3382]],[[3383]],[[3384]],[[3385]],[[3386]],[[3387]],[[3388]],[[3389]],[[3390]],[[3391]],[[3392]],[[3393]],[[3394]],[[3395]],[[3396]],[[3397]],[[3398]],[[3399]],[[3400]],[[3401]],[[3402]],[[3403]],[[3404]],[[3405]],[[3406]],[[3407,3408]],[[3409]],[[3410,3411]],[[3412]],[[3413]],[[3414]],[[3415]],[[3416]],[[3417]],[[3418]],[[3419]],[[3420]],[[3421]],[[3422]],[[3423]],[[3424]],[[3425]],[[3426]],[[3427]],[[3428]],[[3429]],[[3430]],[[3431]],[[3432]],[[3433]],[[3434]],[[3435]],[[3436]],[[3437]],[[3440]],[[3441]],[[3442,3443]],[[3444]],[[3445]],[[3446]],[[3447]],[[3448]],[[3449]],[[3450]],[[3451]],[[3452]],[[3453]],[[3454]],[[3455]],[[3456]],[[3457]],[[3458]],[[3459]],[[3460]],[[3461]],[[3462]],[[3463]],[[3464]],[[3465]],[[3466]],[[3467]],[[3468]],[[3469]],[[3470]],[[3471]],[[3472]],[[3473]],[[3475],[3474]],[[3476]],[[3477]],[[3478]],[[3479,3480,3481,3482]],[[3487]],[[3488]],[[3489]],[[3490]],[[3491],[3492]],[[3493]],[[3494]],[[3495]],[[3496]],[[3497]],[[3498]],[[3499]],[[3500]],[[3501,3502]],[[3503,3504,3505,3506]],[[3509,3510,3511,3512]],[[3513,3514,3515]],[[3516,3517]],[[3518,3519]],[[3520,3521,3522,3523]]],"type":"MultiPolygon","properties":{"ADM3_EN":"Gerona","area_sqm":568013.037,"area_ha":56.801}},{"arcs":[[[3524]],[[3525]],[[3526]],[[3527]],[[3528]],[[3529]],[[3530]],[[3531]],[[3532]],[[3533]],[[3534]],[[3535]],[[3536]],[[3537]],[[3538]],[[3539]],[[3540]]],"type":"MultiPolygon","properties":{"ADM3_EN":"La Paz","area_sqm":25349.375,"area_ha":2.535}},{"arcs":[[[-969,3541]],[[-974,3542,-977,3543]],[[-1190,3544,3545]],[[-1192,3546,3547]],[[-1204,3548,3549,3550,-1207,3551,3552]],[[-1224,3553,-1227,3554,3555]],[[3556]],[[3557]],[[3560]],[[3561,3562,3563,3564]],[[3567]],[[3570]],[[3571]],[[3572]],[[3573]],[[3574]],[[3575]],[[3576,3577]],[[3578]],[[3579,3580]],[[3581]],[[3582]],[[3583,3584]],[[3585]],[[3586]],[[3587]],[[3588]],[[3589]],[[3590]],[[3591]],[[3592]],[[3593]],[[3594]],[[3595]],[[3596]],[[3597]],[[3598]],[[3599]],[[3600]],[[3601]],[[3602,3603]],[[3604]],[[3605]],[[3606]],[[3607]],[[3608]],[[3609]],[[3610]],[[3611]],[[3612]],[[3613]],[[3614]],[[3615]],[[3616]],[[3617]],[[3618]],[[3619]],[[3620]],[[3621]],[[3622]],[[3623]],[[3624]],[[3625]],[[3626]],[[3627]],[[3628]],[[3629]],[[3630]],[[3631]],[[3632]],[[3633]],[[3634]],[[3635]],[[3636]],[[3637]],[[3638]],[[3639]],[[3640]],[[3641]],[[3642]],[[3643]],[[3644]],[[3645]],[[3646]],[[3647]],[[3648]],[[3649]],[[3650]],[[3651,3652,3653]],[[3654]],[[3655]],[[3656]],[[3657]],[[3658]],[[3659]],[[3660]],[[3661]],[[3662]],[[3663]],[[3670,3671],[3666,3667]],[[3672]],[[3673]],[[3674]],[[3675]],[[3676]],[[3677]],[[3678]],[[3679]],[[3680]],[[3681]],[[3682]],[[3683]],[[3684]],[[3685]],[[3686]],[[3687]],[[3688]],[[3689]],[[3690]],[[3691]],[[3692]],[[3693]],[[3694,3695]],[[3696]],[[3697]],[[3698]],[[3699]],[[3700]],[[3701,3702,3703,3704,3705]],[[3706]],[[3707]],[[3708]],[[3709,3710,3711]],[[3712]],[[3713]],[[3714]],[[3715]],[[3716]],[[3717]],[[3718]],[[3719]],[[3720]],[[3721]],[[3722]],[[3723]],[[3724]],[[3725,3726]],[[3727,3728]],[[3729]],[[3730]],[[3731]],[[3736]],[[3737]],[[3738]],[[3739]],[[3740]],[[3741]],[[3742]],[[3743,3744]],[[3745]],[[3746]],[[3747]],[[3748]],[[3749]],[[3750]],[[3751]],[[3752]],[[3753]],[[3754]],[[3755]],[[3756]],[[3757]],[[3758]],[[3759]],[[3760]],[[3761]],[[3762]],[[3763]],[[3764]],[[3765]],[[3766]],[[3767]],[[3768]],[[3769]],[[3770]],[[3771]],[[3772,3773]],[[3774]],[[3775]],[[3776]],[[3777]],[[3778]],[[3779]],[[3780]],[[3781]],[[3782]],[[3783]],[[3784]],[[3785]],[[3786]],[[3787]],[[3788]],[[3789]],[[3790]],[[3791]],[[3792]],[[3793]],[[3794]],[[3795]],[[3796]],[[3797]],[[3798]],[[3799]],[[3800]],[[3801]],[[3802]],[[3803]],[[3804]],[[3805]],[[3806]],[[3807]],[[3808]],[[3809]],[[3810]],[[3811]],[[3812]],[[3813]],[[3814]],[[3815]],[[3816]],[[3817]],[[3818]],[[3819]],[[3820]],[[3821]],[[3822]],[[3823]],[[3824]],[[3825]],[[3826]],[[3827]],[[3830]],[[3831]],[[3832]],[[3833]],[[3834]],[[3835]],[[3836]],[[3837]],[[3838]],[[3839]],[[3840]],[[3841]],[[3842]],[[3843]],[[3844]],[[3845]],[[3846]],[[3847,3848]],[[3849,3850]],[[3851]],[[3852]],[[3853]],[[3854]],[[3855]],[[3856]],[[3857]],[[3858]],[[3859]],[[3860]],[[3861,3862],[3863]],[[3864]],[[3865]],[[3866]],[[3867]],[[3868]],[[3869]],[[3870]],[[3871,3872]],[[3873]],[[3874]],[[3875,3876,3877,3878]],[[3879]],[[3880,3881,3882,3883]],[[3884]],[[3885,3886]],[[3887]],[[3888]],[[3889]],[[3890],[3891]],[[3892]],[[3893]],[[3894]],[[3895]],[[3896]],[[3897]],[[3898]],[[3899]],[[3900]],[[3901]],[[3902]],[[3903]],[[3904]],[[3905]],[[3906]],[[3907]],[[3908]],[[3909]],[[3910]],[[3911]],[[3912,3913]],[[3914]],[[3915]],[[3916]],[[3917]],[[3918]],[[3919]],[[3920]],[[3921]],[[3922]],[[3923]],[[3924]],[[3925]],[[3926]],[[3927]],[[3928]],[[3929]],[[3930]],[[3931]],[[3932]],[[3933]],[[3934]],[[3935]],[[3936]],[[3937]],[[3938]],[[3939]],[[3940,3941],[3942,3943]],[[3944]],[[3945]],[[3946]],[[3947]],[[3948]],[[3949]],[[3950]],[[3951]],[[3952]],[[3953]],[[3954]],[[3955]],[[3956]],[[3957]],[[3958]],[[3959]],[[3960]],[[3961]],[[3962]],[[3963]],[[3964]],[[3965]],[[3966]],[[3967]],[[3968]],[[3969]],[[3970]],[[3971]],[[3972]],[[3973]],[[3974,3975]],[[3976]],[[3977]],[[3978]],[[3979]],[[3980]],[[3981]],[[3982]],[[3983]],[[3984]],[[3985]],[[3986]],[[3987]],[[3988]],[[3989]],[[3990]],[[3991]],[[3992]],[[3993]],[[3994]],[[3995]],[[3996]],[[3997]],[[3998]],[[3999,4000,4001,4002]],[[4003]],[[4004]],[[4005]],[[4006]],[[4007]],[[4008]],[[4009]],[[4010]],[[4011]],[[4012]],[[4013]],[[4014]],[[4015,4016]],[[4017]],[[4018]],[[4019,4020,4021]],[[4022]],[[4023]],[[4024]],[[4025]],[[4026,4027,4028]],[[4029]],[[4030]],[[4031]],[[4032]],[[4033]],[[4034]],[[4035]],[[4036]],[[4037]],[[4038]],[[4039]],[[4040]],[[4041]],[[4042]],[[4043]],[[4044]],[[4045]],[[4048]],[[4049]],[[4050]],[[4051]],[[4052]],[[4053]],[[4054]],[[4055]],[[4056]],[[4057]],[[4058]],[[4059]],[[4060,4061]],[[4062]],[[4063]],[[4064]],[[4065]],[[4066]],[[4067]],[[4068]],[[4069]],[[4070]],[[4071]],[[4072,4073]],[[4074]],[[4075]],[[4076]],[[4077]],[[4078]],[[4079]],[[4080]],[[4081]],[[4082]],[[4083]],[[4084]],[[4085]],[[4086]],[[4087]],[[4088]],[[4089]],[[4090]],[[4091]],[[4092]],[[4093]],[[4094]],[[4095]],[[4096]],[[4097]],[[4098,4099,4100,4101],[4102],[4103]],[[4104]],[[4105]],[[4106]],[[4107]],[[4108]],[[4109]],[[4110]],[[4111]],[[4112]],[[4113]],[[4114]],[[4115]],[[4116]],[[4117]],[[4118]],[[4119]],[[4120]],[[4121]],[[4122]],[[4123,4124]],[[4125]],[[4126]],[[4127]],[[4128,4129,4130]],[[4131]],[[4132]],[[4133]],[[4134]],[[4135]],[[4136]],[[4137]],[[4138]],[[4139]],[[4140]],[[4141]],[[4142]],[[4143]],[[4144]],[[4145]],[[4146]],[[4147]],[[4148]],[[4149]],[[4150]],[[4151]],[[4152]],[[4153]],[[4154]],[[4155]],[[4156,4157]],[[4158]],[[4159]],[[4160]],[[4161]],[[4162]],[[4163]],[[4164]],[[4165]],[[4166]],[[4167]],[[4168]],[[4169]],[[4170]],[[4171]],[[4172]],[[4173]],[[4174]],[[4175]],[[4176]],[[4177]],[[4178]],[[4179]],[[4180]],[[4181]],[[4182]],[[4183]],[[4184,4185]],[[4186]],[[4187]],[[4188]],[[4189]],[[4190]],[[4191]],[[4192]],[[4193]],[[4194]],[[4195]],[[4196]],[[4197]],[[4198]],[[4199]],[[4200]],[[4201]],[[4202,4203]],[[4204]],[[4205]],[[4206]],[[4207]],[[4208]],[[4209]],[[4210]],[[4211]],[[4212]],[[4213,4214,4215,4216]],[[4217]],[[4218]],[[4219]],[[4220]],[[4221]],[[4222,4223,4224]],[[4225,4226]],[[4227]],[[4228]],[[4229]],[[4233,4234,4235],[4230,4231,4232]],[[4236]],[[4237]],[[4238]],[[4239]],[[4240]],[[4241]],[[4242]],[[4243]],[[4244]],[[4245,4246]],[[4247]],[[4248]],[[4249]],[[4250]],[[4251,4252]],[[4253]],[[4254,4255]],[[4256]],[[4257]],[[4258]],[[4259]],[[4260,4261]],[[4262]],[[4263]],[[4264]],[[4265]],[[4266]],[[4267]],[[4268]],[[4269]],[[4270]],[[4271]],[[4272]],[[4273]],[[4274]],[[4275]],[[4276]],[[4277]],[[4278]],[[4279]],[[4280]],[[4281,4282]],[[4283]],[[4284,4285]],[[4286]],[[4287]],[[4288]],[[4289,4290,4291,4292]],[[4293]],[[4294]],[[4295]],[[4296]],[[4297]],[[4298]],[[4299]],[[4300]],[[4302],[4301]],[[4303]],[[4304]],[[4305]],[[4306]],[[4307]],[[4308]],[[4309]],[[4310]],[[4311]],[[4312]],[[4313]],[[4314]],[[4315]],[[4316]],[[4317]],[[4318]],[[4322],[4321]],[[4323]],[[4324]],[[4325]],[[4326],[4327]],[[4328]],[[4329]],[[4330]],[[4331]],[[4332]],[[4333]],[[4334]],[[4337]],[[4338]],[[4339]],[[4340]],[[4341]],[[4342]],[[4343]],[[4344]],[[4345]],[[4346]],[[4347]],[[4348,4349]],[[4350]],[[4351]],[[4352]],[[4353]],[[4354]],[[4355]],[[4356]],[[4357]],[[4358]],[[4359]],[[4360]],[[4361,4362]],[[4363]],[[4364]],[[4365]],[[4366]],[[4367,4368]],[[4369]],[[4370]],[[4371]],[[4372]],[[4373]],[[4374]],[[4375]],[[4376]],[[4377]],[[4378]],[[4379]],[[4380]],[[4381]],[[4382]],[[4383]],[[4384]],[[4385]],[[4386]],[[4387]],[[4388]],[[4389]],[[4390]],[[4391]],[[4392]],[[4393]],[[4394]],[[4395]],[[4396]],[[4397]],[[4398]],[[4399]],[[4400]],[[4401,4402]],[[4405,4406]],[[4407]],[[4408]],[[4409]],[[4410]],[[4411,4412]],[[4413]],[[4414]],[[4415]],[[4416,4417,4418,4419],[4420]],[[4421,4422]],[[4423]]],"type":"MultiPolygon","properties":{"ADM3_EN":"Mayantoc","area_sqm":1767893.122,"area_ha":176.789}},{"arcs":[[[-82,4424,-84,4425]],[[-86,4426]],[[-88,4427,-93,4428,-90,4429]],[[4431]],[[4432]],[[4433]],[[4434]],[[4435]],[[4436,4437]],[[4438]],[[4439]],[[4446]],[[4447]],[[4448]],[[4449,4450]],[[4451]],[[4452]],[[4453,4454,4455,4456,4457]],[[4460]],[[4461]],[[4462]],[[4463]],[[4464]],[[4465]],[[4466]],[[4467]],[[4468]],[[4469]],[[4470,4471]],[[4472]],[[4473]],[[4474]],[[4475]],[[4476]],[[4477]],[[4478]],[[4479]],[[4480]],[[4481]],[[4482]],[[4483]],[[4484]],[[4485]],[[4486]],[[4487]],[[4488]],[[4489]],[[4490]],[[4491]],[[4492]],[[4493]],[[4494]],[[4495]],[[4496]],[[4497]],[[4498]],[[4499]],[[4500]],[[4501]],[[4502]],[[4503]],[[4504]],[[4505]],[[4506]],[[4507]],[[4508]],[[4509]],[[4510]],[[4511]],[[4512]],[[4513]],[[4514]],[[4515]],[[4516]],[[4517]],[[4518]],[[4519]],[[4520]],[[4521]],[[4522]],[[4523]],[[4524]],[[4525]],[[4526]],[[4527]],[[4528]],[[4529]],[[4530]],[[4531]],[[4532]],[[4533]],[[4534]],[[4535]],[[4536]],[[4537]],[[4538]],[[4539]],[[4540]],[[4541]],[[4542,4543]],[[4544]],[[4545,4546]],[[4547]],[[4548]],[[4549]],[[4550]],[[4551]],[[4552]],[[4553]],[[4554]],[[4555]],[[4556]],[[4557]],[[4558]],[[4559]],[[4560]],[[4561]],[[4562]],[[4563]],[[4564]],[[4565]],[[4566]],[[4567]],[[4568]],[[4569]],[[4570]],[[4571]],[[4572]],[[4573]],[[4574]],[[4575]],[[4576]],[[4577]],[[4578]],[[4579]],[[4580]],[[4581]],[[4582]],[[4583]],[[4584]],[[4585]],[[4586,4587]],[[4588]],[[4589]],[[4590,4591]],[[4592]],[[4593]],[[4594]],[[4595]],[[4596]],[[4597,4598]],[[4599]],[[4600]],[[4601,4602]],[[4603]],[[4604]],[[4605]],[[4606]],[[4607]],[[4608]],[[4609]],[[4610]],[[4611]],[[4612]],[[4613]],[[4614]],[[4615]],[[4616,4617]],[[4618]],[[4619]],[[4620]],[[4621]],[[4622]],[[4623]],[[4624]],[[4625]],[[4626]],[[4627]],[[4628]],[[4629]],[[4630]],[[4631]],[[4632]],[[4633]],[[4634]],[[4635]],[[4636]],[[4637]],[[4638]],[[4639]],[[4640]],[[4641]],[[4642]],[[4643]],[[4644]],[[4645]],[[4646]],[[4647]],[[4648]],[[4649]],[[4650]],[[4651]],[[4652]],[[4653]]],"type":"MultiPolygon","properties":{"ADM3_EN":"Moncada","area_sqm":341039.906,"area_ha":34.104}},{"arcs":[[[-1626,4656,-1628,4657]],[[-3484,4660,-3487,4661]],[[-3514,4662,4663]],[[-4441,4665,-4445,4666,-4443,4667]],[[-4457,4670]],[[-4459,4671]],[[4672]],[[4673]],[[4674]],[[4675]],[[4676]],[[4677]],[[4678]],[[4679]],[[4680]],[[4681]],[[4682]],[[4683]],[[4684]],[[4685]],[[4686]],[[4687]],[[4688]],[[4689]],[[4690]],[[4691]],[[4692]],[[4693]],[[4694]],[[4695]],[[4696]],[[4697]],[[4698]],[[4699]],[[4700]],[[4701]],[[4702]],[[4703]],[[4704]],[[4705,4706]],[[4709]],[[4710]],[[4711]],[[4712]],[[4713]],[[4714]],[[4715]],[[4716]],[[4717]],[[4718]],[[4719]],[[4720]],[[4721]],[[4722]],[[4723]],[[4724]],[[4725]],[[4726]],[[4727]],[[4728]],[[4729]],[[4730]],[[4731]],[[4732]],[[4733]],[[4734]],[[4735]],[[4736,4737,4738,4739,4740,4741]],[[4742]],[[4743]],[[4744,4745,4746,4747,4748]],[[4753]],[[4754]],[[4755]],[[4756]],[[4757]],[[4758]],[[4759]],[[4760]],[[4761]],[[4762]],[[4763]],[[4764]],[[4765]],[[4766]],[[4767]],[[4768]],[[4769]],[[4770]],[[4771]],[[4772]],[[4773]],[[4774]],[[4775]],[[4776]],[[4777]],[[4778]],[[4779]],[[4780]],[[4781]],[[4782]],[[4783]],[[4784]],[[4785]],[[4786]],[[4787,4788]],[[4789]],[[4790]],[[4791,4792]],[[4793]],[[4794]],[[4795]],[[4796]],[[4797]],[[4798,4799,4800,4801]],[[4802]],[[4803]],[[4804]],[[4805,4806]],[[4807]],[[4808]],[[4809]],[[4810]],[[4811]],[[4812]],[[4813]],[[4814]],[[4815]],[[4816]],[[4817]],[[4818]],[[4819]],[[4820]],[[4821]],[[4822]],[[4823]],[[4824]],[[4825]],[[4826]],[[4827]],[[4828]],[[4829,4830]],[[4831]],[[4832]],[[4833]],[[4834]],[[4835]],[[4836]],[[4837,4838]],[[4839]],[[4840]],[[4841]],[[4842]],[[4843]],[[4844]],[[4845]],[[4846]],[[4847]],[[4848]],[[4849]],[[4850]],[[4851]],[[4852]],[[4853]],[[4854]],[[4855]],[[4856]],[[4857]],[[4858]],[[4859]],[[4860]],[[4861]]],"type":"MultiPolygon","properties":{"ADM3_EN":"Paniqui","area_sqm":273182.437,"area_ha":27.318}},{"arcs":[[[4862]],[[4863]],[[4864]],[[4865]],[[4866]],[[4867]],[[4868]],[[4869]],[[4870]],[[4871]],[[4872]],[[4873]],[[4874]],[[4875]],[[4876]],[[4877]],[[4878]],[[4879]],[[4880]],[[4881]],[[4882]],[[4883]],[[4884]],[[4885]],[[4886]],[[4887]],[[4888]],[[4889]],[[4890]],[[4891]],[[4892]],[[4893]],[[4894]],[[4895]],[[4896]],[[4897]]],"type":"MultiPolygon","properties":{"ADM3_EN":"Pura","area_sqm":60337.307,"area_ha":6.034}},{"arcs":[[[-3509,4901]],[[-3515,-4664,4904]],[[-3517,4905]],[[-3519,4906]],[[-4706,4909,-4708,4910]],[[-4741,4913]],[[-4746,4914,-4751,4915,-4753,4916]],[[-4788,4918]],[[4923]],[[4924]],[[4925]],[[4926]],[[4927]],[[4928]],[[4929]],[[4930]],[[4931]],[[4932]],[[4933]],[[4934]],[[4935]],[[4936]],[[4937]],[[4938]],[[4939]],[[4940]],[[4941]],[[4942,4943]],[[4944]],[[4945]],[[4946,4947]],[[4948]],[[4949]],[[4950]],[[4951]],[[4952]],[[4953]],[[4954]],[[4955]],[[4956]],[[4957]],[[4958]],[[4959]],[[4960]],[[4961]],[[4962]],[[4963]],[[4964]],[[4965]],[[4966]],[[4967]],[[4968]],[[4969]],[[4970]],[[4971]],[[4972]],[[4973]],[[4974]],[[4975]],[[4976]],[[4977]],[[4978]],[[4979]]],"type":"MultiPolygon","properties":{"ADM3_EN":"Ramos","area_sqm":105659.81,"area_ha":10.566}},{"arcs":[[[-1151,4980]],[[-1270,4981,4982]],[[-1273,4983]],[[-1325,4984,-1331,4985]],[[-1510,4986]],[[-4292,4988]],[[4989]],[[4990]],[[4991]],[[4992]],[[4993]],[[4994]],[[4995]],[[4996]],[[4997]],[[4998]],[[4999]],[[5000]],[[5001]],[[5002]],[[5003]],[[5004]],[[5005]],[[5006]],[[5007]],[[5008]],[[5009]],[[5010]],[[5011,5012]],[[5013]],[[5014]],[[5017,5018]],[[5019]],[[5020]],[[5021]],[[5022]],[[5023]],[[5024]],[[5025]],[[5026]],[[5027]],[[5028]],[[5029]],[[5030]],[[5031]],[[5032]],[[5033]],[[5034]],[[5035]],[[5036]],[[5037]],[[5038]],[[5039]],[[5040]],[[5041]],[[5042]],[[5043]],[[5044]],[[5045]],[[5046]],[[5047]],[[5048]],[[5049]],[[5050]],[[5051]],[[5052]],[[5053]],[[5054]],[[5055]],[[5056]],[[5057]],[[5058]],[[5059]],[[5060],[5061]],[[5062,5063,5064]],[[5065,5066,5067]],[[5068]],[[5069]],[[5070]],[[5073,5074,5075,5076,5077],[5071,5072]],[[5078]],[[5079]],[[5080]],[[5081]],[[5082]],[[5083]],[[5084,5085,5086,5087,5088],[5089]],[[5090]],[[5091]],[[5092]],[[5093,5094,5095,5096,5097]],[[5098]],[[5099]],[[5100]],[[5101]],[[5102]],[[5103]],[[5105],[5104]],[[5106]],[[5107]],[[5108]],[[5109]],[[5110]],[[5111]],[[5112]],[[5113]],[[5114]],[[5115]],[[5116]],[[5117]],[[5118]],[[5119]],[[5120]],[[5121]],[[5122,5123]],[[5124]],[[5125]],[[5126]],[[5127]],[[5128]],[[5129]],[[5130]],[[5131]],[[5132]],[[5133]],[[5134]],[[5135]],[[5136]],[[5137]],[[5138]],[[5139]],[[5140]],[[5141]],[[5142]],[[5143]],[[5144]],[[5145]],[[5146]],[[5147]],[[5148]],[[5149]],[[5150]],[[5151]],[[5152]],[[5153]],[[5154,5155]],[[5156]],[[5157]],[[5158]],[[5159]],[[5160]],[[5161]],[[5162,5163,5164,5165,5166,5167],[5168]],[[5169]],[[5170]],[[5172],[5171]],[[5173]],[[5174]],[[5175]],[[5176]],[[5177]],[[5178]],[[5179]],[[5180]],[[5181,5182,5183]],[[5184]],[[5185,5186]],[[5187]],[[5188]],[[5189]],[[5190,5191,5192]],[[5193]],[[5194,5195,5196,5197]],[[5198]],[[5199]],[[5200]],[[5201]],[[5202]],[[5203]],[[5204]],[[5205]],[[5206]],[[5207]],[[5208]],[[5209]],[[5210]],[[5211]],[[5212]],[[5213]],[[5214]],[[5215]],[[5216]],[[5217,5218]],[[5219,5220]],[[5221]],[[5222]],[[5223]],[[5224]],[[5225]],[[5226]],[[5227]],[[5228]],[[5229]],[[5230]],[[5231]],[[5232]],[[5233]],[[5234]],[[5235]],[[5236]],[[5237]],[[5238]],[[5239]],[[5240]],[[5241]],[[5242]],[[5243]],[[5244]],[[5245]],[[5246]],[[5247]],[[5248]],[[5249]],[[5250]],[[5251]],[[5252]],[[5253]],[[5254]],[[5255]],[[5256]],[[5257]],[[5258]],[[5259]],[[5260]],[[5261]],[[5262,5263]],[[5264]],[[5265]],[[5266,5267,5268]],[[5269,5270]],[[5271]],[[5272,5273,5274]],[[5277]],[[5278]],[[5279]],[[5280]],[[5281,5282,5283]],[[5284]],[[5285,5286,5287,5288,5289,5290],[5291],[5292]],[[5293]],[[5294]],[[5295,5296]],[[5297]],[[5298]],[[5299]],[[5300]],[[5301]],[[5302]],[[5303]],[[5304,5305],[5308],[5309],[5310]],[[5311]],[[5312]],[[5313]],[[5314]],[[5315]],[[5316]],[[5317]],[[5318]],[[5319,5320]],[[5321,5322]],[[5323]],[[5324]],[[5325]],[[5326]],[[5327]],[[5328]],[[5329]],[[5330]],[[5331]],[[5332]],[[5333]],[[5334]],[[5335]],[[5336]],[[5337]],[[5338]],[[5339]],[[5340,5341]],[[5342]],[[5343]],[[5344]],[[5345],[5346]],[[5347]],[[5348]],[[5349]],[[5350]],[[5351]],[[5352]],[[5353]],[[5354]],[[5355]],[[5356]],[[5357]],[[5358]],[[5359]]],"type":"MultiPolygon","properties":{"ADM3_EN":"San Clemente","area_sqm":784761.451,"area_ha":78.476}},{"arcs":[[[5360]],[[5361]],[[5362]],[[5363]],[[5364]],[[5365]],[[5366]],[[5367]],[[5368]],[[5369]],[[5370]],[[5371]],[[5372]],[[5373]],[[5374]],[[5375]],[[5376]],[[5377]],[[5378]],[[5379]],[[5380]],[[5381]],[[5382]],[[5383]],[[5385],[5384]],[[5386]],[[5387]],[[5388]],[[5389]],[[5390]],[[5391]],[[5392]],[[5393]],[[5394]],[[5395]],[[5396]],[[5397]]],"type":"MultiPolygon","properties":{"ADM3_EN":"San Manuel","area_sqm":70457.756,"area_ha":7.046}},{"arcs":[[[5398,-997,5399,-1004,5400]],[[-999,5401,5402,5403,5404,5405,5406,5407,-1011,5408,-1009,5409],[5936],[5937]],[[-1021,5411,-1050,5412,-1048,5413,-1046,5414,-1034,5415,-1037,5416,5417,5418],[5952]],[[-1023,5419,5420,-1025,5421]],[[-1044,5423,5424,5425,5426]],[[-1053,5427,-1062,5428,-1060,5429,5430,5431]],[[-1056,5432]],[[-1065,5434]],[[-1071,5437]],[[-1081,5438,-1126,5439,-1124,5440]],[[-1096,5441,-1118,5442,-1129,5443,-1120,5444]],[[-1114,5445,5446,-1116,5447]],[[-1141,5449,-1143,5450]],[[-1155,5451]],[[-1337,5456,5457,-1338,5458]],[[-1343,5459,5460]],[[-1357,5461]],[[-1368,5462,-1372,5463,5464]],[[-3357,5465]],[[-3829,5466,5467]],[[-4001,5469]],[[-4246,5471]],[[5472,5473,5474,5475]],[[5476,5477]],[[5478]],[[5479]],[[5480]],[[5481]],[[5482]],[[5483]],[[5486]],[[5487]],[[5488]],[[5489]],[[5490]],[[5491]],[[5492]],[[5493]],[[5494,5495]],[[5496,5497]],[[5498]],[[5501,5502]],[[5503]],[[5504]],[[5505]],[[5506]],[[5507]],[[5508]],[[5509]],[[5510]],[[5511]],[[5512]],[[5513]],[[5514]],[[5515,5516]],[[5517,5518,5519]],[[5520]],[[5521]],[[5522]],[[5523]],[[5524]],[[5525]],[[5526,5527]],[[5528]],[[5529,5530],[5531]],[[5532]],[[5533]],[[5534]],[[5535]],[[5536,5537,5538,5539,5540,5541],[5542,5543],[5544],[5545,5546,5547],[5548]],[[5549]],[[5550]],[[5551]],[[5552]],[[5553]],[[5554]],[[5555]],[[5556]],[[5557]],[[5558]],[[5559]],[[5560]],[[5561]],[[5562]],[[5563]],[[5564]],[[5565]],[[5568]],[[5573]],[[5576]],[[5577,5578,5579,5580,5581]],[[5582]],[[5585,5586,5587],[5588]],[[5589,5590]],[[5591,5592,5593,5594]],[[5595,5596,5597,5598]],[[5599]],[[5600]],[[5601]],[[5602]],[[5603]],[[5604]],[[5605]],[[5606]],[[5607]],[[5608]],[[5609]],[[5610]],[[5611]],[[5612]],[[5613]],[[5614]],[[5615]],[[5616]],[[5617]],[[5618]],[[5619]],[[5620]],[[5621]],[[5622]],[[5623]],[[5624]],[[5625]],[[5626,5627],[5628]],[[5629]],[[5630]],[[5631]],[[5632]],[[5633]],[[5634]],[[5635]],[[5636]],[[5637]],[[5638]],[[5639]],[[5640]],[[5641]],[[5642]],[[5643]],[[5644]],[[5645]],[[5646]],[[5647]],[[5648]],[[5649]],[[5650]],[[5651,5652]],[[5655]],[[5656]],[[5657]],[[5658]],[[5659]],[[5660]],[[5661]],[[5662]],[[5663]],[[5664]],[[5665]],[[5666]],[[5667]],[[5668]],[[5669]],[[5670]],[[5671]],[[5672]],[[5673]],[[5674]],[[5675]],[[5676]],[[5677]],[[5678]],[[5679]],[[5680]],[[5681]],[[5682]],[[5683]],[[5684]],[[5685]],[[5686]],[[5687]],[[5688]],[[5689]],[[5690]],[[5691]],[[5692]],[[5693]],[[5694]],[[5695]],[[5696]],[[5697]],[[5698]],[[5699]],[[5700]],[[5701]],[[5702]],[[5703]],[[5704]],[[5705]],[[5706]],[[5707]],[[5708]],[[5709]],[[5710]],[[5711]],[[5712]],[[5713]],[[5714]],[[5715]],[[5716]],[[5717]],[[5718]],[[5719]],[[5720]],[[5721]],[[5722]],[[5723]],[[5724]],[[5725]],[[5726]],[[5727]],[[5728]],[[5729]],[[5730]],[[5731]],[[5732]],[[5733]],[[5734]],[[5735]],[[5736]],[[5737]],[[5738]],[[5739]],[[5740]],[[5741]],[[5742]],[[5743]],[[5744,5745,5746]],[[5747]],[[5748]],[[5749]],[[5750]],[[5751]],[[5752]],[[5753]],[[5754]],[[5755,5756]],[[5757,5758]],[[5759]],[[5760]],[[5761]],[[5762]],[[5763]],[[5764]],[[5765]],[[5766]],[[5767]],[[5768]],[[5769]],[[5770]],[[5771]],[[5772]],[[5773]],[[5774]],[[5775]],[[5776]],[[5777]],[[5778]],[[5779]],[[5780]],[[5781]],[[5782]],[[5783]],[[5784]],[[5785]],[[5786]],[[5787]],[[5788]],[[5789]],[[5790]],[[5791]],[[5792,5793]],[[5794]],[[5795]],[[5796,5797]],[[5798]],[[5799]],[[5800]],[[5801]],[[5802]],[[5803]],[[5804]],[[5805]],[[5806]],[[5807]],[[5808]],[[5809]],[[5810]],[[5811]],[[5812]],[[5813]],[[5814,5815]],[[5816]],[[5817,5818,5819]],[[5820]],[[5821]],[[5822]],[[5823]],[[5824]],[[5825]],[[5826]],[[5827]],[[5828]],[[5829]],[[5830]],[[5831]],[[5832]],[[5833]],[[5834]],[[5835]],[[5836]],[[5837]],[[5838]],[[5839]],[[5840]],[[5841]],[[5842]],[[5843]],[[5844]],[[5845]],[[5846]],[[5847]],[[5848]],[[5849]],[[5850]],[[5851]],[[5852]],[[5853]],[[5854]],[[5855]],[[5856]],[[5857]],[[5858,5859,5860,5861],[5862],[5865]],[[5866]],[[5867]],[[5868]],[[5869]],[[5870]],[[5871]],[[5872]],[[5873]],[[5874]],[[5875]],[[5876]],[[5877]],[[5878]],[[5879]],[[5880]],[[5881]],[[5882]],[[5883]],[[5884]],[[5885]],[[5886]],[[5887]],[[5888]],[[5889]],[[5890]],[[5891]],[[5892]],[[5893]],[[5894]],[[5895]],[[5896]],[[5897]],[[5898]],[[5899,5900]],[[5901]],[[5902]],[[5903]],[[5904]],[[5905]],[[5906]],[[5907]],[[5908]],[[5909]],[[5910]],[[5911]],[[5915,5916,5917],[5914]],[[5921],[5918,5919,5920]],[[5922]],[[5923]],[[5924]],[[5925,5926,5927]],[[5928]],[[5929]],[[5930]],[[5931]],[[5938]],[[5939]],[[5940]],[[5941]],[[5942,5943],[5944]],[[5945]],[[5946]],[[5947]],[[5948]],[[5949]],[[5950]],[[5951]],[[5953]],[[5954]],[[5955]],[[5956]],[[5957]],[[5958]],[[5959]],[[5960]],[[5961]],[[5962]],[[5963]],[[5964]],[[5965]],[[5966,5967]],[[5968]],[[5969]],[[5970]],[[5971]],[[5972]],[[5973]],[[5974]],[[5975]],[[5976]],[[5977]],[[5978]],[[5979]],[[5980]],[[5981]],[[5982]],[[5983]],[[5984]],[[5985]],[[5986]],[[5987]],[[5988]],[[5989]],[[5990]],[[5991]],[[5992]],[[5993]],[[5994]],[[5995]],[[5996]],[[5997]],[[5998]],[[5999]],[[6000]],[[6001]],[[6002]],[[6003]],[[6004]],[[6005]],[[6006]],[[6007]],[[6008]],[[6009]],[[6010]],[[6011]],[[6012]],[[6013]],[[6014]],[[6015]],[[6016]],[[6017]],[[6018]],[[6019]],[[6020],[6021]],[[6022]],[[6023]],[[6024]],[[6025]],[[6026]],[[6027]],[[6028]],[[6029]],[[6030]],[[6031]],[[6032]],[[6034],[6033]],[[6035]],[[6036]],[[6037]],[[6038]],[[6039]],[[6040]],[[6041]],[[6042,6043,6044]]],"type":"MultiPolygon","properties":{"ADM3_EN":"Santa Ignacia","area_sqm":1284980.996,"area_ha":128.498}},{"arcs":[[[-3115,6047]],[[-3137,6052,-3146,6053,-3142,6054,-3140,6055]],[[-3182,6061]],[[-3190,6063,-3198,6064,-3193,6065]],[[-3195,6066]],[[-3206,6067,-3213,6068,-3215,6069,-3224,6070,6071,-3230,6072]],[[-3232,6074]],[[-3250,6079,-3263,6080,-3257,-3256,6081,-3252,6082]],[[-3254,6083]],[[-3274,6086]],[[-3280,6087,-3293,6088]],[[-3285,6091,-3296,6092]],[[6096]],[[6097]],[[6098]],[[6099]],[[6100]],[[6101]],[[6102]],[[6103]],[[6104]],[[6105]],[[6106]],[[6107]],[[6108]],[[6109]],[[6110]],[[6111]],[[6112]],[[6113]],[[6114]],[[6115,6116]],[[6117]],[[6118,6119]],[[6120]],[[6121]],[[6122]],[[6123,6124,6125]],[[6126]],[[6127]],[[6128]],[[6129]],[[6130]],[[6131]],[[6132]],[[6134],[6133]],[[6135]],[[6136]],[[6137,6138]],[[6139]],[[6140,6141,6142]],[[6143,6144]],[[6145]],[[6146]],[[6147]],[[6148]],[[6149]],[[6150]],[[6151]],[[6152]],[[6153]],[[6154]],[[6155]],[[6156]],[[6157]],[[6158]],[[6159]],[[6160]],[[6161]],[[6162]],[[6163]],[[6164,6165]],[[6166]],[[6167]],[[6168,6169]],[[6170]],[[6171]],[[6172]],[[6173]],[[6174]],[[6175]],[[6176,6177]],[[6178]],[[6179]],[[6180]],[[6181]],[[6185],[6184]],[[6186]],[[6187]],[[6188]],[[6189]],[[6190]],[[6191]],[[6192,6193,6194]],[[6195]],[[6196]],[[6197]],[[6198]],[[6199]],[[6200]],[[6201]],[[6202]],[[6203]],[[6204,6205,6206,6207,6208,6209]],[[6210]],[[6211]],[[6212]],[[6213]],[[6214]],[[6215]],[[6216]],[[6217]],[[6218]],[[6219]],[[6220]],[[6221]],[[6222]],[[6223]],[[6224]],[[6225]],[[6226]],[[6227]],[[6228]],[[6229]],[[6230]],[[6231,6232]],[[6233]],[[6234]],[[6235]],[[6236]],[[6237]],[[6238]],[[6239]],[[6242]],[[6243]],[[6244]],[[6245]],[[6246]],[[6247,6248]],[[6249]],[[6250]],[[6253]],[[6254]],[[6255]],[[6256]],[[6257]],[[6258]],[[6259]],[[6260]],[[6261]],[[6262]],[[6263]],[[6264]],[[6265]],[[6266]],[[6267]],[[6268]],[[6269]],[[6270]],[[6271]],[[6272]],[[6273]],[[6274]],[[6275]],[[6276]],[[6277]],[[6278]],[[6279]],[[6280]],[[6281]],[[6282]],[[6283]],[[6284]],[[6285]],[[6286]],[[6287]],[[6288]],[[6289]],[[6290]],[[6291]],[[6292]],[[6293]],[[6294]],[[6295]],[[6296]],[[6297]],[[6298]],[[6299,6300]],[[6301,6302]],[[6303]],[[6304]],[[6305,6306]],[[6307,6308,6309]],[[6310]],[[6311]],[[6312]],[[6313]],[[6314]],[[6315]],[[6316]],[[6317]],[[6318]],[[6319,6320]],[[6321]],[[6322,6323]],[[6324]],[[6325]],[[6326]],[[6327]],[[6328,6329]],[[6330]],[[6331]],[[6332]],[[6333,6334]],[[6335]],[[6336]],[[6337]],[[6338]],[[6339]],[[6340]],[[6341]],[[6342]],[[6343]],[[6344]],[[6345]],[[6346]],[[6347]],[[6348]],[[6349]],[[6350]],[[6351]],[[6352]],[[6353]],[[6354]],[[6355]],[[6356]],[[6357]],[[6358]],[[6359]],[[6360]],[[6361]],[[6362]],[[6363]],[[6364]],[[6365]],[[6366]],[[6367]],[[6368]],[[6369]],[[6370]],[[6371]],[[6372]],[[6373]],[[6374]],[[6375,6376]],[[6377,6378,6379]],[[6381],[6380]],[[6382]],[[6383]],[[6384]],[[6385]],[[6386]],[[6387]],[[6388]],[[6389]],[[6390]],[[6391]],[[6392]],[[6393]],[[6394]],[[6395,6396,6397,6398]],[[6399]],[[6400]],[[6401]],[[6402]],[[6403]],[[6404]],[[6405]],[[6406]]],"type":"MultiPolygon","properties":{"ADM3_EN":"City of Tarlac (Capital)","area_sqm":582927.944,"area_ha":58.293}},{"arcs":[[[-6396,6409,-6398,6410]],[[6411]],[[6412]],[[6413]],[[6414]],[[6415]],[[6416]],[[6417]],[[6418]],[[6419]],[[6420]],[[6421]],[[6422]],[[6423]],[[6424]],[[6425]],[[6426]],[[6427]],[[6428]],[[6429]],[[6430]],[[6431]],[[6432]],[[6433]],[[6434]],[[6435]],[[6436]],[[6437]],[[6438]],[[6439]],[[6440]],[[6441]],[[6442]],[[6443]],[[6444]],[[6445]],[[6446]],[[6447]],[[6448]],[[6449]],[[6450,6451]],[[6452]],[[6453]],[[6454]],[[6455]],[[6456]],[[6457]],[[6458]],[[6459]],[[6460]],[[6461]],[[6462]],[[6463]],[[6464]],[[6465]],[[6466]],[[6467]]],"type":"MultiPolygon","properties":{"ADM3_EN":"Victoria","area_sqm":91282.138,"area_ha":9.128}},{"arcs":[[[-2597,6468]],[[-3003,6472]],[[-3031,6473,-3033,6474]],[[-3040,6475]],[[-3046,6477]],[[-3559,6478]],[[-3564,6480,-3566,6481]],[[-3569,6482]],[[-3580,6483]],[[-5477,6486]],[[-5485,6487]],[[-5495,6488]],[[-5497,6489]],[[-5500,6490]],[[-5567,6492,-5570,6493]],[[-5572,6494,-5575,6495,6496]],[[-5579,6497,6498]],[[-5584,6500]],[[-5590,6501,6502,6503]],[[-5592,6504,-5594,6505]],[[-5598,6507]],[[-6142,6508]],[[-6209,6511,6512]],[[-6241,6513]],[[-6248,6514]],[[6516]],[[6517]],[[6518]],[[6519]],[[6520,6521]],[[6522]],[[6523]],[[6524]],[[6525]],[[6526]],[[6527]],[[6528,6529]],[[6534]],[[6535]],[[6536]],[[6537]],[[6538]],[[6539]],[[6540]],[[6541]],[[6542]],[[6543]],[[6544]],[[6545]],[[6546]],[[6547]],[[6548]],[[6549]],[[6550]],[[6551]],[[6552]],[[6553]],[[6554]],[[6555]],[[6556]],[[6557]],[[6558]],[[6559]],[[6560]],[[6561]],[[6562]],[[6563]],[[6564]],[[6565]],[[6566]],[[6567]],[[6568]],[[6569]],[[6570]],[[6571]],[[6572]],[[6573]],[[6574]],[[6575]],[[6576]],[[6577]],[[6578]],[[6579]],[[6580]],[[6581]],[[6582]],[[6583]],[[6584]],[[6585]],[[6586]],[[6587]],[[6588]],[[6589]],[[6590]],[[6591]],[[6592]],[[6593]],[[6594]],[[6595]],[[6596]],[[6597]],[[6598]],[[6599]],[[6600]],[[6601]],[[6602]],[[6603]],[[6604]],[[6605]],[[6606]],[[6607]],[[6608]],[[6609]],[[6610]],[[6611]],[[6612]],[[6613]],[[6614]],[[6615]],[[6616]],[[6617]],[[6618]],[[6619]],[[6621,6622],[6620]],[[6623]],[[6624]],[[6625]],[[6626]],[[6627]],[[6628,6629]],[[6630]],[[6631]],[[6632]],[[6633]],[[6634]],[[6635]],[[6636]],[[6637]],[[6638]],[[6639]],[[6640]],[[6641]],[[6642,6643,6644]],[[6645]],[[6646]],[[6647]],[[6648]],[[6649]],[[6650]],[[6651]],[[6652,6653,6654,6655]],[[6656]],[[6657]],[[6658]],[[6659]],[[6660,6661]],[[6662]],[[6663]],[[6664]],[[6665,6666]],[[6667]],[[6668]],[[6669]],[[6670]],[[6671]],[[6672]],[[6673]],[[6674]],[[6675]],[[6676]],[[6677]],[[6678]],[[6679]],[[6680]],[[6681]],[[6682]],[[6683]],[[6684,6685]],[[6686]],[[6687]],[[6688]],[[6689]],[[6690]],[[6691]],[[6692]],[[6693]],[[6694]],[[6695]],[[6696]],[[6697]],[[6698]],[[6699]],[[6700]],[[6701]],[[6702]],[[6703]],[[6704]],[[6705]],[[6706]],[[6707]],[[6708]],[[6709]],[[6710]],[[6711]],[[6712]],[[6713]],[[6714]],[[6715]],[[6716]],[[6717]],[[6718]],[[6719]],[[6720,6721]],[[6722]],[[6723]],[[6724]],[[6725]],[[6726]],[[6727,6728]],[[6729,6730]],[[6731]],[[6732]],[[6733]],[[6734]],[[6735]],[[6736,6737]],[[6738]],[[6739,6740,6741]],[[6742]],[[6743]],[[6744]],[[6745]],[[6746]],[[6747]],[[6748]],[[6749]],[[6750]],[[6751]],[[6752]],[[6753]],[[6754]],[[6755]],[[6756]],[[6757]],[[6758]],[[6759]],[[6760]],[[6761]],[[6762]],[[6763]],[[6764]],[[6765]],[[6766]],[[6767]],[[6768]],[[6769]],[[6770]],[[6771]],[[6772]],[[6773]],[[6774]],[[6775]],[[6776]],[[6777]],[[6778]],[[6779]],[[6780]],[[6781]],[[6782]],[[6783]],[[6784]],[[6785]],[[6786]],[[6787]],[[6788]],[[6789]],[[6790]],[[6791]],[[6792]],[[6793]],[[6794]],[[6795]],[[6796]],[[6797]],[[6798]],[[6799]],[[6800]],[[6801]],[[6802]],[[6803]],[[6804]],[[6805]],[[6806]],[[6807,6808]],[[6811]],[[6812]],[[6813]],[[6814]],[[6815]],[[6816]],[[6818],[6817]],[[6819]],[[6820]],[[6821]],[[6822]],[[6823]],[[6824]],[[6825]],[[6826]],[[6827]],[[6828]],[[6829]],[[6830]],[[6831]],[[6832]],[[6833]],[[6834]],[[6835]],[[6836]],[[6837]],[[6838]],[[6839]],[[6840]],[[6841]],[[6842]],[[6843]],[[6844]],[[6845]],[[6846]],[[6847]],[[6848,6849]],[[6850]],[[6851]],[[6852]],[[6853]],[[6854]],[[6855,6856]],[[6857]],[[6858]],[[6859]],[[6860]],[[6861]],[[6862]],[[6863]],[[6864]],[[6865]],[[6866]],[[6869]],[[6870]],[[6871]],[[6872]],[[6873]],[[6874]],[[6875]],[[6876]],[[6877,6878]],[[6879]],[[6880]],[[6881]],[[6882,6883,6884,6885]],[[6888]],[[6889]],[[6890,6891]],[[6892]],[[6893]],[[6894]],[[6895]],[[6896]],[[6897]],[[6898]],[[6899]],[[6900]],[[6901]],[[6902]],[[6903]],[[6904]],[[6905]],[[6906]],[[6907,6908,6909,6910,6911,6912]],[[6913,6914]],[[6915]],[[6916]],[[6917]],[[6918]],[[6919]],[[6920]],[[6921]],[[6922]],[[6923]],[[6924]],[[6927,6928,6929,6930],[6933]],[[6934]],[[6935]],[[6936]],[[6937]],[[6938,6939]],[[6940]],[[6941]],[[6942]],[[6943]],[[6944]],[[6945]],[[6946]],[[6947]],[[6948]],[[6949]],[[6950]],[[6954,6955,6956,6957,6958,6959],[6953],[6962]],[[6963]],[[6964]],[[6965,6966]],[[6967]],[[6968]],[[6969]],[[6970]],[[6971]],[[6972]],[[6973]],[[6974]],[[6975]],[[6976]],[[6977]],[[6978]],[[6979,6980]],[[6981,6982,6983,6984,6985],[6986],[6987]],[[6988]],[[6989]],[[6990]],[[6991]],[[6992]],[[6993]],[[6994]],[[6995]],[[6996]],[[6997]],[[6998]],[[6999,7000],[7001,7002]],[[7003]],[[7004]],[[7005]],[[7006]],[[7007]],[[7008]],[[7009]],[[7010]],[[7011]],[[7012]],[[7013]],[[7014]],[[7015]],[[7016]],[[7017]],[[7018]],[[7019]],[[7020]],[[7021]],[[7022]],[[7023]],[[7024]],[[7025]],[[7028]],[[7029]],[[7030]],[[7031]],[[7032]],[[7033]],[[7034,7035,7036]],[[7037]],[[7038]],[[7039]],[[7040]],[[7041]],[[7042]],[[7043]],[[7044]],[[7045,7046]],[[7047]],[[7048]],[[7049]],[[7050]],[[7051]],[[7052]],[[7053]],[[7054]],[[7055]],[[7056]],[[7057]],[[7058]],[[7059]],[[7060]],[[7061]],[[7062,7063,7064,7065,7066]],[[7067]],[[7068]],[[7069]],[[7070]],[[7071]],[[7072,7073]],[[7074]],[[7075]],[[7076]],[[7077]],[[7078]],[[7079]],[[7080]],[[7081]],[[7082]],[[7083]],[[7084]],[[7085]],[[7086]],[[7087]],[[7088]],[[7089]],[[7090]],[[7091]],[[7092]],[[7093,7094],[7095],[7096]],[[7097]],[[7098]],[[7099]],[[7100]],[[7101]],[[7102]],[[7103]],[[7104]],[[7105]],[[7106]],[[7107]],[[7108]],[[7109]],[[7110]],[[7111]],[[7112]],[[7113]],[[7114]],[[7115]],[[7116]],[[7117,7118,7119,7120,7121]],[[7122]],[[7123]],[[7124]],[[7125]],[[7126]],[[7127]],[[7128]],[[7129]],[[7130]],[[7131]],[[7132]],[[7133]],[[7134]],[[7135]],[[7136]],[[7137]],[[7138]],[[7139]],[[7140]],[[7141]],[[7142]],[[7143]],[[7144,7145,7146]],[[7147,7148]],[[7149]],[[7150]],[[7151]],[[7152]],[[7153]],[[7154]],[[7155]],[[7156]],[[7157]],[[7158]],[[7159]],[[7160]],[[7161]],[[7162]],[[7163]],[[7164]],[[7165]],[[7166]],[[7167,7168]],[[7169,7170]],[[7171]],[[7172]],[[7173]],[[7174]],[[7175]],[[7176]],[[7177],[7178]],[[7179]],[[7180]],[[7181]],[[7182]],[[7183]],[[7184]],[[7185]],[[7186]],[[7187]],[[7188]],[[7189]],[[7190,7191,7192,7193]],[[7194]],[[7195]],[[7196]],[[7197]],[[7198]],[[7199]],[[7200]],[[7201]],[[7202]],[[7203]],[[7204]],[[7205]],[[7206]],[[7207]],[[7208]],[[7209],[7210]],[[7211]],[[7212]],[[7213]],[[7214]],[[7215]],[[7216]],[[7217]],[[7218]],[[7219]],[[7220]],[[7221]],[[7222]],[[7223]],[[7224]],[[7225]],[[7226]],[[7227]],[[7228]],[[7229]],[[7230]],[[7231]],[[7232,7233]],[[7234]],[[7236],[7235]],[[7237]],[[7238]],[[7239,7240],[7241]],[[7242]],[[7243]],[[7244]],[[7245]],[[7246]],[[7247]],[[7248]],[[7249]],[[7250]],[[7251]],[[7252]],[[7253]],[[7254]],[[7255]],[[7256]],[[7257]],[[7258]],[[7259]],[[7260]],[[7261]],[[7264,7265]],[[7266]],[[7267]],[[7268]],[[7269,7270]],[[7271,7272,7273]],[[7274]],[[7275]],[[7276]],[[7277]],[[7278]],[[7279]],[[7280]],[[7281]],[[7282]],[[7283]],[[7284]],[[7285]],[[7286]],[[7287]],[[7288]],[[7289]],[[7290]],[[7291,7292]],[[7293]],[[7294]],[[7295]],[[7296]],[[7297]],[[7298]],[[7299]],[[7300]],[[7301]],[[7302]],[[7303]],[[7304]],[[7305]],[[7306]],[[7307]],[[7308]],[[7309]],[[7310]],[[7311]],[[7312]],[[7313]],[[7314]],[[7315]],[[7316],[7317]],[[7318]],[[7319]],[[7320]],[[7321]],[[7322]],[[7323]],[[7324]],[[7325]],[[7326]],[[7327]],[[7328]],[[7329]],[[7330]],[[7331]],[[7332,7333,7334,7335,7336,7337,7338,7339,7340],[7343,7344],[7345],[7346],[7347]],[[7348]],[[7349]],[[7350]],[[7351]],[[7352]],[[7353]],[[7354]],[[7355]],[[7356]],[[7357]],[[7358]],[[7359]],[[7360]],[[7361]],[[7362]],[[7363]],[[7364]],[[7365]],[[7366]],[[7367]],[[7368]],[[7369]],[[7370]],[[7371,7372]],[[7373,7374,7375]],[[7376,7377]],[[7378]],[[7379]],[[7380]],[[7381]],[[7382]],[[7383]],[[7384]],[[7387]],[[7388]],[[7389]],[[7390]],[[7391]],[[7392]],[[7393]],[[7394,7395]],[[7396]],[[7397]],[[7398]],[[7399]],[[7400]],[[7401]],[[7402]],[[7403]],[[7404]],[[7405]],[[7406]],[[7407]],[[7408]],[[7409]],[[7410]],[[7411]],[[7412],[7413]],[[7414]],[[7415]],[[7416]],[[7417]],[[7418]],[[7419]],[[7420]],[[7421]],[[7422],[7423]],[[7424]],[[7425]],[[7426]],[[7427]],[[7428]],[[7429]],[[7430]],[[7431]],[[7432]],[[7433]],[[7434]],[[7435]],[[7436]],[[7437]],[[7438]],[[7439]],[[7440]],[[7441]],[[7442]],[[7443]],[[7444]],[[7445]],[[7446]],[[7447]],[[7448]],[[7449]],[[7450]],[[7451]],[[7452]],[[7453]],[[7454]],[[7455]],[[7456]],[[7457]],[[7458]],[[7459]],[[7460]],[[7461]],[[7462]],[[7463]],[[7464]],[[7465]],[[7466]],[[7467]],[[7468]],[[7469]],[[7470]],[[7471]],[[7472]],[[7473]],[[7474]],[[7475]],[[7476]],[[7477]],[[7478]],[[7479]],[[7480]],[[7481]],[[7482]],[[7483]],[[7484]],[[7485]],[[7486]],[[7487]],[[7488]],[[7489]],[[7490]],[[7491]],[[7492,7493],[7494],[7495]],[[7496]],[[7497]],[[7498]],[[7499]],[[7500]],[[7501]],[[7502]],[[7503]],[[7504]],[[7505]],[[7506]],[[7507]],[[7508]],[[7509]],[[7510]],[[7511]],[[7512]],[[7513]],[[7514]],[[7515]],[[7516]],[[7517]],[[7518]],[[7519]],[[7520]],[[7521]],[[7522]],[[7523]],[[7524]],[[7525]],[[7526]],[[7527]],[[7528],[7529]],[[7530]],[[7531]],[[7532]],[[7533]],[[7534]],[[7535]],[[7536]],[[7537,7538]],[[7539]],[[7540]],[[7541]],[[7542]],[[7543]],[[7544,7545]],[[7546]],[[7547]],[[7548]],[[7549]],[[7550]],[[7551]],[[7552]],[[7553]],[[7554]],[[7555,7556]],[[7557,7558]],[[7559]],[[7560]],[[7561]],[[7562]],[[7563]],[[7564]],[[7565]],[[7566]],[[7567]],[[7568]],[[7569]],[[7570]],[[7571]],[[7572]],[[7573]],[[7574]],[[7575]],[[7576]],[[7577]],[[7578]],[[7579]],[[7580]],[[7581]],[[7582]],[[7583]],[[7584]],[[7585]],[[7587],[7586]],[[7588]],[[7589]],[[7590]],[[7591]],[[7592]],[[7593]],[[7594]],[[7595]],[[7596]],[[7597]],[[7598]],[[7599]],[[7600]],[[7601]],[[7602]],[[7603]],[[7604]],[[7605]],[[7606]],[[7607]],[[7608]],[[7609]],[[7610]],[[7611]],[[7612]],[[7613]],[[7614]],[[7615]],[[7616]],[[7617]],[[7618]],[[7619]],[[7620]],[[7621,7622]],[[7623]],[[7624]],[[7625]],[[7626]],[[7629,7630,7631]],[[7632,7633,7634]],[[7635]],[[7636]],[[7637]],[[7638]],[[7639]],[[7640]],[[7641]],[[7642]],[[7643]],[[7644]],[[7645]],[[7646]],[[7647]],[[7648]],[[7649]],[[7650]],[[7651,7652]],[[7653]],[[7654]],[[7655]],[[7656]],[[7657]],[[7658]],[[7659]],[[7660]],[[7661]],[[7662]],[[7663]],[[7664]],[[7665]],[[7666]],[[7667]],[[7668]],[[7669]],[[7670]],[[7671]],[[7672,7673]],[[7674]],[[7675]],[[7676,7677]],[[7678]],[[7679,7680]],[[7681]],[[7682]],[[7683]],[[7684,7685,7686,7687,7688,7689],[7690],[7693],[7694]],[[7695]],[[7696]],[[7697]],[[7698]],[[7699]],[[7700]],[[7701]],[[7702]],[[7703]],[[7704]],[[7705]],[[7706]],[[7707]],[[7708]],[[7709]],[[7710]],[[7711]],[[7712]],[[7713]],[[7714]],[[7715]],[[7716]],[[7717]],[[7718]],[[7719],[7720]],[[7721]],[[7722]],[[7723]],[[7724]],[[7725]],[[7726,7727,7728,7729,7730]],[[7731,7732,7733,7734,7735]],[[7736]],[[7737]],[[7738]],[[7739]],[[7740]],[[7741,7742]],[[7743]],[[7744]],[[7745]],[[7746,7747]],[[7748]],[[7749]],[[7750]],[[7751]],[[7752]],[[7753]],[[7754,7755]],[[7758]],[[7759,7760]],[[7761]],[[7762,7763,7764]],[[7765]],[[7766]],[[7767]],[[7768]],[[7769]],[[7770]],[[7771,7772,7773]],[[7774]],[[7775]],[[7776]],[[7777]],[[7778]],[[7779]],[[7780]],[[7782,7783,7784,7785],[7781],[7786]],[[7787]],[[7788]],[[7789]],[[7790]],[[7791]],[[7792]],[[7793]],[[7794]],[[7795]],[[7796]],[[7797]],[[7798]],[[7799]],[[7800]],[[7801]],[[7802]],[[7803]],[[7804]],[[7805]],[[7806]],[[7807]],[[7808]],[[7809]],[[7810]],[[7811]],[[7812]],[[7813]],[[7814]],[[7815]],[[7816]],[[7817]],[[7818]],[[7819]],[[7820]],[[7821]],[[7822]],[[7823]],[[7824]],[[7825]],[[7826]],[[7827]],[[7828]],[[7829]],[[7830]],[[7831]],[[7832]],[[7833]],[[7834]],[[7835]],[[7836]],[[7837]],[[7838]],[[7839]],[[7840]],[[7841]],[[7842]],[[7843]],[[7844]],[[7845]],[[7846]],[[7847]],[[7848]],[[7849]],[[7850]],[[7851]],[[7852]],[[7853]],[[7854]],[[7855]],[[7856]],[[7857]],[[7858]],[[7859]],[[7860]],[[7861]],[[7862]],[[7863]],[[7864]],[[7865]],[[7866]],[[7867]],[[7868]],[[7869]],[[7870]],[[7871]],[[7872]],[[7873]],[[7874]],[[7875]],[[7876,7877]],[[7878]],[[7879]],[[7880]],[[7881]],[[7882,7883,7884]],[[7885]],[[7886]],[[7887]],[[7888]],[[7889]],[[7890]],[[7891]],[[7892]],[[7893]],[[7896]],[[7897]],[[7898]],[[7899]],[[7900]],[[7901]],[[7902]],[[7903]],[[7904]],[[7905]],[[7906]],[[7907]],[[7908]],[[7909]],[[7910]],[[7911]],[[7912]],[[7913]],[[7914,7915,7916,7917,7918]],[[7919,7920,7921,7922,7923]],[[7924]],[[7925]],[[7926]],[[7927]],[[7928]],[[7929]],[[7930]],[[7931]],[[7932]],[[7933]],[[7934]],[[7935,7936]],[[7937]],[[7938]],[[7939]],[[7940]],[[7941]],[[7942]],[[7943]],[[7944,7945]],[[7946]],[[7947]],[[7948]],[[7949]],[[7950]],[[7951]],[[7952]],[[7953]],[[7954]],[[7955]],[[7956]],[[7957]],[[7958]],[[7959]],[[7960]],[[7961]],[[7962]],[[7963,7964,7965,7966,7967,7968]],[[7974,7975,7976],[7973]],[[7977]],[[7978]],[[7979]],[[7980]],[[7981]],[[7982]],[[7983]],[[7984]],[[7985]],[[7986]],[[7987]],[[7988]],[[7989]],[[7990]],[[7991]],[[7992]],[[7993]],[[7994]],[[7995]],[[7996]],[[7997]],[[7998]],[[7999]],[[8001],[8000]],[[8002]],[[8003]],[[8004,8005,8006]],[[8007]],[[8008]],[[8009]],[[8010]],[[8011]],[[8012]],[[8013]],[[8014,8015]],[[8016]],[[8017]],[[8018,8019,8020]],[[8021]],[[8022]],[[8023,8024,8025]],[[8026]],[[8027]],[[8028]],[[8029]],[[8030]],[[8031]],[[8032]],[[8033]],[[8034]],[[8035]],[[8036]],[[8037]],[[8038]],[[8039]],[[8040]],[[8041]],[[8042]],[[8043]],[[8044]],[[8045]],[[8046]],[[8047]],[[8048]],[[8049]],[[8050]],[[8051]],[[8052]],[[8053,8054]],[[8055]],[[8056]],[[8057]],[[8058]],[[8059]],[[8060]],[[8061]],[[8062]],[[8063]],[[8064]],[[8065]],[[8066]],[[8067]],[[8068]],[[8069]],[[8070]],[[8071]],[[8072]],[[8073]],[[8074]],[[8075]],[[8076]],[[8077]],[[8078]],[[8079,8080]],[[8081]],[[8082]],[[8083]],[[8084]],[[8085]],[[8086]],[[8087]],[[8088]],[[8089]],[[8090]],[[8091]],[[8092]],[[8093]],[[8094]],[[8095]],[[8096]],[[8097,8098]],[[8099]],[[8100]],[[8101]],[[8102]],[[8103]],[[8104]],[[8105]],[[8106]],[[8107]],[[8108]],[[8109]],[[8110]],[[8111]],[[8112]],[[8113]],[[8114]],[[8115]],[[8116]],[[8117]],[[8118]],[[8119]],[[8120]],[[8121]],[[8122]],[[8123]],[[8124]],[[8125]],[[8126]],[[8127]],[[8128]],[[8129]],[[8130]],[[8131]],[[8132]],[[8133]],[[8134]],[[8135]],[[8136]],[[8137]],[[8138]],[[8139]],[[8140]],[[8141]],[[8142]],[[8143]],[[8144]],[[8145,8146]],[[8147]],[[8148]],[[8149]],[[8150]],[[8151]],[[8152]],[[8153]],[[8154]],[[8155]],[[8156]],[[8157]],[[8158]],[[8159]],[[8160]],[[8161]],[[8162]],[[8163]],[[8164]],[[8165]],[[8166]],[[8167]],[[8168]],[[8169,8170],[8171]],[[8172]],[[8173]],[[8174]],[[8175]],[[8176]],[[8177]],[[8178]],[[8179]],[[8180,8181]],[[8182]],[[8183]],[[8184]],[[8185,8186]],[[8187]],[[8188]],[[8189]],[[8190]],[[8191]],[[8192]],[[8193]],[[8194]],[[8195]],[[8196]],[[8197]],[[8198]],[[8199]],[[8200]],[[8201]],[[8202]],[[8203]],[[8204]],[[8205]],[[8206]],[[8207]],[[8208]],[[8209]],[[8210]],[[8211]],[[8212]],[[8213]],[[8214]],[[8215]],[[8216]],[[8217]],[[8218]],[[8219]],[[8220]],[[8221]],[[8222]],[[8223]],[[8224]],[[8225]],[[8226]],[[8227]],[[8228]],[[8229]],[[8230]],[[8231]],[[8232]],[[8233,8234]],[[8235]],[[8236]],[[8237]],[[8238]],[[8239,8240],[8241]],[[8242]],[[8243]],[[8244]],[[8245]],[[8246]],[[8247,8248,8249]],[[8250]],[[8251]],[[8252]],[[8253]],[[8254]],[[8255]],[[8256]],[[8257]],[[8258]],[[8259]],[[8260]],[[8261]],[[8262]],[[8263]],[[8264]],[[8265]],[[8266]],[[8267]],[[8268]],[[8269]],[[8270,8271]],[[8272]],[[8273]],[[8274]],[[8275]],[[8276]],[[8277]],[[8278]],[[8279]],[[8280]],[[8281]],[[8282]],[[8283]],[[8284]],[[8285]],[[8286]],[[8287]],[[8288]],[[8289]],[[8290]],[[8291]],[[8292]],[[8293]],[[8294]],[[8295]],[[8296]],[[8297]],[[8298]],[[8299]],[[8300]],[[8301]],[[8302]],[[8303]],[[8304]],[[8305]],[[8306]],[[8307]],[[8308]],[[8309]],[[8310]],[[8311]],[[8312]],[[8313]],[[8314]],[[8315]],[[8316]],[[8317]],[[8318]],[[8319]],[[8320]],[[8321]],[[8322]],[[8323]],[[8324]],[[8325]],[[8326]],[[8327]],[[8328]],[[8329]],[[8330]],[[8331]],[[8332]],[[8333]],[[8334]],[[8335]],[[8336]],[[8337]],[[8338]],[[8339]],[[8340]],[[8341]],[[8342]],[[8343]],[[8344]],[[8345]],[[8346]],[[8347,8348]],[[8349]],[[8350]],[[8351]],[[8352,8353]],[[8354]],[[8355]],[[8356]],[[8357]],[[8358]],[[8359]],[[8360]],[[8361]],[[8362]],[[8363]],[[8364]],[[8365]],[[8366]],[[8367,8368]],[[8369,8370]],[[8371]],[[8372]],[[8373]],[[8374]],[[8375]],[[8376]],[[8377]],[[8378]],[[8379]],[[8380]],[[8381]],[[8382]],[[8383]],[[8384]],[[8385]],[[8386]],[[8387]],[[8388]],[[8389]],[[8390]],[[8391]],[[8392]],[[8393]],[[8394]],[[8395]],[[8396]]],"type":"MultiPolygon","properties":{"ADM3_EN":"San Jose","area_sqm":4097396.168,"area_ha":409.74}}]}}}